sample_index,time_s,s1_amplitude,s2_amplitude,s3_amplitude,s4_amplitude
0,0.0,0.0,0.0,0.0,0.0
1,2e-06,0.0,0.0,0.0,0.0
2,4e-06,0.0,0.0,0.0,0.0
3,6e-06,0.0,0.0,0.0,0.0
4,8e-06,0.0,0.0,0.0,0.0
5,1e-05,0.0,0.0,0.0,0.0
6,1.2e-05,0.0,0.0,0.0,0.0
7,1.4e-05,0.0,0.0,0.0,0.0
8,1.6e-05,0.0,0.0,0.0,0.0
9,1.8e-05,0.0,0.0,0.0,0.0
10,2e-05,0.0,0.0,0.0,0.0
11,2.2e-05,0.0,0.0,0.0,0.0
12,2.4e-05,0.0,0.0,0.0,0.0
13,2.6e-05,0.0,0.0,0.0,0.0
14,2.8e-05,0.0,0.0,0.0,0.0
15,3e-05,0.0,0.0,0.0,0.0
16,3.2e-05,0.0,0.0,0.0,0.0
17,3.4e-05,0.0,0.0,0.0,0.0
18,3.6e-05,0.0,0.0,0.0,0.0
19,3.8e-05,0.0,0.0,0.0,0.0
20,4e-05,0.0,0.0,0.0,0.0
21,4.2e-05,0.0,0.0,0.0,0.0
22,4.4e-05,0.0,0.0,0.0,0.0
23,4.6e-05,0.0,0.0,0.0,0.0
24,4.8e-05,0.0,0.0,0.0,0.0
25,5e-05,0.0,0.0,0.0,0.0
26,5.2e-05,0.0,0.0,0.0,0.0
27,5.4e-05,0.0,0.0,0.0,0.0
28,5.6e-05,0.0,0.0,0.0,0.0
29,5.8e-05,0.0,0.0,0.0,0.0
30,6e-05,0.0,0.0,0.0,0.0
31,6.2e-05,0.0,0.0,0.0,0.0
32,6.4e-05,0.0,0.0,0.0,0.0
33,6.6e-05,0.0,0.0,0.0,0.0
34,6.8e-05,0.0,0.0,0.0,0.0
35,7e-05,0.0,0.0,0.0,0.0
36,7.2e-05,0.0,0.0,0.0,0.0
37,7.4e-05,0.0,0.0,0.0,0.0
38,7.6e-05,0.0,0.0,0.0,0.0
39,7.8e-05,0.0,0.0,0.0,0.0
40,8e-05,0.0,0.0,0.0,0.0
41,8.2e-05,0.0,0.0,0.0,0.0
42,8.4e-05,0.0,0.0,0.0,0.0
43,8.6e-05,0.0,0.0,0.0,0.0
44,8.8e-05,0.0,0.0,0.0,0.0
45,9e-05,0.0,0.0,0.0,0.0
46,9.2e-05,0.0,0.0,0.0,0.0
47,9.4e-05,0.0,0.0,0.0,0.0
48,9.6e-05,0.0,0.0,0.0,0.0
49,9.8e-05,0.0,0.0,0.0,0.0
50,0.0001,0.0,0.0,0.0,0.0
51,0.000102,0.0,0.0,0.0,0.0
52,0.000104,0.0,0.0,0.0,0.0
53,0.000106,0.0,0.0,0.0,0.0
54,0.000108,0.0,0.0,0.0,0.0
55,0.00011,0.0,0.0,0.0,0.0
56,0.000112,0.0,0.0,0.0,0.0
57,0.000114,0.0,0.0,0.0,0.0
58,0.000116,0.0,0.0,0.0,0.0
59,0.000118,0.0,0.0,0.0,0.0
60,0.00012,0.0,0.0,0.0,0.0
61,0.000122,0.0,0.0,0.0,0.0
62,0.000124,0.0,0.0,0.0,0.0
63,0.000126,0.0,0.0,0.0,0.0
64,0.000128,0.0,0.0,0.0,0.0
65,0.00013,0.0,0.0,0.0,0.0
66,0.000132,0.0,0.0,0.0,0.0
67,0.000134,0.0,0.0,0.0,0.0
68,0.000136,0.0,0.0,0.0,0.0
69,0.000138,0.0,0.0,0.0,0.0
70,0.00014,0.0,0.0,0.0,0.0
71,0.000142,0.0,0.0,0.0,0.0
72,0.000144,0.0,0.0,0.0,0.0
73,0.000146,0.0,0.0,0.0,0.0
74,0.000148,0.0,0.0,0.0,0.0
75,0.00015,0.0,0.0,0.0,0.0
76,0.000152,0.0,0.0,0.0,0.0
77,0.000154,0.0,0.0,0.0,0.0
78,0.000156,0.0,0.0,0.0,0.0
79,0.000158,0.0,0.0,0.0,0.0
80,0.00016,0.0,0.0,0.0,0.0
81,0.000162,0.0,0.0,0.0,0.0
82,0.000164,0.0,0.0,0.0,0.0
83,0.000166,0.0,0.0,0.0,0.0
84,0.000168,0.0,0.0,0.0,0.0
85,0.00017,0.0,0.0,0.0,0.0
86,0.000172,0.0,0.0,0.0,0.0
87,0.000174,0.0,0.0,0.0,0.0
88,0.000176,0.0,0.0,0.0,0.0
89,0.000178,0.0,0.0,0.0,0.0
90,0.00018,0.0,0.0,0.0,0.0
91,0.000182,0.0,0.0,0.0,0.0
92,0.000184,0.0,0.0,0.0,0.0
93,0.000186,0.0,0.0,0.0,0.0
94,0.000188,0.0,0.0,0.0,0.0
95,0.00019,0.0,0.0,0.0,0.0
96,0.000192,0.0,0.0,0.0,0.0
97,0.000194,0.0,0.0,0.0,0.0
98,0.000196,0.0,0.0,0.0,0.0
99,0.000198,0.0,0.0,0.0,0.0
100,0.0002,0.0,0.0,0.0,0.0
101,0.000202,0.0,0.0,0.0,0.0
102,0.000204,0.0,0.0,0.0,0.0
103,0.000206,0.0,0.0,0.0,0.0
104,0.000208,0.0,0.0,0.0,0.0
105,0.00021,0.0,0.0,0.0,0.0
106,0.000212,0.0,0.0,0.0,0.0
107,0.000214,0.0,0.0,0.0,0.0
108,0.000216,0.0,0.0,0.0,0.0
109,0.000218,0.0,0.0,0.0,0.0
110,0.00022,0.0,0.0,0.0,0.0
111,0.000222,0.0,0.0,0.0,0.0
112,0.000224,0.0,0.0,0.0,0.0
113,0.000226,0.0,0.0,0.0,0.0
114,0.000228,0.0,0.0,0.0,0.0
115,0.00023,0.0,0.0,0.0,0.0
116,0.000232,0.0,0.0,0.0,0.0
117,0.000234,0.0,0.0,0.0,0.0
118,0.000236,0.0,0.0,0.0,0.0
119,0.000238,0.0,0.0,0.0,0.0
120,0.00024,0.0,0.0,0.0,0.0
121,0.000242,0.0,0.0,0.0,0.0
122,0.000244,0.0,0.0,0.0,0.0
123,0.000246,0.0,0.0,0.0,0.0
124,0.000248,0.0,0.0,0.0,0.0
125,0.00025,0.0,0.0,0.0,0.0
126,0.000252,0.0,0.0,0.0,0.0
127,0.000254,0.0,0.0,0.0,0.0
128,0.000256,0.0,0.0,0.0,0.0
129,0.000258,0.0,0.0,0.0,0.0
130,0.00026,0.0,0.0,0.0,0.0
131,0.000262,0.0,0.0,0.0,0.0
132,0.000264,0.0,0.0,0.0,0.0
133,0.000266,0.0,0.0,0.0,0.0
134,0.000268,0.0,0.0,0.0,0.0
135,0.00027,0.0,0.0,0.0,0.0
136,0.000272,0.0,0.0,0.0,0.0
137,0.000274,0.0,0.0,0.0,0.0
138,0.000276,0.0,0.0,0.0,0.0
139,0.000278,0.0,0.0,0.0,0.0
140,0.00028,0.0,0.0,0.0,0.0
141,0.000282,0.0,0.0,0.0,0.0
142,0.000284,0.0,0.0,0.0,0.0
143,0.000286,0.0,0.0,0.0,0.0
144,0.000288,0.0,0.0,0.0,0.0
145,0.00029,0.0,0.0,0.0,0.0
146,0.000292,0.0,0.0,0.0,0.0
147,0.000294,0.0,0.0,0.0,0.0
148,0.000296,0.0,0.0,0.0,0.0
149,0.000298,0.0,0.0,0.0,0.0
150,0.0003,0.0,0.0,0.0,0.0
151,0.000302,0.0,0.0,0.0,0.0
152,0.000304,0.0,0.0,0.0,0.0
153,0.000306,0.0,0.0,0.0,0.0
154,0.000308,0.0,0.0,0.0,0.0
155,0.00031,0.0,0.0,0.0,0.0
156,0.000312,0.0,0.0,0.0,0.0
157,0.000314,0.0,0.0,0.0,0.0
158,0.000316,0.0,0.0,0.0,0.0
159,0.000318,0.0,0.0,0.0,0.0
160,0.00032,0.0,0.0,0.0,0.0
161,0.000322,0.0,0.0,0.0,0.0
162,0.000324,0.0,0.0,0.0,0.0
163,0.000326,0.0,0.0,0.0,0.0
164,0.000328,0.0,0.0,0.0,0.0
165,0.00033,0.0,0.0,0.0,0.0
166,0.000332,0.0,0.0,0.0,0.0
167,0.000334,0.0,0.0,0.0,0.0
168,0.000336,0.0,0.0,0.0,0.0
169,0.000338,0.0,0.0,0.0,0.0
170,0.00034,0.0,0.0,0.0,0.0
171,0.000342,0.0,0.0,0.0,0.0
172,0.000344,0.0,0.0,0.0,0.0
173,0.000346,0.0,0.0,0.0,0.0
174,0.000348,0.0,0.0,0.0,0.0
175,0.00035,0.0,0.0,0.0,0.0
176,0.000352,0.0,0.0,0.0,0.0
177,0.000354,0.0,0.0,0.0,0.0
178,0.000356,0.0,0.0,0.0,0.0
179,0.000358,0.0,0.0,0.0,0.0
180,0.00036,0.0,0.0,0.0,0.0
181,0.000362,0.0,0.0,0.0,0.0
182,0.000364,0.0,0.0,0.0,0.0
183,0.000366,0.0,0.0,0.0,0.0
184,0.000368,0.0,0.0,0.0,0.0
185,0.00037,0.0,0.0,0.0,0.0
186,0.000372,0.0,0.0,0.0,0.0
187,0.000374,0.0,0.0,0.0,0.0
188,0.000376,0.0,0.0,0.0,0.0
189,0.000378,0.0,0.0,0.0,0.0
190,0.00038,0.0,0.0,0.0,0.0
191,0.000382,0.0,0.0,0.0,0.0
192,0.000384,0.0,0.0,0.0,0.0
193,0.000386,0.0,0.0,0.0,0.0
194,0.000388,0.0,0.0,0.0,0.0
195,0.00039,0.0,0.0,0.0,0.0
196,0.000392,0.0,0.0,0.0,0.0
197,0.000394,0.0,0.0,0.0,0.0
198,0.000396,0.0,0.0,0.0,0.0
199,0.000398,0.0,0.0,0.0,0.0
200,0.0004,0.0,0.0,0.0,0.0
201,0.000402,0.0,0.0,0.0,0.0
202,0.000404,0.0,0.0,0.0,0.0
203,0.000406,0.0,0.0,0.0,0.0
204,0.000408,0.0,0.0,0.0,0.0
205,0.00041,0.0,0.0,0.0,0.0
206,0.000412,0.0,0.0,0.0,0.0
207,0.000414,0.0,0.0,0.0,0.0
208,0.000416,0.0,0.0,0.0,0.0
209,0.000418,0.0,0.0,0.0,0.0
210,0.00042,0.0,0.0,0.0,0.0
211,0.000422,0.0,0.0,0.0,0.0
212,0.000424,0.0,0.0,0.0,0.0
213,0.000426,0.0,0.0,0.0,0.0
214,0.000428,0.0,0.0,0.0,0.0
215,0.00043,0.0,0.0,0.0,0.0
216,0.000432,0.0,0.0,0.0,0.0
217,0.000434,0.0,0.0,0.0,0.0
218,0.000436,0.0,0.0,0.0,0.0
219,0.000438,0.0,0.0,0.0,0.0
220,0.00044,0.0,0.0,0.0,0.0
221,0.000442,0.0,0.0,0.0,0.0
222,0.000444,0.0,0.0,0.0,0.0
223,0.000446,0.0,0.0,0.0,0.0
224,0.000448,0.0,0.0,0.0,0.0
225,0.00045,0.0,0.0,0.0,0.0
226,0.000452,0.0,0.0,0.0,0.0
227,0.000454,0.0,0.0,0.0,0.0
228,0.000456,0.0,0.0,0.0,0.0
229,0.000458,0.0,0.0,0.0,0.0
230,0.00046,0.0,0.0,0.0,0.0
231,0.000462,0.0,0.0,0.0,0.0
232,0.000464,0.0,0.0,0.0,0.0
233,0.000466,0.0,0.0,0.0,0.0
234,0.000468,0.0,0.0,0.0,0.0
235,0.00047,0.0,0.0,0.0,0.0
236,0.000472,0.0,0.0,0.0,0.0
237,0.000474,0.0,0.0,0.0,0.0
238,0.000476,0.0,0.0,0.0,0.0
239,0.000478,0.0,0.0,0.0,0.0
240,0.00048,0.0,0.0,0.0,0.0
241,0.000482,0.0,0.0,0.0,0.0
242,0.000484,0.0,0.0,0.0,0.0
243,0.000486,0.0,0.0,0.0,0.0
244,0.000488,0.0,0.0,0.0,0.0
245,0.00049,0.0,0.0,0.0,0.0
246,0.000492,0.0,0.0,0.0,0.0
247,0.000494,0.0,0.0,0.0,0.0
248,0.000496,0.0,0.0,0.0,0.0
249,0.000498,0.0,0.0,0.0,0.0
250,0.0005,0.0,0.0,0.0,0.0
251,0.000502,0.0,0.0,0.0,0.0
252,0.000504,0.0,0.0,0.0,0.0
253,0.000506,0.0,0.0,0.0,0.0
254,0.000508,0.0,0.0,0.0,0.0
255,0.00051,0.0,0.0,0.0,0.0
256,0.000512,0.0,0.0,0.0,0.0
257,0.000514,0.0,0.0,0.0,0.0
258,0.000516,0.0,0.0,0.0,0.0
259,0.000518,0.0,0.0,0.0,0.0
260,0.00052,0.0,0.0,0.0,0.0
261,0.000522,0.0,0.0,0.0,0.0
262,0.000524,0.0,0.0,0.0,0.0
263,0.000526,0.0,0.0,0.0,0.0
264,0.000528,0.0,0.0,0.0,0.0
265,0.00053,0.0,0.0,0.0,0.0
266,0.000532,0.0,0.0,0.0,0.0
267,0.000534,0.0,0.0,0.0,0.0
268,0.000536,0.0,0.0,0.0,0.0
269,0.000538,0.0,0.0,0.0,0.0
270,0.00054,0.0,0.0,0.0,0.0
271,0.000542,0.0,0.0,0.0,0.0
272,0.000544,0.0,0.0,0.0,0.0
273,0.000546,0.0,0.0,0.0,0.0
274,0.000548,0.0,0.0,0.0,0.0
275,0.00055,0.0,0.0,0.0,0.0
276,0.000552,0.0,0.0,0.0,0.0
277,0.000554,0.0,0.0,0.0,0.0
278,0.000556,0.0,0.0,0.0,0.0
279,0.000558,0.0,0.0,0.0,0.0
280,0.00056,0.0,0.0,0.0,0.0
281,0.000562,0.0,0.0,0.0,0.0
282,0.000564,0.0,0.0,0.0,0.0
283,0.000566,0.0,0.0,0.0,0.0
284,0.000568,0.0,0.0,0.0,0.0
285,0.00057,0.0,0.0,0.0,0.0
286,0.000572,0.0,0.0,0.0,0.0
287,0.000574,0.0,0.0,0.0,0.0
288,0.000576,0.0,0.0,0.0,0.0
289,0.000578,0.0,0.0,0.0,0.0
290,0.00058,0.0,0.0,0.0,0.0
291,0.000582,0.0,0.0,0.0,0.0
292,0.000584,0.0,0.0,0.0,0.0
293,0.000586,0.0,0.0,0.0,0.0
294,0.000588,0.0,0.0,0.0,0.0
295,0.00059,0.0,0.0,0.0,0.0
296,0.000592,0.0,0.0,0.0,0.0
297,0.000594,0.0,0.0,0.0,0.0
298,0.000596,0.0,0.0,0.0,0.0
299,0.000598,0.0,0.0,0.0,0.0
300,0.0006,0.0,0.0,0.0,0.0
301,0.000602,0.0,0.0,0.0,0.0
302,0.000604,0.0,0.0,0.0,0.0
303,0.000606,0.0,0.0,0.0,0.0
304,0.000608,0.0,0.0,0.0,0.0
305,0.00061,0.0,0.0,0.0,0.0
306,0.000612,0.0,0.0,0.0,0.0
307,0.000614,0.0,0.0,0.0,0.0
308,0.000616,0.0,0.0,0.0,0.0
309,0.000618,0.0,0.0,0.0,0.0
310,0.00062,0.0,0.0,0.0,0.0
311,0.000622,0.0,0.0,0.0,0.0
312,0.000624,0.0,0.0,0.0,0.0
313,0.000626,0.0,0.0,0.0,0.0
314,0.000628,0.0,0.0,0.0,0.0
315,0.00063,0.0,0.0,0.0,0.0
316,0.000632,0.0,0.0,0.0,0.0
317,0.000634,0.0,0.0,0.0,0.0
318,0.000636,0.0,0.0,0.0,0.0
319,0.000638,0.0,0.0,0.0,0.0
320,0.00064,0.0,0.0,0.0,0.0
321,0.000642,0.0,0.0,0.0,0.0
322,0.000644,0.0,0.0,0.0,0.0
323,0.000646,0.0,0.0,0.0,0.0
324,0.000648,0.0,0.0,0.0,0.0
325,0.00065,0.0,0.0,0.0,0.0
326,0.000652,0.0,0.0,0.0,0.0
327,0.000654,0.0,0.0,0.0,0.0
328,0.000656,0.0,0.0,0.0,0.0
329,0.000658,0.0,0.0,0.0,0.0
330,0.00066,0.0,0.0,0.0,0.0
331,0.000662,0.0,0.0,0.0,0.0
332,0.000664,0.0,0.0,0.0,0.0
333,0.000666,0.0,0.0,0.0,0.0
334,0.000668,0.0,0.0,0.0,0.0
335,0.00067,0.0,0.0,0.0,0.0
336,0.000672,0.0,0.0,0.0,0.0
337,0.000674,0.0,0.0,0.0,0.0
338,0.000676,0.0,0.0,0.0,0.0
339,0.000678,0.0,0.0,0.0,0.0
340,0.00068,0.0,0.0,0.0,0.0
341,0.000682,0.0,0.0,0.0,0.0
342,0.000684,0.0,0.0,0.0,0.0
343,0.000686,0.0,0.0,0.0,0.0
344,0.000688,0.0,0.0,0.0,0.0
345,0.00069,0.0,0.0,0.0,0.0
346,0.000692,0.0,0.0,0.0,0.0
347,0.000694,0.0,0.0,0.0,0.0
348,0.000696,0.0,0.0,0.0,0.0
349,0.000698,0.0,0.0,0.0,0.0
350,0.0007,0.0,0.0,0.0,0.0
351,0.000702,0.0,0.0,0.0,0.0
352,0.000704,0.0,0.0,0.0,0.0
353,0.000706,0.0,0.0,0.0,0.0
354,0.000708,0.0,0.0,0.0,0.0
355,0.00071,0.0,0.0,0.0,0.0
356,0.000712,0.0,0.0,0.0,0.0
357,0.000714,0.0,0.0,0.0,0.0
358,0.000716,0.0,0.0,0.0,0.0
359,0.000718,0.0,0.0,0.0,0.0
360,0.00072,0.0,0.0,0.0,0.0
361,0.000722,0.0,0.0,0.0,0.0
362,0.000724,0.0,0.0,0.0,0.0
363,0.000726,0.0,0.0,0.0,0.0
364,0.000728,0.0,0.0,0.0,0.0
365,0.00073,0.0,0.0,0.0,0.0
366,0.000732,0.0,0.0,0.0,0.0
367,0.000734,0.0,0.0,0.0,0.0
368,0.000736,0.0,0.0,0.0,0.0
369,0.000738,0.0,0.0,0.0,0.0
370,0.00074,0.0,0.0,0.0,0.0
371,0.000742,0.0,0.0,0.0,0.0
372,0.000744,0.0,0.0,0.0,0.0
373,0.000746,0.0,0.0,0.0,0.0
374,0.000748,0.0,0.0,0.0,0.0
375,0.00075,0.0,0.0,0.0,0.0
376,0.000752,0.0,0.0,0.0,0.0
377,0.000754,0.0,0.0,0.0,0.0
378,0.000756,0.0,0.0,0.0,0.0
379,0.000758,0.0,0.0,0.0,0.0
380,0.00076,0.0,0.0,0.0,0.0
381,0.000762,0.0,0.0,0.0,0.0
382,0.000764,0.0,0.0,0.0,0.0
383,0.000766,0.0,0.0,0.0,0.0
384,0.000768,0.0,0.0,0.0,0.0
385,0.00077,0.0,0.0,0.0,0.0
386,0.000772,0.0,0.0,0.0,0.0
387,0.000774,0.0,0.0,0.0,0.0
388,0.000776,0.0,0.0,0.0,0.0
389,0.000778,0.0,0.0,0.0,0.0
390,0.00078,0.0,0.0,0.0,0.0
391,0.000782,0.0,0.0,0.0,0.0
392,0.000784,0.0,0.0,0.0,0.0
393,0.000786,0.0,0.0,0.0,0.0
394,0.000788,0.0,0.0,0.0,0.0
395,0.00079,0.0,0.0,0.0,0.0
396,0.000792,0.0,0.0,0.0,0.0
397,0.000794,0.0,0.0,0.0,0.0
398,0.000796,0.0,0.0,0.0,0.0
399,0.000798,0.0,0.0,0.0,0.0
400,0.0008,0.0,0.0,0.0,0.0
401,0.000802,0.0,0.0,0.0,0.0
402,0.000804,0.0,0.0,0.0,0.0
403,0.000806,0.0,0.0,0.0,0.0
404,0.000808,0.0,0.0,0.0,0.0
405,0.00081,0.0,0.0,0.0,0.0
406,0.000812,0.0,0.0,0.0,0.0
407,0.000814,0.0,0.0,0.0,0.0
408,0.000816,0.0,0.0,0.0,0.0
409,0.000818,0.0,0.0,0.0,0.0
410,0.00082,0.0,0.0,0.0,0.0
411,0.000822,0.0,0.0,0.0,0.0
412,0.000824,0.0,0.0,0.0,0.0
413,0.000826,0.0,0.0,0.0,0.0
414,0.000828,0.0,0.0,0.0,0.0
415,0.00083,0.0,0.0,0.0,0.0
416,0.000832,0.0,0.0,0.0,0.0
417,0.000834,0.0,0.0,0.0,0.0
418,0.000836,0.0,0.0,0.0,0.0
419,0.000838,0.0,0.0,0.0,0.0
420,0.00084,0.0,0.0,0.0,0.0
421,0.000842,0.0,0.0,0.0,0.0
422,0.000844,0.0,0.0,0.0,0.0
423,0.000846,0.0,0.0,0.0,0.0
424,0.000848,0.0,0.0,0.0,0.0
425,0.00085,0.0,0.0,0.0,0.0
426,0.000852,0.0,0.0,0.0,0.0
427,0.000854,0.0,0.0,0.0,0.0
428,0.000856,0.0,0.0,0.0,0.0
429,0.000858,0.0,0.0,0.0,0.0
430,0.00086,0.0,0.0,0.0,0.0
431,0.000862,0.0,0.0,0.0,0.0
432,0.000864,0.0,0.0,0.0,0.0
433,0.000866,0.0,0.0,0.0,0.0
434,0.000868,0.0,0.0,0.0,0.0
435,0.00087,0.0,0.0,0.0,0.0
436,0.000872,0.0,0.0,0.0,0.0
437,0.000874,0.0,0.0,0.0,0.0
438,0.000876,0.0,0.0,0.0,0.0
439,0.000878,0.0,0.0,0.0,0.0
440,0.00088,0.0,0.0,0.0,0.0
441,0.000882,0.0,0.0,0.0,0.0
442,0.000884,0.0,0.0,0.0,0.0
443,0.000886,0.0,0.0,0.0,0.0
444,0.000888,0.0,0.0,0.0,0.0
445,0.00089,0.0,0.0,0.0,0.0
446,0.000892,0.0,0.0,0.0,0.0
447,0.000894,0.0,0.0,0.0,0.0
448,0.000896,0.0,0.0,0.0,0.0
449,0.000898,0.0,0.0,0.0,0.0
450,0.0009,0.0,0.0,0.0,0.0
451,0.000902,0.0,0.0,0.0,0.0
452,0.000904,0.0,0.0,0.0,0.0
453,0.000906,0.0,0.0,0.0,0.0
454,0.000908,0.0,0.0,0.0,0.0
455,0.00091,0.0,0.0,0.0,0.0
456,0.000912,0.0,0.0,0.0,0.0
457,0.000914,0.0,0.0,0.0,0.0
458,0.000916,0.0,0.0,0.0,0.0
459,0.000918,0.0,0.0,0.0,0.0
460,0.00092,0.0,0.0,0.0,0.0
461,0.000922,0.0,0.0,0.0,0.0
462,0.000924,0.0,0.0,0.0,0.0
463,0.000926,0.0,0.0,0.0,0.0
464,0.000928,0.0,0.0,0.0,0.0
465,0.00093,0.0,0.0,0.0,0.0
466,0.000932,0.0,0.0,0.0,0.0
467,0.000934,0.0,0.0,0.0,0.0
468,0.000936,0.0,0.0,0.0,0.0
469,0.000938,0.0,0.0,0.0,0.0
470,0.00094,0.0,0.0,0.0,0.0
471,0.000942,0.0,0.0,0.0,0.0
472,0.000944,0.0,0.0,0.0,0.0
473,0.000946,0.0,0.0,0.0,0.0
474,0.000948,0.0,0.0,0.0,0.0
475,0.00095,0.0,0.0,0.0,0.0
476,0.000952,0.0,0.0,0.0,0.0
477,0.000954,0.0,0.0,0.0,0.0
478,0.000956,0.0,0.0,0.0,0.0
479,0.000958,0.0,0.0,0.0,0.0
480,0.00096,0.0,0.0,0.0,0.0
481,0.000962,0.0,0.0,0.0,0.0
482,0.000964,0.0,0.0,0.0,0.0
483,0.000966,0.0,0.0,0.0,0.0
484,0.000968,0.0,0.0,0.0,0.0
485,0.00097,0.0,0.0,0.0,0.0
486,0.000972,0.0,0.0,0.0,0.0
487,0.000974,0.0,0.0,0.0,0.0
488,0.000976,0.0,0.0,0.0,0.0
489,0.000978,0.0,0.0,0.0,0.0
490,0.00098,0.0,0.0,0.0,0.0
491,0.000982,0.0,0.0,0.0,0.0
492,0.000984,0.0,0.0,0.0,0.0
493,0.000986,0.0,0.0,0.0,0.0
494,0.000988,0.0,0.0,0.0,0.0
495,0.00099,0.0,0.0,0.0,0.0
496,0.000992,0.0,0.0,0.0,0.0
497,0.000994,0.0,0.0,0.0,0.0
498,0.000996,0.0,0.0,0.0,0.0
499,0.000998,0.0,0.0,0.0,0.0
500,0.001,0.0,0.0,0.0,0.0
501,0.001002,0.0,0.0,0.0,0.0
502,0.001004,0.0,0.0,0.0,0.0
503,0.001006,0.0,0.0,0.0,0.0
504,0.001008,0.0,0.0,0.0,0.0
505,0.00101,0.0,0.0,0.0,0.0
506,0.001012,0.0,0.0,0.0,0.0
507,0.001014,0.0,0.0,0.0,0.0
508,0.001016,0.0,0.0,0.0,0.0
509,0.001018,0.0,0.0,0.0,0.0
510,0.00102,0.0,0.0,0.0,0.0
511,0.001022,0.0,0.0,0.0,0.0
512,0.001024,0.0,0.0,0.0,0.0
513,0.001026,0.0,0.0,0.0,0.0
514,0.001028,0.0,0.0,0.0,0.0
515,0.00103,0.0,0.0,0.0,0.0
516,0.001032,0.0,0.0,0.0,0.0
517,0.001034,0.0,0.0,0.0,0.0
518,0.001036,0.0,0.0,0.0,0.0
519,0.001038,0.0,0.0,0.0,0.0
520,0.00104,0.0,0.0,0.0,0.0
521,0.001042,0.0,0.0,0.0,0.0
522,0.001044,0.0,0.0,0.0,0.0
523,0.001046,0.0,0.0,0.0,0.0
524,0.001048,0.0,0.0,0.0,0.0
525,0.00105,0.0,0.0,0.0,0.0
526,0.001052,0.0,0.0,0.0,0.0
527,0.001054,0.0,0.0,0.0,0.0
528,0.001056,0.0,0.0,0.0,0.0
529,0.001058,0.0,0.0,0.0,0.0
530,0.00106,0.0,0.0,0.0,0.0
531,0.001062,0.0,0.0,0.0,0.0
532,0.001064,0.0,0.0,0.0,0.0
533,0.001066,0.0,0.0,0.0,0.0
534,0.001068,0.0,0.0,0.0,0.0
535,0.00107,0.0,0.0,0.0,0.0
536,0.001072,0.0,0.0,0.0,0.0
537,0.001074,0.0,0.0,0.0,0.0
538,0.001076,0.0,0.0,0.0,0.0
539,0.001078,0.0,0.0,0.0,0.0
540,0.00108,0.0,0.0,0.0,0.0
541,0.001082,0.0,0.0,0.0,0.0
542,0.001084,0.0,0.0,0.0,0.0
543,0.001086,0.0,0.0,0.0,0.0
544,0.001088,0.0,0.0,0.0,0.0
545,0.00109,0.0,0.0,0.0,0.0
546,0.001092,0.0,0.0,0.0,0.0
547,0.001094,0.0,0.0,0.0,0.0
548,0.001096,0.0,0.0,0.0,0.0
549,0.001098,0.0,0.0,0.0,0.0
550,0.0011,0.0,0.0,0.0,0.0
551,0.001102,0.0,0.0,0.0,0.0
552,0.001104,0.0,0.0,0.0,0.0
553,0.001106,0.0,0.0,0.0,0.0
554,0.001108,0.0,0.0,0.0,0.0
555,0.00111,0.0,0.0,0.0,0.0
556,0.001112,0.0,0.0,0.0,0.0
557,0.001114,0.0,0.0,0.0,0.0
558,0.001116,0.0,0.0,0.0,0.0
559,0.001118,0.0,0.0,0.0,0.0
560,0.00112,0.0,0.0,0.0,0.0
561,0.001122,0.0,0.0,0.0,0.0
562,0.001124,0.0,0.0,0.0,0.0
563,0.001126,0.0,0.0,0.0,0.0
564,0.001128,0.0,0.0,0.0,0.0
565,0.00113,0.0,0.0,0.0,0.0
566,0.001132,0.0,0.0,0.0,0.0
567,0.001134,0.0,0.0,0.0,0.0
568,0.001136,0.0,0.0,0.0,0.0
569,0.001138,0.0,0.0,0.0,0.0
570,0.00114,0.0,0.0,0.0,0.0
571,0.001142,0.0,0.0,0.0,0.0
572,0.001144,0.0,0.0,0.0,0.0
573,0.001146,0.0,0.0,0.0,0.0
574,0.001148,0.0,0.0,0.0,0.0
575,0.00115,0.0,0.0,0.0,0.0
576,0.001152,0.0,0.0,0.0,0.0
577,0.001154,0.0,0.0,0.0,0.0
578,0.001156,0.0,0.0,0.0,0.0
579,0.001158,0.0,0.0,0.0,0.0
580,0.00116,0.0,0.0,0.0,0.0
581,0.001162,0.0,0.0,0.0,0.0
582,0.001164,0.0,0.0,0.0,0.0
583,0.001166,0.0,0.0,0.0,0.0
584,0.001168,0.0,0.0,0.0,0.0
585,0.00117,0.0,0.0,0.0,0.0
586,0.001172,0.0,0.0,0.0,0.0
587,0.001174,0.0,0.0,0.0,0.0
588,0.001176,0.0,0.0,0.0,0.0
589,0.001178,0.0,0.0,0.0,0.0
590,0.00118,0.0,0.0,0.0,0.0
591,0.001182,0.0,0.0,0.0,0.0
592,0.001184,0.0,0.0,0.0,0.0
593,0.001186,0.0,0.0,0.0,0.0
594,0.001188,0.0,0.0,0.0,0.0
595,0.00119,0.0,0.0,0.0,0.0
596,0.001192,0.0,0.0,0.0,0.0
597,0.001194,0.0,0.0,0.0,0.0
598,0.001196,0.0,0.0,0.0,0.0
599,0.001198,0.0,0.0,0.0,0.0
600,0.0012,0.0,0.0,0.0,0.0
601,0.001202,0.0,0.0,0.0,0.0
602,0.001204,0.0,0.0,0.0,0.0
603,0.001206,0.0,0.0,0.0,0.0
604,0.001208,0.0,0.0,0.0,0.0
605,0.00121,0.0,0.0,0.0,0.0
606,0.001212,0.0,0.0,0.0,0.0
607,0.001214,0.0,0.0,0.0,0.0
608,0.001216,0.0,0.0,0.0,0.0
609,0.001218,0.0,0.0,0.0,0.0
610,0.00122,0.0,0.0,0.0,0.0
611,0.001222,0.0,0.0,0.0,0.0
612,0.001224,0.0,0.0,0.0,0.0
613,0.001226,0.0,0.0,0.0,0.0
614,0.001228,0.0,0.0,0.0,0.0
615,0.00123,0.0,0.0,0.0,0.0
616,0.001232,0.0,0.0,0.0,0.0
617,0.001234,0.0,0.0,0.0,0.0
618,0.001236,0.0,0.0,0.0,0.0
619,0.001238,0.0,0.0,0.0,0.0
620,0.00124,0.0,0.0,0.0,0.0
621,0.001242,0.0,0.0,0.0,0.0
622,0.001244,0.0,0.0,0.0,0.0
623,0.001246,0.0,0.0,0.0,0.0
624,0.001248,0.0,0.0,0.0,0.0
625,0.00125,0.0,0.0,0.0,0.0
626,0.001252,0.0,0.0,0.0,0.0
627,0.001254,0.0,0.0,0.0,0.0
628,0.001256,0.0,0.0,0.0,0.0
629,0.001258,0.0,0.0,0.0,0.0
630,0.00126,0.0,0.0,0.0,0.0
631,0.001262,0.0,0.0,0.0,0.0
632,0.001264,0.0,0.0,0.0,0.0
633,0.001266,0.0,0.0,0.0,0.0
634,0.001268,0.0,0.0,0.0,0.0
635,0.00127,0.0,0.0,0.0,0.0
636,0.001272,0.0,0.0,0.0,0.0
637,0.001274,0.0,0.0,0.0,0.0
638,0.001276,0.0,0.0,0.0,0.0
639,0.001278,0.0,0.0,0.0,0.0
640,0.00128,0.0,0.0,0.0,0.0
641,0.001282,0.0,0.0,0.0,0.0
642,0.001284,0.0,0.0,0.0,0.0
643,0.001286,0.0,0.0,0.0,0.0
644,0.001288,0.0,0.0,0.0,0.0
645,0.00129,0.0,0.0,0.0,0.0
646,0.001292,0.0,0.0,0.0,0.0
647,0.001294,0.0,0.0,0.0,0.0
648,0.001296,0.0,0.0,0.0,0.0
649,0.001298,0.0,0.0,0.0,0.0
650,0.0013,0.0,0.0,0.0,0.0
651,0.001302,0.0,0.0,0.0,0.0
652,0.001304,0.0,0.0,0.0,0.0
653,0.001306,0.0,0.0,0.0,0.0
654,0.001308,0.0,0.0,0.0,0.0
655,0.00131,0.0,0.0,0.0,0.0
656,0.001312,0.0,0.0,0.0,0.0
657,0.001314,0.0,0.0,0.0,0.0
658,0.001316,0.0,0.0,0.0,0.0
659,0.001318,0.0,0.0,0.0,0.0
660,0.00132,0.0,0.0,0.0,0.0
661,0.001322,0.0,0.0,0.0,0.0
662,0.001324,0.0,0.0,0.0,0.0
663,0.001326,0.0,0.0,0.0,0.0
664,0.001328,0.0,0.0,0.0,0.0
665,0.00133,0.0,0.0,0.0,0.0
666,0.001332,0.0,0.0,0.0,0.0
667,0.001334,0.0,0.0,0.0,0.0
668,0.001336,0.0,0.0,0.0,0.0
669,0.001338,0.0,0.0,0.0,0.0
670,0.00134,0.0,0.0,0.0,0.0
671,0.001342,0.0,0.0,0.0,0.0
672,0.001344,0.0,0.0,0.0,0.0
673,0.001346,0.0,0.0,0.0,0.0
674,0.001348,0.0,0.0,0.0,0.0
675,0.00135,0.0,0.0,0.0,0.0
676,0.001352,0.0,0.0,0.0,0.0
677,0.001354,0.0,0.0,0.0,0.0
678,0.001356,0.0,0.0,0.0,0.0
679,0.001358,0.0,0.0,0.0,0.0
680,0.00136,0.0,0.0,0.0,0.0
681,0.001362,0.0,0.0,0.0,0.0
682,0.001364,0.0,0.0,0.0,0.0
683,0.001366,0.0,0.0,0.0,0.0
684,0.001368,0.0,0.0,0.0,0.0
685,0.00137,0.0,0.0,0.0,0.0
686,0.001372,0.0,0.0,0.0,0.0
687,0.001374,0.0,0.0,0.0,0.0
688,0.001376,0.0,0.0,0.0,0.0
689,0.001378,0.0,0.0,0.0,0.0
690,0.00138,0.0,0.0,0.0,0.0
691,0.001382,0.0,0.0,0.0,0.0
692,0.001384,0.0,0.0,0.0,0.0
693,0.001386,0.0,0.0,0.0,0.0
694,0.001388,0.0,0.0,0.0,0.0
695,0.00139,0.0,0.0,0.0,0.0
696,0.001392,0.0,0.0,0.0,0.0
697,0.001394,0.0,0.0,0.0,0.0
698,0.001396,0.0,0.0,0.0,0.0
699,0.001398,0.0,0.0,0.0,0.0
700,0.0014,0.0,0.0,0.0,0.0
701,0.001402,0.0,0.0,0.0,0.0
702,0.001404,0.0,0.0,0.0,0.0
703,0.001406,0.0,0.0,0.0,0.0
704,0.001408,0.0,0.0,0.0,0.0
705,0.00141,0.0,0.0,0.0,0.0
706,0.001412,0.0,0.0,0.0,0.0
707,0.001414,0.0,0.0,0.0,0.0
708,0.001416,0.0,0.0,0.0,0.0
709,0.001418,0.0,0.0,0.0,0.0
710,0.00142,0.0,0.0,0.0,0.0
711,0.001422,0.0,0.0,0.0,0.0
712,0.001424,0.0,0.0,0.0,0.0
713,0.001426,0.0,0.0,0.0,0.0
714,0.001428,0.0,0.0,0.0,0.0
715,0.00143,0.0,0.0,0.0,0.0
716,0.001432,0.0,0.0,0.0,0.0
717,0.001434,0.0,0.0,0.0,0.0
718,0.001436,0.0,0.0,0.0,0.0
719,0.001438,0.0,0.0,0.0,0.0
720,0.00144,0.0,0.0,0.0,0.0
721,0.001442,0.0,0.0,0.0,0.0
722,0.001444,0.0,0.0,0.0,0.0
723,0.001446,0.0,0.0,0.0,0.0
724,0.001448,0.0,0.0,0.0,0.0
725,0.00145,0.0,0.0,0.0,0.0
726,0.001452,0.0,0.0,0.0,0.0
727,0.001454,0.0,0.0,0.0,0.0
728,0.001456,0.0,0.0,0.0,0.0
729,0.001458,0.0,0.0,0.0,0.0
730,0.00146,0.0,0.0,0.0,0.0
731,0.001462,0.0,0.0,0.0,0.0
732,0.001464,0.0,0.0,0.0,0.0
733,0.001466,0.0,0.0,0.0,0.0
734,0.001468,0.0,0.0,0.0,0.0
735,0.00147,0.0,0.0,0.0,0.0
736,0.001472,0.0,0.0,0.0,0.0
737,0.001474,0.0,0.0,0.0,0.0
738,0.001476,0.0,0.0,0.0,0.0
739,0.001478,0.0,0.0,0.0,0.0
740,0.00148,0.0,0.0,0.0,0.0
741,0.001482,0.0,0.0,0.0,0.0
742,0.001484,0.0,0.0,0.0,0.0
743,0.001486,0.0,0.0,0.0,0.0
744,0.001488,0.0,0.0,0.0,0.0
745,0.00149,0.0,0.0,0.0,0.0
746,0.001492,0.0,0.0,0.0,0.0
747,0.001494,0.0,0.0,0.0,0.0
748,0.001496,0.0,0.0,0.0,0.0
749,0.001498,0.0,0.0,0.0,0.0
750,0.0015,0.0,0.0,0.0,0.0
751,0.001502,0.0,0.0,0.0,0.0
752,0.001504,0.0,0.0,0.0,0.0
753,0.001506,0.0,0.0,0.0,0.0
754,0.001508,0.0,0.0,0.0,0.0
755,0.00151,0.0,0.0,0.0,0.0
756,0.001512,0.0,0.0,0.0,0.0
757,0.001514,0.0,0.0,0.0,0.0
758,0.001516,0.0,0.0,0.0,0.0
759,0.001518,0.0,0.0,0.0,0.0
760,0.00152,0.0,0.0,0.0,0.0
761,0.001522,0.0,0.0,0.0,0.0
762,0.001524,0.0,0.0,0.0,0.0
763,0.001526,0.0,0.0,0.0,0.0
764,0.001528,0.0,0.0,0.0,0.0
765,0.00153,0.0,0.0,0.0,0.0
766,0.001532,0.0,0.0,0.0,0.0
767,0.001534,0.0,0.0,0.0,0.0
768,0.001536,0.0,0.0,0.0,0.0
769,0.001538,0.0,0.0,0.0,0.0
770,0.00154,0.0,0.0,0.0,0.0
771,0.001542,0.0,0.0,0.0,0.0
772,0.001544,0.0,0.0,0.0,0.0
773,0.001546,0.0,0.0,0.0,0.0
774,0.001548,0.0,0.0,0.0,0.0
775,0.00155,0.0,0.0,0.0,0.0
776,0.001552,0.0,0.0,0.0,0.0
777,0.001554,0.0,0.0,0.0,0.0
778,0.001556,0.0,0.0,0.0,0.0
779,0.001558,0.0,0.0,0.0,0.0
780,0.00156,0.0,0.0,0.0,0.0
781,0.001562,0.0,0.0,0.0,0.0
782,0.001564,0.0,0.0,0.0,0.0
783,0.001566,0.0,0.0,0.0,0.0
784,0.001568,0.0,0.0,0.0,0.0
785,0.00157,0.0,0.0,0.0,0.0
786,0.001572,0.0,0.0,0.0,0.0
787,0.001574,0.0,0.0,0.0,0.0
788,0.001576,0.0,0.0,0.0,0.0
789,0.001578,0.0,0.0,0.0,0.0
790,0.00158,0.0,0.0,0.0,0.0
791,0.001582,0.0,0.0,0.0,0.0
792,0.001584,0.0,0.0,0.0,0.0
793,0.001586,0.0,0.0,0.0,0.0
794,0.001588,0.0,0.0,0.0,0.0
795,0.00159,0.0,0.0,0.0,0.0
796,0.001592,0.0,0.0,0.0,0.0
797,0.001594,0.0,0.0,0.0,0.0
798,0.001596,0.0,0.0,0.0,0.0
799,0.001598,0.0,0.0,0.0,0.0
800,0.0016,0.0,0.0,0.0,0.0
801,0.001602,0.0,0.0,0.0,0.0
802,0.001604,0.0,0.0,0.0,0.0
803,0.001606,0.0,0.0,0.0,0.0
804,0.001608,0.0,0.0,0.0,0.0
805,0.00161,0.0,0.0,0.0,0.0
806,0.001612,0.0,0.0,0.0,0.0
807,0.001614,0.0,0.0,0.0,0.0
808,0.001616,0.0,0.0,0.0,0.0
809,0.001618,0.0,0.0,0.0,0.0
810,0.00162,0.0,0.0,0.0,0.0
811,0.001622,0.0,0.0,0.0,0.0
812,0.001624,0.0,0.0,0.0,0.0
813,0.001626,0.0,0.0,0.0,0.0
814,0.001628,0.0,0.0,0.0,0.0
815,0.00163,0.0,0.0,0.0,0.0
816,0.001632,0.0,0.0,0.0,0.0
817,0.001634,0.0,0.0,0.0,0.0
818,0.001636,0.0,0.0,0.0,0.0
819,0.001638,0.0,0.0,0.0,0.0
820,0.00164,0.0,0.0,0.0,0.0
821,0.001642,0.0,0.0,0.0,0.0
822,0.001644,0.0,0.0,0.0,0.0
823,0.001646,0.0,0.0,0.0,0.0
824,0.001648,0.0,0.0,0.0,0.0
825,0.00165,0.0,0.0,0.0,0.0
826,0.001652,0.0,0.0,0.0,0.0
827,0.001654,0.0,0.0,0.0,0.0
828,0.001656,0.0,0.0,0.0,0.0
829,0.001658,0.0,0.0,0.0,0.0
830,0.00166,0.0,0.0,0.0,0.0
831,0.001662,0.0,0.0,0.0,0.0
832,0.001664,0.0,0.0,0.0,0.0
833,0.001666,0.0,0.0,0.0,0.0
834,0.001668,0.0,0.0,0.0,0.0
835,0.00167,0.0,0.0,0.0,0.0
836,0.001672,0.0,0.0,0.0,0.0
837,0.001674,0.0,0.0,0.0,0.0
838,0.001676,0.0,0.0,0.0,0.0
839,0.001678,0.0,0.0,0.0,0.0
840,0.00168,0.0,0.0,0.0,0.0
841,0.001682,0.0,0.0,0.0,0.0
842,0.001684,0.0,0.0,0.0,0.0
843,0.001686,0.0,0.0,0.0,0.0
844,0.001688,0.0,0.0,0.0,0.0
845,0.00169,0.0,0.0,0.0,0.0
846,0.001692,0.0,0.0,0.0,0.0
847,0.001694,0.0,0.0,0.0,0.0
848,0.001696,0.0,0.0,0.0,0.0
849,0.001698,0.0,0.0,0.0,0.0
850,0.0017,0.0,0.0,0.0,0.0
851,0.001702,0.0,0.0,0.0,0.0
852,0.001704,0.0,0.0,0.0,0.0
853,0.001706,0.0,0.0,0.0,0.0
854,0.001708,0.0,0.0,0.0,0.0
855,0.00171,0.0,0.0,0.0,0.0
856,0.001712,0.0,0.0,0.0,0.0
857,0.001714,0.0,0.0,0.0,0.0
858,0.001716,0.0,0.0,0.0,0.0
859,0.001718,0.0,0.0,0.0,0.0
860,0.00172,0.0,0.0,0.0,0.0
861,0.001722,0.0,0.0,0.0,0.0
862,0.001724,0.0,0.0,0.0,0.0
863,0.001726,0.0,0.0,0.0,0.0
864,0.001728,0.0,0.0,0.0,0.0
865,0.00173,0.0,0.0,0.0,0.0
866,0.001732,0.0,0.0,0.0,0.0
867,0.001734,0.0,0.0,0.0,0.0
868,0.001736,0.0,0.0,0.0,0.0
869,0.001738,0.0,0.0,0.0,0.0
870,0.00174,0.0,0.0,0.0,0.0
871,0.001742,0.0,0.0,0.0,0.0
872,0.001744,0.0,0.0,0.0,0.0
873,0.001746,0.0,0.0,0.0,0.0
874,0.001748,0.0,0.0,0.0,0.0
875,0.00175,0.0,0.0,0.0,0.0
876,0.001752,0.0,0.0,0.0,0.0
877,0.001754,0.0,0.0,0.0,0.0
878,0.001756,0.0,0.0,0.0,0.0
879,0.001758,0.0,0.0,0.0,0.0
880,0.00176,0.0,0.0,0.0,0.0
881,0.001762,0.0,0.0,0.0,0.0
882,0.001764,0.0,0.0,0.0,0.0
883,0.001766,0.0,0.0,0.0,0.0
884,0.001768,0.0,0.0,0.0,0.0
885,0.00177,0.0,0.0,0.0,0.0
886,0.001772,0.0,0.0,0.0,0.0
887,0.001774,0.0,0.0,0.0,0.0
888,0.001776,0.0,0.0,0.0,0.0
889,0.001778,0.0,0.0,0.0,0.0
890,0.00178,0.0,0.0,0.0,0.0
891,0.001782,0.0,0.0,0.0,0.0
892,0.001784,0.0,0.0,0.0,0.0
893,0.001786,0.0,0.0,0.0,0.0
894,0.001788,0.0,0.0,0.0,0.0
895,0.00179,0.0,0.0,0.0,0.0
896,0.001792,0.0,0.0,0.0,0.0
897,0.001794,0.0,0.0,0.0,0.0
898,0.001796,0.0,0.0,0.0,0.0
899,0.001798,0.0,0.0,0.0,0.0
900,0.0018,0.0,0.0,0.0,0.0
901,0.001802,0.0,0.0,0.0,0.0
902,0.001804,0.0,0.0,0.0,0.0
903,0.001806,0.0,0.0,0.0,0.0
904,0.001808,0.0,0.0,0.0,0.0
905,0.00181,0.0,0.0,0.0,0.0
906,0.001812,0.0,0.0,0.0,0.0
907,0.001814,0.0,0.0,0.0,0.0
908,0.001816,0.0,0.0,0.0,0.0
909,0.001818,0.0,0.0,0.0,0.0
910,0.00182,0.0,0.0,0.0,0.0
911,0.001822,0.0,0.0,0.0,0.0
912,0.001824,0.0,0.0,0.0,0.0
913,0.001826,0.0,0.0,0.0,0.0
914,0.001828,0.0,0.0,0.0,0.0
915,0.00183,0.0,0.0,0.0,0.0
916,0.001832,0.0,0.0,0.0,0.0
917,0.001834,0.0,0.0,0.0,0.0
918,0.001836,0.0,0.0,0.0,0.0
919,0.001838,0.0,0.0,0.0,0.0
920,0.00184,0.0,0.0,0.0,0.0
921,0.001842,0.0,0.0,0.0,0.0
922,0.001844,0.0,0.0,0.0,0.0
923,0.001846,0.0,0.0,0.0,0.0
924,0.001848,0.0,0.0,0.0,0.0
925,0.00185,0.0,0.0,0.0,0.0
926,0.001852,0.0,0.0,0.0,0.0
927,0.001854,0.0,0.0,0.0,0.0
928,0.001856,0.0,0.0,0.0,0.0
929,0.001858,0.0,0.0,0.0,0.0
930,0.00186,0.0,0.0,0.0,0.0
931,0.001862,0.0,0.0,0.0,0.0
932,0.001864,0.0,0.0,0.0,0.0
933,0.001866,0.0,0.0,0.0,0.0
934,0.001868,0.0,0.0,0.0,0.0
935,0.00187,0.0,0.0,0.0,0.0
936,0.001872,0.0,0.0,0.0,0.0
937,0.001874,0.0,0.0,0.0,0.0
938,0.001876,0.0,0.0,0.0,0.0
939,0.001878,0.0,0.0,0.0,0.0
940,0.00188,0.0,0.0,0.0,0.0
941,0.001882,0.0,0.0,0.0,0.0
942,0.001884,0.0,0.0,0.0,0.0
943,0.001886,0.0,0.0,0.0,0.0
944,0.001888,0.0,0.0,0.0,0.0
945,0.00189,0.0,0.0,0.0,0.0
946,0.001892,0.0,0.0,0.0,0.0
947,0.001894,0.0,0.0,0.0,0.0
948,0.001896,0.0,0.0,0.0,0.0
949,0.001898,0.0,0.0,0.0,0.0
950,0.0019,0.0,0.0,0.0,0.0
951,0.001902,0.0,0.0,0.0,0.0
952,0.001904,0.0,0.0,0.0,0.0
953,0.001906,0.0,0.0,0.0,0.0
954,0.001908,0.0,0.0,0.0,0.0
955,0.00191,0.0,0.0,0.0,0.0
956,0.001912,0.0,0.0,0.0,0.0
957,0.001914,0.0,0.0,0.0,0.0
958,0.001916,0.0,0.0,0.0,0.0
959,0.001918,0.0,0.0,0.0,0.0
960,0.00192,0.0,0.0,0.0,0.0
961,0.001922,0.0,0.0,0.0,0.0
962,0.001924,0.0,0.0,0.0,0.0
963,0.001926,0.0,0.0,0.0,0.0
964,0.001928,0.0,0.0,0.0,0.0
965,0.00193,0.0,0.0,0.0,0.0
966,0.001932,0.0,0.0,0.0,0.0
967,0.001934,0.0,0.0,0.0,0.0
968,0.001936,0.0,0.0,0.0,0.0
969,0.001938,0.0,0.0,0.0,0.0
970,0.00194,0.0,0.0,0.0,0.0
971,0.001942,0.0,0.0,0.0,0.0
972,0.001944,0.0,0.0,0.0,0.0
973,0.001946,0.0,0.0,0.0,0.0
974,0.001948,0.0,0.0,0.0,0.0
975,0.00195,0.0,0.0,0.0,0.0
976,0.001952,0.0,0.0,0.0,0.0
977,0.001954,0.0,0.0,0.0,0.0
978,0.001956,0.0,0.0,0.0,0.0
979,0.001958,0.0,0.0,0.0,0.0
980,0.00196,0.0,0.0,0.0,0.0
981,0.001962,0.0,0.0,0.0,0.0
982,0.001964,0.0,0.0,0.0,0.0
983,0.001966,0.0,0.0,0.0,0.0
984,0.001968,0.0,0.0,0.0,0.0
985,0.00197,0.0,0.0,0.0,0.0
986,0.001972,0.0,0.0,0.0,0.0
987,0.001974,0.0,0.0,0.0,0.0
988,0.001976,0.0,0.0,0.0,0.0
989,0.001978,0.0,0.0,0.0,0.0
990,0.00198,0.0,0.0,0.0,0.0
991,0.001982,0.0,0.0,0.0,0.0
992,0.001984,0.0,0.0,0.0,0.0
993,0.001986,0.0,0.0,0.0,0.0
994,0.001988,0.0,0.0,0.0,0.0
995,0.00199,0.0,0.0,0.0,0.0
996,0.001992,0.0,0.0,0.0,0.0
997,0.001994,0.0,0.0,0.0,0.0
998,0.001996,0.0,0.0,0.0,0.0
999,0.001998,0.0,0.0,0.0,0.0
1000,0.002,0.0,0.0,0.0,0.0
1001,0.002002,0.0,0.0,0.0,0.0
1002,0.002004,0.0,0.0,0.0,0.0
1003,0.002006,0.0,0.0,0.0,0.0
1004,0.002008,0.0,0.0,0.0,0.0
1005,0.00201,0.0,0.0,0.0,0.0
1006,0.002012,0.0,0.0,0.0,0.0
1007,0.002014,0.0,0.0,0.0,0.0
1008,0.002016,0.0,0.0,0.0,0.0
1009,0.002018,0.0,0.0,0.0,0.0
1010,0.00202,0.0,0.0,0.0,0.0
1011,0.002022,0.0,0.0,0.0,0.0
1012,0.002024,0.0,0.0,0.0,0.0
1013,0.002026,0.0,0.0,0.0,0.0
1014,0.002028,0.0,0.0,0.0,0.0
1015,0.00203,0.0,0.0,0.0,0.0
1016,0.002032,0.0,0.0,0.0,0.0
1017,0.002034,0.0,0.0,0.0,0.0
1018,0.002036,0.0,0.0,0.0,0.0
1019,0.002038,0.0,0.0,0.0,0.0
1020,0.00204,0.0,0.0,0.0,0.0
1021,0.002042,0.0,0.0,0.0,0.0
1022,0.002044,0.0,0.0,0.0,0.0
1023,0.002046,0.0,0.0,0.0,0.0
1024,0.002048,0.0,0.0,0.0,0.0
1025,0.00205,0.0,0.0,0.0,0.0
1026,0.002052,0.0,0.0,0.0,0.0
1027,0.002054,0.0,0.0,0.0,0.0
1028,0.002056,0.0,0.0,0.0,0.0
1029,0.002058,0.0,0.0,0.0,0.0
1030,0.00206,0.0,0.0,0.0,0.0
1031,0.002062,0.0,0.0,0.0,0.0
1032,0.002064,0.0,0.0,0.0,0.0
1033,0.002066,0.0,0.0,0.0,0.0
1034,0.002068,0.0,0.0,0.0,0.0
1035,0.00207,0.0,0.0,0.0,0.0
1036,0.002072,0.0,0.0,0.0,0.0
1037,0.002074,0.0,0.0,0.0,0.0
1038,0.002076,0.0,0.0,0.0,0.0
1039,0.002078,0.0,0.0,0.0,0.0
1040,0.00208,0.0,0.0,0.0,0.0
1041,0.002082,0.0,0.0,0.0,0.0
1042,0.002084,0.0,0.0,0.0,0.0
1043,0.002086,0.0,0.0,0.0,0.0
1044,0.002088,0.0,0.0,0.0,0.0
1045,0.00209,0.0,0.0,0.0,0.0
1046,0.002092,0.0,0.0,0.0,0.0
1047,0.002094,0.0,0.0,0.0,0.0
1048,0.002096,0.0,0.0,0.0,0.0
1049,0.002098,0.0,0.0,0.0,0.0
1050,0.0021,0.0,0.0,0.0,0.0
1051,0.002102,0.0,0.0,0.0,0.0
1052,0.002104,0.0,0.0,0.0,0.0
1053,0.002106,0.0,0.0,0.0,0.0
1054,0.002108,0.0,0.0,0.0,0.0
1055,0.00211,0.0,0.0,0.0,0.0
1056,0.002112,0.0,0.0,0.0,0.0
1057,0.002114,0.0,0.0,0.0,0.0
1058,0.002116,0.0,0.0,0.0,0.0
1059,0.002118,0.0,0.0,0.0,0.0
1060,0.00212,0.0,0.0,0.0,0.0
1061,0.002122,0.0,0.0,0.0,0.0
1062,0.002124,0.0,0.0,0.0,0.0
1063,0.002126,0.0,0.0,0.0,0.0
1064,0.002128,0.0,0.0,0.0,0.0
1065,0.00213,0.0,0.0,0.0,0.0
1066,0.002132,0.0,0.0,0.0,0.0
1067,0.002134,0.0,0.0,0.0,0.0
1068,0.002136,0.0,0.0,0.0,0.0
1069,0.002138,0.0,0.0,0.0,0.0
1070,0.00214,0.0,0.0,0.0,0.0
1071,0.002142,0.0,0.0,0.0,0.0
1072,0.002144,0.0,0.0,0.0,0.0
1073,0.002146,0.0,0.0,0.0,0.0
1074,0.002148,0.0,0.0,0.0,0.0
1075,0.00215,0.0,0.0,0.0,0.0
1076,0.002152,0.0,0.0,0.0,0.0
1077,0.002154,0.0,0.0,0.0,0.0
1078,0.002156,0.0,0.0,0.0,0.0
1079,0.002158,0.0,0.0,0.0,0.0
1080,0.00216,0.0,0.0,0.0,0.0
1081,0.002162,0.0,0.0,0.0,0.0
1082,0.002164,0.0,0.0,0.0,0.0
1083,0.002166,0.0,0.0,0.0,0.0
1084,0.002168,0.0,0.0,0.0,0.0
1085,0.00217,0.0,0.0,0.0,0.0
1086,0.002172,0.0,0.0,0.0,0.0
1087,0.002174,0.0,0.0,0.0,0.0
1088,0.002176,0.0,0.0,0.0,0.0
1089,0.002178,0.0,0.0,0.0,0.0
1090,0.00218,0.0,0.0,0.0,0.0
1091,0.002182,0.0,0.0,0.0,0.0
1092,0.002184,0.0,0.0,0.0,0.0
1093,0.002186,0.0,0.0,0.0,0.0
1094,0.002188,0.0,0.0,0.0,0.0
1095,0.00219,0.0,0.0,0.0,0.0
1096,0.002192,0.0,0.0,0.0,0.0
1097,0.002194,0.0,0.0,0.0,0.0
1098,0.002196,0.0,0.0,0.0,0.0
1099,0.002198,0.0,0.0,0.0,0.0
1100,0.0022,0.0,0.0,0.0,0.0
1101,0.002202,0.0,0.0,0.0,0.0
1102,0.002204,0.0,0.0,0.0,0.0
1103,0.002206,0.0,0.0,0.0,0.0
1104,0.002208,0.0,0.0,0.0,0.0
1105,0.00221,0.0,0.0,0.0,0.0
1106,0.002212,0.0,0.0,0.0,0.0
1107,0.002214,0.0,0.0,0.0,0.0
1108,0.002216,0.0,0.0,0.0,0.0
1109,0.002218,0.0,0.0,0.0,0.0
1110,0.00222,0.0,0.0,0.0,0.0
1111,0.002222,0.0,0.0,0.0,0.0
1112,0.002224,0.0,0.0,0.0,0.0
1113,0.002226,0.0,0.0,0.0,0.0
1114,0.002228,0.0,0.0,0.0,0.0
1115,0.00223,0.0,0.0,0.0,0.0
1116,0.002232,0.0,0.0,0.0,0.0
1117,0.002234,0.0,0.0,0.0,0.0
1118,0.002236,0.0,0.0,0.0,0.0
1119,0.002238,0.0,0.0,0.0,0.0
1120,0.00224,0.0,0.0,0.0,0.0
1121,0.002242,0.0,0.0,0.0,0.0
1122,0.002244,0.0,0.0,0.0,0.0
1123,0.002246,0.0,0.0,0.0,0.0
1124,0.002248,0.0,0.0,0.0,0.0
1125,0.00225,0.0,0.0,0.0,0.0
1126,0.002252,0.0,0.0,0.0,0.0
1127,0.002254,0.0,0.0,0.0,0.0
1128,0.002256,0.0,0.0,0.0,0.0
1129,0.002258,0.0,0.0,0.0,0.0
1130,0.00226,0.0,0.0,0.0,0.0
1131,0.002262,0.0,0.0,0.0,0.0
1132,0.002264,0.0,0.0,0.0,0.0
1133,0.002266,0.0,0.0,0.0,0.0
1134,0.002268,0.0,0.0,0.0,0.0
1135,0.00227,0.0,0.0,0.0,0.0
1136,0.002272,0.0,0.0,0.0,0.0
1137,0.002274,0.0,0.0,0.0,0.0
1138,0.002276,0.0,0.0,0.0,0.0
1139,0.002278,0.0,0.0,0.0,0.0
1140,0.00228,0.0,0.0,0.0,0.0
1141,0.002282,0.0,0.0,0.0,0.0
1142,0.002284,0.0,0.0,0.0,0.0
1143,0.002286,0.0,0.0,0.0,0.0
1144,0.002288,0.0,0.0,0.0,0.0
1145,0.00229,0.0,0.0,0.0,0.0
1146,0.002292,0.0,0.0,0.0,0.0
1147,0.002294,0.0,0.0,0.0,0.0
1148,0.002296,0.0,0.0,0.0,0.0
1149,0.002298,0.0,0.0,0.0,0.0
1150,0.0023,0.0,0.0,0.0,0.0
1151,0.002302,0.0,0.0,0.0,0.0
1152,0.002304,0.0,0.0,0.0,0.0
1153,0.002306,0.0,0.0,0.0,0.0
1154,0.002308,0.0,0.0,0.0,0.0
1155,0.00231,0.0,0.0,0.0,0.0
1156,0.002312,0.0,0.0,0.0,0.0
1157,0.002314,0.0,0.0,0.0,0.0
1158,0.002316,0.0,0.0,0.0,0.0
1159,0.002318,0.0,0.0,0.0,0.0
1160,0.00232,0.0,0.0,0.0,0.0
1161,0.002322,0.0,0.0,0.0,0.0
1162,0.002324,0.0,0.0,0.0,0.0
1163,0.002326,0.0,0.0,0.0,0.0
1164,0.002328,0.0,0.0,0.0,0.0
1165,0.00233,0.0,0.0,0.0,0.0
1166,0.002332,0.0,0.0,0.0,0.0
1167,0.002334,0.0,0.0,0.0,0.0
1168,0.002336,0.0,0.0,0.0,0.0
1169,0.002338,0.0,0.0,0.0,0.0
1170,0.00234,0.0,0.0,0.0,0.0
1171,0.002342,0.0,0.0,0.0,0.0
1172,0.002344,0.0,0.0,0.0,0.0
1173,0.002346,0.0,0.0,0.0,0.0
1174,0.002348,0.0,0.0,0.0,0.0
1175,0.00235,0.0,0.0,0.0,0.0
1176,0.002352,0.0,0.0,0.0,0.0
1177,0.002354,0.0,0.0,0.0,0.0
1178,0.002356,0.0,0.0,0.0,0.0
1179,0.002358,0.0,0.0,0.0,0.0
1180,0.00236,0.0,0.0,0.0,0.0
1181,0.002362,0.0,0.0,0.0,0.0
1182,0.002364,0.0,0.0,0.0,0.0
1183,0.002366,0.0,0.0,0.0,0.0
1184,0.002368,0.0,0.0,0.0,0.0
1185,0.00237,0.0,0.0,0.0,0.0
1186,0.002372,0.0,0.0,0.0,0.0
1187,0.002374,0.0,0.0,0.0,0.0
1188,0.002376,0.0,0.0,0.0,0.0
1189,0.002378,0.0,0.0,0.0,0.0
1190,0.00238,0.0,0.0,0.0,0.0
1191,0.002382,0.0,0.0,0.0,0.0
1192,0.002384,0.0,0.0,0.0,0.0
1193,0.002386,0.0,0.0,0.0,0.0
1194,0.002388,0.0,0.0,0.0,0.0
1195,0.00239,0.0,0.0,0.0,0.0
1196,0.002392,0.0,0.0,0.0,0.0
1197,0.002394,0.0,0.0,0.0,0.0
1198,0.002396,0.0,0.0,0.0,0.0
1199,0.002398,0.0,0.0,0.0,0.0
1200,0.0024,0.0,0.0,0.0,0.0
1201,0.002402,0.0,0.0,0.0,0.0
1202,0.002404,0.0,0.0,0.0,0.0
1203,0.002406,0.0,0.0,0.0,0.0
1204,0.002408,0.0,0.0,0.0,0.0
1205,0.00241,0.0,0.0,0.0,0.0
1206,0.002412,0.0,0.0,0.0,0.0
1207,0.002414,0.0,0.0,0.0,0.0
1208,0.002416,0.0,0.0,0.0,0.0
1209,0.002418,0.0,0.0,0.0,0.0
1210,0.00242,0.0,0.0,0.0,0.0
1211,0.002422,0.0,0.0,0.0,0.0
1212,0.002424,0.0,0.0,0.0,0.0
1213,0.002426,0.0,0.0,0.0,0.0
1214,0.002428,0.0,0.0,0.0,0.0
1215,0.00243,0.0,0.0,0.0,0.0
1216,0.002432,0.0,0.0,0.0,0.0
1217,0.002434,0.0,0.0,0.0,0.0
1218,0.002436,0.0,0.0,0.0,0.0
1219,0.002438,0.0,0.0,0.0,0.0
1220,0.00244,0.0,0.0,0.0,0.0
1221,0.002442,0.0,0.0,0.0,0.0
1222,0.002444,0.0,0.0,0.0,0.0
1223,0.002446,0.0,0.0,0.0,0.0
1224,0.002448,0.0,0.0,0.0,0.0
1225,0.00245,0.0,0.0,0.0,0.0
1226,0.002452,0.0,0.0,0.0,0.0
1227,0.002454,0.0,0.0,0.0,0.0
1228,0.002456,0.0,0.0,0.0,0.0
1229,0.002458,0.0,0.0,0.0,0.0
1230,0.00246,0.0,0.0,0.0,0.0
1231,0.002462,0.0,0.0,0.0,0.0
1232,0.002464,0.0,0.0,0.0,0.0
1233,0.002466,0.0,0.0,0.0,0.0
1234,0.002468,0.0,0.0,0.0,0.0
1235,0.00247,0.0,0.0,0.0,0.0
1236,0.002472,0.0,0.0,0.0,0.0
1237,0.002474,0.0,0.0,0.0,0.0
1238,0.002476,0.0,0.0,0.0,0.0
1239,0.002478,0.0,0.0,0.0,0.0
1240,0.00248,0.0,0.0,0.0,0.0
1241,0.002482,0.0,0.0,0.0,0.0
1242,0.002484,0.0,0.0,0.0,0.0
1243,0.002486,0.0,0.0,0.0,0.0
1244,0.002488,0.0,0.0,0.0,0.0
1245,0.00249,0.0,0.0,0.0,0.0
1246,0.002492,0.0,0.0,0.0,0.0
1247,0.002494,0.0,0.0,0.0,0.0
1248,0.002496,0.0,0.0,0.0,0.0
1249,0.002498,0.0,0.0,0.0,0.0
1250,0.0025,0.0,0.0,0.0,0.0
1251,0.002502,0.0,0.0,0.0,0.0
1252,0.002504,0.0,0.0,0.0,0.0
1253,0.002506,0.0,0.0,0.0,0.0
1254,0.002508,0.0,0.0,0.0,0.0
1255,0.00251,0.0,0.0,0.0,0.0
1256,0.002512,0.0,0.0,0.0,0.0
1257,0.002514,0.0,0.0,0.0,0.0
1258,0.002516,0.0,0.0,0.0,0.0
1259,0.002518,0.0,0.0,0.0,0.0
1260,0.00252,0.0,0.0,0.0,0.0
1261,0.002522,0.0,0.0,0.0,0.0
1262,0.002524,0.0,0.0,0.0,0.0
1263,0.002526,0.0,0.0,0.0,0.0
1264,0.002528,0.0,0.0,0.0,0.0
1265,0.00253,0.0,0.0,0.0,0.0
1266,0.002532,0.0,0.0,0.0,0.0
1267,0.002534,0.0,0.0,0.0,0.0
1268,0.002536,0.0,0.0,0.0,0.0
1269,0.002538,0.0,0.0,0.0,0.0
1270,0.00254,0.0,0.0,0.0,0.0
1271,0.002542,0.0,0.0,0.0,0.0
1272,0.002544,0.0,0.0,0.0,0.0
1273,0.002546,0.0,0.0,0.0,0.0
1274,0.002548,0.0,0.0,0.0,0.0
1275,0.00255,0.0,0.0,0.0,0.0
1276,0.002552,0.0,0.0,0.0,0.0
1277,0.002554,0.0,0.0,0.0,0.0
1278,0.002556,0.0,0.0,0.0,0.0
1279,0.002558,0.0,0.0,0.0,0.0
1280,0.00256,0.0,0.0,0.0,0.0
1281,0.002562,0.0,0.0,0.0,0.0
1282,0.002564,0.0,0.0,0.0,0.0
1283,0.002566,0.0,0.0,0.0,0.0
1284,0.002568,0.0,0.0,0.0,0.0
1285,0.00257,0.0,0.0,0.0,0.0
1286,0.002572,0.0,0.0,0.0,0.0
1287,0.002574,0.0,0.0,0.0,0.0
1288,0.002576,0.0,0.0,0.0,0.0
1289,0.002578,0.0,0.0,0.0,0.0
1290,0.00258,0.0,0.0,0.0,0.0
1291,0.002582,0.0,0.0,0.0,0.0
1292,0.002584,0.0,0.0,0.0,0.0
1293,0.002586,0.0,0.0,0.0,0.0
1294,0.002588,0.0,0.0,0.0,0.0
1295,0.00259,0.0,0.0,0.0,0.0
1296,0.002592,0.0,0.0,0.0,0.0
1297,0.002594,0.0,0.0,0.0,0.0
1298,0.002596,0.0,0.0,0.0,0.0
1299,0.002598,0.0,0.0,0.0,0.0
1300,0.0026,0.0,0.0,0.0,0.0
1301,0.002602,0.0,0.0,0.0,0.0
1302,0.002604,0.0,0.0,0.0,0.0
1303,0.002606,0.0,0.0,0.0,0.0
1304,0.002608,0.0,0.0,0.0,0.0
1305,0.00261,0.0,0.0,0.0,0.0
1306,0.002612,0.0,0.0,0.0,0.0
1307,0.002614,0.0,0.0,0.0,0.0
1308,0.002616,0.0,0.0,0.0,0.0
1309,0.002618,0.0,0.0,0.0,0.0
1310,0.00262,0.0,0.0,0.0,0.0
1311,0.002622,0.0,0.0,0.0,0.0
1312,0.002624,0.0,0.0,0.0,0.0
1313,0.002626,0.0,0.0,0.0,0.0
1314,0.002628,0.0,0.0,0.0,0.0
1315,0.00263,0.0,0.0,0.0,0.0
1316,0.002632,0.0,0.0,0.0,0.0
1317,0.002634,0.0,0.0,0.0,0.0
1318,0.002636,0.0,0.0,0.0,0.0
1319,0.002638,0.0,0.0,0.0,0.0
1320,0.00264,0.0,0.0,0.0,0.0
1321,0.002642,0.0,0.0,0.0,0.0
1322,0.002644,0.0,0.0,0.0,0.0
1323,0.002646,0.0,0.0,0.0,0.0
1324,0.002648,0.0,0.0,0.0,0.0
1325,0.00265,0.0,0.0,1.1312815728202038e-05,0.0
1326,0.002652,0.0,0.0,0.000486175596176658,0.0
1327,0.002654,0.0,0.0,0.002091780701421716,0.0
1328,0.002656,0.0,0.0,0.004479030818316244,0.0
1329,0.002658,0.0,0.0,0.006101912423770063,0.0
1330,0.00266,0.0,0.0,0.004799477785837874,0.0
1331,0.002662,0.0,0.0,-0.0010904986913553255,0.0
1332,0.002664,0.0,0.0,-0.011543822746660158,0.0
1333,0.002666,0.0,0.0,-0.024148802277356878,0.0
1334,0.002668,0.0,0.0,-0.03433078166689737,0.0
1335,0.00267,0.0,0.0,-0.03662146625299156,0.0
1336,0.002672,0.0,0.0,-0.026678380615947576,0.0
1337,0.002674,0.0,0.0,-0.003400924037008905,0.0
1338,0.002676,0.0,0.0,0.029671298100884987,0.0
1339,0.002678,0.0,0.0,0.06436958412523851,0.0
1340,0.00268,0.0,0.0,0.08961046935999892,0.0
1341,0.002682,0.0,0.0,0.09454098754558975,0.0
1342,0.002684,0.0,0.0,0.07228676487985553,0.0
1343,0.002686,0.0,0.0,0.02312446625023423,0.0
1344,0.002688,0.0,0.0,-0.0440977953898345,0.0
1345,0.00269,0.0,0.0,-0.11306922225787512,0.0
1346,0.002692,0.0,0.0,-0.16371777080912356,0.0
1347,0.002694,0.0,0.0,-0.17773542679311694,0.0
1348,0.002696,0.0,0.0,-0.14446335666782376,0.0
1349,0.002698,0.0,0.0,-0.0653545804697899,0.0
1350,0.0027,0.0,0.0,0.044564946397088835,0.0
1351,0.002702,0.0,0.0,0.15909569154102915,0.0
1352,0.002704,0.0,0.0,0.24691267657561175,0.0
1353,0.002706,0.0,0.0,0.2799219448134562,0.0
1354,0.002708,0.0,0.0,0.24173634939478594,0.0
1355,0.00271,0.0,0.0,0.13379857682225915,0.0
1356,0.002712,0.0,0.0,-0.02289740515135796,0.0
1357,0.002714,0.0,0.0,-0.19146412211891575,0.0
1358,0.002716,0.0,0.0,-0.32767290927133436,0.0
1359,0.002718,0.0,0.0,-0.3914571328164937,0.0
1360,0.00272,0.0,0.0,-0.35839345957687485,0.0
1361,0.002722,0.0,0.0,-0.2279239389579961,0.0
1362,0.002724,0.0,0.0,-0.025721053645789187,0.0
1363,0.002726,0.0,0.0,0.2009708841302861,0.0
1364,0.002728,0.0,0.0,0.39430963518698653,0.0
1365,0.00273,0.0,0.0,0.500617146482462,0.0
1366,0.002732,0.0,0.0,0.48515883298050855,0.0
1367,0.002734,0.0,0.0,0.34288991358798204,0.0
1368,0.002736,0.0,0.0,0.10194716317577308,0.0
1369,0.002738,0.0,0.0,-0.18155966298970466,0.0
1370,0.00274,0.0,0.0,-0.43661458759260835,0.0
1371,0.002742,0.0,0.0,-0.595182134056296,0.0
1372,0.002744,0.0,0.0,-0.6103837088006924,0.0
1373,0.002746,0.0,0.0,-0.4700952400477706,0.0
1374,0.002748,0.0,0.0,-0.20206788455020075,0.0
1375,0.00275,0.0,0.0,0.13124650562619367,0.0
1376,0.002752,0.0,0.0,0.4473071820087424,0.0
1377,0.002754,0.0,0.0,0.6641034103990132,0.0
1378,0.002756,0.0,0.0,0.7215853845386411,0.0
1379,0.002758,0.0,0.0,0.598267176823279,0.0
1380,0.00276,0.0,0.0,0.31841161316325683,0.0
1381,0.002762,0.0,0.0,-0.05247274348586112,0.0
1382,0.002764,0.0,0.0,-0.42307816916881363,0.0
1383,0.002766,0.0,0.0,-0.6990200011840224,0.0
1384,0.002768,0.0,0.0,-0.8071198693704074,0.0
1385,0.00277,0.0,0.0,-0.714940751120504,0.0
1386,0.002772,0.0,0.0,-0.44032485780463376,0.0
1387,0.002774,0.0,0.0,-0.04816494617074608,0.0
1388,0.002776,0.0,0.0,0.3650829146964159,0.0
1389,0.002778,0.0,0.0,0.6954121184079068,0.0
1390,0.00278,0.0,0.0,0.8577545764251435,0.0
1391,0.002782,0.0,0.0,0.8081221149977588,0.0
1392,0.002784,0.0,0.0,0.5555788101349518,0.0
1393,0.002786,0.0,0.0,0.16077057887926605,0.0
1394,0.002788,0.0,0.0,-0.2788145762838368,0.0
1395,0.00279,0.0,0.0,-0.653229893012491,0.0
1396,0.002792,0.0,0.0,-0.8679211623854608,0.0
1397,0.002794,0.0,0.0,-0.8679037716007016,0.0
1398,0.002796,0.0,0.0,-0.652009670354153,0.0
1399,0.002798,0.0,0.0,-0.2734718843740468,0.0
1400,0.0028,0.0,0.0,0.17337443127400148,0.0
1401,0.002802,0.0,0.0,0.5769091565315374,0.0
1402,0.002804,0.0,0.0,0.8364732483482269,0.0
1403,0.002806,0.0,0.0,0.8878059102686954,0.0
1404,0.002808,0.0,0.0,0.7191635672807467,0.0
1405,0.00281,0.0,0.0,0.37402555046776614,0.0
1406,0.002812,0.0,0.0,-0.060241175360274124,0.0
1407,0.002814,0.0,0.0,-0.4747719168464584,0.0
1408,0.002816,0.0,0.0,-0.7668429861027766,0.0
1409,0.002818,0.0,0.0,-0.8656562547747225,0.0
1410,0.00282,0.0,0.0,-0.7497160493402117,0.0
1411,0.002822,0.0,0.0,-0.45148021830929946,0.0
1412,0.002824,0.0,0.0,-0.048288709086932835,0.0
1413,0.002826,0.0,0.0,0.35789535923323046,0.0
1414,0.002828,0.0,0.0,0.6665745505670269,0.0
1415,0.00283,0.0,0.0,0.8038853292453575,0.0
1416,0.002832,0.0,0.0,0.7404675515801223,0.0
1417,0.002834,0.0,0.0,0.4976645579738083,0.0
1418,0.002836,0.0,0.0,0.14077129765711316,0.0
1419,0.002838,0.0,0.0,-0.23860762197801672,0.0
1420,0.00284,0.0,0.0,-0.5462998330976271,0.0
1421,0.002842,0.0,0.0,-0.7091958274674356,0.0
1422,0.002844,0.0,0.0,-0.692775552393139,0.0
1423,0.002846,0.0,0.0,-0.5082922172805097,0.0
1424,0.002848,0.0,0.0,-0.20816258011756475,0.0
1425,0.00285,0.0,0.0,0.12882079769267418,0.0
1426,0.002852,0.0,0.0,0.41829964058671054,0.0
1427,0.002854,0.0,0.0,0.5916523524740334,0.0
1428,0.002856,0.0,0.0,0.6123629962735508,0.0
1429,0.002858,0.0,0.0,0.4835291303097706,0.0
1430,0.00286,0.0,0.0,0.2450264514313134,0.0
1431,0.002862,0.0,0.0,-0.03843426890030112,0.0
1432,0.002864,0.0,0.0,-0.29485161747414573,0.0
1433,0.002866,0.0,0.0,-0.4633188791088158,0.0
1434,0.002868,0.0,0.0,-0.5085299036251286,0.0
1435,0.00287,0.0,0.0,-0.42794405601631186,0.0
1436,0.002872,0.0,0.0,-0.25023465996722577,0.0
1437,0.002874,0.0,0.0,-0.025968579478213863,0.0
1438,0.002876,0.0,0.0,0.18659577320386092,0.0
1439,0.002878,0.0,0.0,0.3366344995053004,0.0
1440,0.00288,0.0,0.0,0.3928786521228879,0.0
1441,0.002882,0.0,0.0,0.3498497061451923,0.0
1442,0.002884,0.0,0.0,0.22706140926572912,0.0
1443,0.002886,0.0,0.0,0.06194860073153988,0.0
1444,0.002888,0.0,0.0,-0.10114575437818155,0.0
1445,0.00289,0.0,0.0,-0.22275446776287144,0.0
1446,0.002892,0.0,0.0,-0.2777314642202711,0.0
1447,0.002894,0.0,0.0,-0.2601272703855795,0.0
1448,0.002896,0.0,0.0,-0.18266033390053996,0.0
1449,0.002898,0.0,0.0,-0.07144927603712087,0.0
1450,0.0029,0.0,0.0,0.04213923846350567,0.0
1451,0.002902,0.0,0.0,0.13008815011902183,0.0
1452,0.002904,0.0,0.0,0.17446161865062326,0.0
1453,0.002906,0.0,0.0,0.1706995565483622,0.0
1454,0.002908,0.0,0.0,0.12699830288125807,0.0
1455,0.00291,0.0,0.0,0.060413415090373644,0.0
1456,0.002912,0.0,0.0,-0.008858930565834963,0.0
1457,0.002914,0.0,0.0,-0.06323757042427733,0.0
1458,0.002916,0.0,0.0,-0.09197178719610008,0.0
1459,0.002918,0.0,0.0,-0.0928671670712144,0.0
1460,0.00292,0.0,0.0,-0.07139676447271368,0.0
1461,0.002922,0.0,0.0,-0.03783374112055728,0.0
1462,0.002924,0.0,0.0,-0.003524686953222545,0.0
1463,0.002926,0.0,0.0,0.02248374263767702,0.0
1464,0.002928,0.0,0.0,0.035532016284398955,0.0
1465,0.00293,0.0,0.0,0.03574122218020877,0.0
1466,0.002932,0.0,0.0,0.026886424127929895,0.0
1467,0.002934,0.0,0.0,0.01437251271873278,0.0
1468,0.002936,0.0,0.0,0.003125185028113802,0.0
1469,0.002938,0.0,0.0,-0.0038908410840799183,0.0
1470,0.00294,0.0,0.0,-0.006139162342988367,0.0
1471,0.002942,0.0,0.0,-0.004992435891113521,0.0
1472,0.002944,0.0,0.0,-0.0026072075855614126,0.0
1473,0.002946,0.0,0.0,-0.000745903594203229,0.0
1474,0.002948,0.0,0.0,-4.5276213242789866e-05,0.0
1475,0.00295,0.0,0.0,0.0,0.0
1476,0.002952,0.0,0.0,0.0,0.0
1477,0.002954,0.0,0.0,0.0,0.0
1478,0.002956,0.0,0.0,0.0,0.0
1479,0.002958,0.0,0.0,0.0,0.0
1480,0.00296,0.0,0.0,0.0,0.0
1481,0.002962,0.0,0.0,0.0,0.0
1482,0.002964,0.0,0.0,0.0,0.0
1483,0.002966,0.0,0.0,0.0,0.0
1484,0.002968,0.0,0.0,0.0,0.0
1485,0.00297,0.0,0.0,0.0,0.0
1486,0.002972,0.0,0.0,0.0,0.0
1487,0.002974,0.0,0.0,0.0,0.0
1488,0.002976,0.0,0.0,0.0,0.0
1489,0.002978,0.0,0.0,0.0,0.0
1490,0.00298,0.0,0.0,0.0,0.0
1491,0.002982,0.0,0.0,0.0,0.0
1492,0.002984,0.0,0.0,0.0,0.0
1493,0.002986,0.0,0.0,0.0,0.0
1494,0.002988,0.0,0.0,0.0,0.0
1495,0.00299,0.0,0.0,0.0,0.0
1496,0.002992,0.0,0.0,0.0,0.0
1497,0.002994,0.0,0.0,0.0,0.0
1498,0.002996,0.0,0.0,0.0,0.0
1499,0.002998,0.0,0.0,0.0,0.0
1500,0.003,0.0,0.0,0.0,0.0
1501,0.003002,0.0,0.0,0.0,0.0
1502,0.003004,0.0,0.0,0.0,0.0
1503,0.003006,0.0,0.0,0.0,0.0
1504,0.003008,0.0,0.0,0.0,0.0
1505,0.00301,0.0,0.0,0.0,0.0
1506,0.003012,0.0,0.0,0.0,0.0
1507,0.003014,0.0,0.0,0.0,0.0
1508,0.003016,0.0,0.0,0.0,0.0
1509,0.003018,0.0,0.0,0.0,0.0
1510,0.00302,0.0,0.0,0.0,0.0
1511,0.003022,0.0,0.0,0.0,0.0
1512,0.003024,0.0,0.0,0.0,0.0
1513,0.003026,0.0,0.0,0.0,0.0
1514,0.003028,0.0,0.0,0.0,0.0
1515,0.00303,0.0,0.0,0.0,0.0
1516,0.003032,0.0,0.0,0.0,0.0
1517,0.003034,0.0,0.0,0.0,0.0
1518,0.003036,0.0,0.0,0.0,0.0
1519,0.003038,0.0,0.0,0.0,0.0
1520,0.00304,0.0,0.0,0.0,0.0
1521,0.003042,0.0,0.0,0.0,0.0
1522,0.003044,0.0,0.0,0.0,0.0
1523,0.003046,0.0,0.0,0.0,0.0
1524,0.003048,0.0,0.0,0.0,0.0
1525,0.00305,0.0,0.0,0.0,0.0
1526,0.003052,0.0,0.0,0.0,0.0
1527,0.003054,0.0,0.0,0.0,0.0
1528,0.003056,0.0,0.0,0.0,0.0
1529,0.003058,0.0,0.0,0.0,0.0
1530,0.00306,0.0,0.0,0.0,0.0
1531,0.003062,0.0,0.0,0.0,0.0
1532,0.003064,0.0,0.0,0.0,0.0
1533,0.003066,0.0,0.0,0.0,0.0
1534,0.003068,0.0,0.0,0.0,0.0
1535,0.00307,0.0,0.0,0.0,0.0
1536,0.003072,0.0,0.0,0.0,0.0
1537,0.003074,0.0,0.0,0.0,0.0
1538,0.003076,0.0,0.0,0.0,0.0
1539,0.003078,0.0,0.0,0.0,0.0
1540,0.00308,0.0,0.0,0.0,0.0
1541,0.003082,0.0,0.0,0.0,0.0
1542,0.003084,0.0,0.0,0.0,0.0
1543,0.003086,0.0,0.0,0.0,0.0
1544,0.003088,0.0,0.0,0.0,0.0
1545,0.00309,0.0,0.0,0.0,0.0
1546,0.003092,0.0,0.0,0.0,0.0
1547,0.003094,0.0,0.0,0.0,0.0
1548,0.003096,0.0,0.0,0.0,0.0
1549,0.003098,0.0,0.0,0.0,0.0
1550,0.0031,0.0,0.0,0.0,0.0
1551,0.003102,0.0,0.0,0.0,0.0
1552,0.003104,0.00011766746687535416,0.0,0.0,8.236722681274791e-05
1553,0.003106,0.0011489415026043825,0.0,0.0,0.0008042590518230677
1554,0.003108,0.003440334080999435,0.0,0.0,0.0024082338566996046
1555,0.00311,0.005999183591060595,0.0,0.0,0.0041994285137424165
1556,0.003112,0.00668892717222484,0.0,0.0,0.004682249020557388
1557,0.003114,0.003177728092025343,0.0,0.0,0.0022244096644177397
1558,0.003116,-0.005713942857178592,0.0,0.0,-0.003999760000025014
1559,0.003118,-0.018853448338352116,0.0,0.0,-0.01319741383684648
1560,0.00312,-0.032419367206919146,0.0,0.0,-0.022693557044843403
1561,0.003122,-0.04066390359463673,0.0,0.0,-0.028464732516245705
1562,0.003124,-0.03775124286616801,0.0,0.0,-0.026425870006317603
1563,0.003126,-0.020154059802645688,0.0,0.0,-0.01410784186185198
1564,0.003128,0.011229991237308251,0.0,0.0,0.007860993866115775
1565,0.00313,0.05012836049072233,0.0,0.0,0.035089852343505624
1566,0.003132,0.08572022974136027,0.0,0.0,0.06000416081895219
1567,0.003134,0.10530619744761459,0.0,0.0,0.07371433821333022
1568,0.003136,0.09823645684028627,0.0,0.0,0.06876551978820038
1569,0.003138,0.05996909535278899,0.0,0.0,0.041978366746952295
1570,0.00314,-0.0051040137925165326,0.0,0.0,-0.0035728096547615724
1571,0.003142,-0.08323073264672266,0.0,0.0,-0.05826151285270585
1572,0.003144,-0.15382412740436543,0.0,0.0,-0.10767688918305579
1573,0.003146,-0.1946099931905821,0.0,0.0,-0.13622699523340745
1574,0.003148,-0.18817181502056357,0.0,0.0,-0.1317202705143945
1575,0.00315,-0.12804917853122283,0.0,0.0,-0.08963442497185597
1576,0.003152,-0.022431972344634035,0.0,0.0,-0.015702380641243824
1577,0.003154,0.10602110704409234,0.0,0.0,0.07421477493086463
1578,0.003156,0.22470990630516915,0.0,0.0,0.15729693441361842
1579,0.003158,0.29917341136721276,0.0,0.0,0.20942138795704893
1580,0.00316,0.3027663445091755,0.0,0.0,0.21193644115642282
1581,0.003162,0.22527232693858204,0.0,0.0,0.1576906288570074
1582,0.003164,0.07781263437097521,0.0,0.0,0.05446884405968264
1583,0.003166,-0.10778659118468831,0.0,0.0,-0.07545061382928181
1584,0.003168,-0.2855811234532362,0.0,0.0,-0.19990678641726534
1585,0.00317,-0.406779702337121,0.0,0.0,-0.28474579163598474
1586,0.003172,-0.43296008715410594,0.0,0.0,-0.30307206100787415
1587,0.003174,-0.3476802773033253,0.0,0.0,-0.24337619411232767
1588,0.003176,-0.16307312500279253,0.0,0.0,-0.11415118750195476
1589,0.003178,0.08086392129941189,0.0,0.0,0.05660474490958833
1590,0.00318,0.3247080694095385,0.0,0.0,0.22729564858667697
1591,0.003182,0.5040741168758431,0.0,0.0,0.3528518818130902
1592,0.003184,0.5665856054334765,0.0,0.0,0.3966099238034335
1593,0.003186,0.48688149315991136,0.0,0.0,0.34081704521193795
1594,0.003188,0.2754084912651231,0.0,0.0,0.19278594388558618
1595,0.00319,-0.02183268878849217,0.0,0.0,-0.015282882151944517
1596,0.003192,-0.3331253299437563,0.0,0.0,-0.23318773096062942
1597,0.003194,-0.5784118126067278,0.0,0.0,-0.4048882688247094
1598,0.003196,-0.6899803801682819,0.0,0.0,-0.4829862661177973
1599,0.003198,-0.6310909452762655,0.0,0.0,-0.4417636616933859
1600,0.0032,-0.4074230112656263,0.0,0.0,-0.2851961078859384
1601,0.003202,-0.06789069974437995,0.0,0.0,-0.04752348982106596
1602,0.003204,0.3059456781733505,0.0,0.0,0.21416197472134532
1603,0.003206,0.6196177005916533,0.0,0.0,0.4337323904141573
1604,0.003208,0.7898251651867018,0.0,0.0,0.5528776156306912
1605,0.00321,0.7666628194970778,0.0,0.0,0.5366639736479544
1606,0.003212,0.5480367209385836,0.0,0.0,0.38362570465700846
1607,0.003214,0.18214353991175256,0.0,0.0,0.12750047793822677
1608,0.003216,-0.24310490187022174,0.0,0.0,-0.17017343130915522
1609,0.003218,-0.6214113205098414,0.0,0.0,-0.43498792435688893
1610,0.00322,-0.8549513771113337,0.0,0.0,-0.5984659639779336
1611,0.003222,-0.8799028190791109,0.0,0.0,-0.6159319733553776
1612,0.003224,-0.6839238963352233,0.0,0.0,-0.47874672743465624
1613,0.003226,-0.3107808212471326,0.0,0.0,-0.21754657487299278
1614,0.003228,0.14943203566437052,0.0,0.0,0.10460242496505937
1615,0.00323,0.5822966909539726,0.0,0.0,0.4076076836677808
1616,0.003232,0.8778646753730217,0.0,0.0,0.6145052727611151
1617,0.003234,0.9589071725219495,0.0,0.0,0.6712350207653646
1618,0.003236,0.8012833165576076,0.0,0.0,0.5608983215903253
1619,0.003238,0.441006994204969,0.0,0.0,0.3087048959434783
1620,0.00324,-0.03403416886329631,0.0,0.0,-0.02382391820430742
1621,0.003242,-0.505792035344607,0.0,0.0,-0.3540544247412249
1622,0.003244,-0.8557714600693569,0.0,0.0,-0.5990400220485498
1623,0.003246,-0.9951713934150735,0.0,0.0,-0.6966199753905514
1624,0.003248,-0.8876932766561397,0.0,0.0,-0.6213852936592978
1625,0.00325,-0.5590899375001318,0.0,0.0,-0.39136295625009226
1626,0.003252,-0.09091876324328993,0.0,0.0,-0.06364313427030295
1627,0.003254,0.3999668097254558,0.0,0.0,0.279976766807819
1628,0.003256,0.7909645300755788,0.0,0.0,0.5536751710529051
1629,0.003258,0.9847438417199953,0.0,0.0,0.6893206892039967
1630,0.00326,0.9337921335668977,0.0,0.0,0.6536544934968284
1631,0.003262,0.6522177151722163,0.0,0.0,0.45655240062055136
1632,0.003264,0.21183953917349727,0.0,0.0,0.14828767742144808
1633,0.003266,-0.2763505642281515,0.0,0.0,-0.19344539495970606
1634,0.003268,-0.6905138424515648,0.0,0.0,-0.48335968971609533
1635,0.00327,-0.9287627167553173,0.0,0.0,-0.6501339017287221
1636,0.003272,-0.934549367444642,0.0,0.0,-0.6541845572112494
1637,0.003274,-0.7102384809299006,0.0,0.0,-0.4971669366509304
1638,0.003276,-0.3155694522914206,0.0,0.0,-0.22089861660399437
1639,0.003278,0.14836621996721905,0.0,0.0,0.10385635397705333
1640,0.00328,0.5653056035796812,0.0,0.0,0.3957139225057768
1641,0.003282,0.833301346735717,0.0,0.0,0.5833109427150018
1642,0.003284,0.8899493316245545,0.0,0.0,0.622964532137188
1643,0.003286,0.7270401036357323,0.0,0.0,0.5089280725450126
1644,0.003288,0.3911661012325002,0.0,0.0,0.2738162708627501
1645,0.00329,-0.029506973942247283,0.0,0.0,-0.020654881759573095
1646,0.003292,-0.4285641434483422,0.0,0.0,-0.2999949004138395
1647,0.003294,-0.7085434223296038,0.0,0.0,-0.4959803956307226
1648,0.003296,-0.804992019684165,0.0,0.0,-0.5634944137789155
1649,0.003298,-0.7013764777803246,0.0,0.0,-0.49096353444622726
1650,0.0033,-0.4313830310001268,0.0,0.0,-0.30196812170008874
1651,0.003302,-0.06848809934254417,0.0,0.0,-0.047941669539780914
1652,0.003304,0.29406337014827394,0.0,0.0,0.20584435910379176
1653,0.003306,0.567403565272972,0.0,0.0,0.39718249569108033
1654,0.003308,0.6890107644337873,0.0,0.0,0.48230753510365104
1655,0.00331,0.6370249726487701,0.0,0.0,0.44591748085413907
1656,0.003312,0.4336343154059154,0.0,0.0,0.3035440207841408
1657,0.003314,0.13720463289450968,0.0,0.0,0.09604324302615676
1658,0.003316,-0.1742779159006778,0.0,0.0,-0.12199454113047443
1659,0.003318,-0.4237861673366704,0.0,0.0,-0.29665031713566925
1660,0.00332,-0.5544023816251258,0.0,0.0,-0.38808166713758807
1661,0.003322,-0.5422531838851891,0.0,0.0,-0.37957722871963234
1662,0.003324,-0.400309446492717,0.0,0.0,-0.2802166125449019
1663,0.003326,-0.17265038709124236,0.0,0.0,-0.12085527096386965
1664,0.003328,0.07873228990504154,0.0,0.0,0.05511260293352908
1665,0.00333,0.2907258946608956,0.0,0.0,0.2035081262626269
1666,0.003332,0.4149474596012124,0.0,0.0,0.29046322172084865
1667,0.003334,0.42866992363868883,0.0,0.0,0.30006894654708216
1668,0.003336,0.33839506731608815,0.0,0.0,0.2368765471212617
1669,0.003338,0.17572670532022688,0.0,0.0,0.1230086937241588
1670,0.00334,-0.012778298946310553,0.0,0.0,-0.008944809262417386
1671,0.003342,-0.1786695461513435,0.0,0.0,-0.12506868230594045
1672,0.003344,-0.28395573712722105,0.0,0.0,-0.19876901598905472
1673,0.003346,-0.3096216327064663,0.0,0.0,-0.21673514289452644
1674,0.003348,-0.25845734752465416,0.0,0.0,-0.18092014326725792
1675,0.00335,-0.15200919826569095,0.0,0.0,-0.10640643878598366
1676,0.003352,-0.02302937194275774,0.0,0.0,-0.016120560359930418
1677,0.003354,0.09413879901897487,0.0,0.0,0.06589715931328241
1678,0.003356,0.1724957709865092,0.0,0.0,0.12074703969055642
1679,0.003358,0.19835901061428715,0.0,0.0,0.138851307430001
1680,0.00336,0.17312849766085514,0.0,0.0,0.12118994836259861
1681,0.003362,0.1108699214058862,0.0,0.0,0.07760894498412033
1682,0.003364,0.03287372735380178,0.0,0.0,0.023011609147661243
1683,0.003366,-0.038959605215179535,0.0,0.0,-0.027271723650625673
1684,0.003368,-0.08795597028005019,0.0,0.0,-0.06156917919603513
1685,0.00337,-0.10623070685092317,0.0,0.0,-0.07436149479564622
1686,0.003372,-0.09531045196017583,0.0,0.0,-0.06671731637212307
1687,0.003374,-0.0640658274608674,0.0,0.0,-0.04484607922260717
1688,0.003376,-0.02494269084686436,0.0,0.0,-0.01745988359280505
1689,0.003378,0.010164175540120645,0.0,0.0,0.007114922878084452
1690,0.00338,0.03313727311640543,0.0,0.0,0.0231960911814838
1691,0.003382,0.04115690110404745,0.0,0.0,0.02880983077283321
1692,0.003384,0.03634835655022248,0.0,0.0,0.025443849585155734
1693,0.003386,0.023993243918371106,0.0,0.0,0.016795270742859775
1694,0.003388,0.010128202380346764,0.0,0.0,0.007089741666242735
1695,0.00339,-0.0005768188714308115,0.0,0.0,-0.00040377321000156807
1696,0.003392,-0.006002840750523295,0.0,0.0,-0.004201988525366306
1697,0.003394,-0.006596089664596627,0.0,0.0,-0.004617262765217639
1698,0.003396,-0.004430619459675261,0.0,0.0,-0.003101433621772682
1699,0.003398,-0.0018550161447622997,0.0,0.0,-0.0012985113013336098
1700,0.0034,-0.0003422720312486796,0.0,0.0,-0.00023959042187407571
1701,0.003402,-1.3084438133301566e-06,0.0,0.0,-9.159106693311096e-07
1702,0.003404,0.0,0.0,0.0,0.0
1703,0.003406,0.0,0.0,0.0,0.0
1704,0.003408,0.0,0.0,0.0,0.0
1705,0.00341,0.0,0.0,0.0,0.0
1706,0.003412,0.0,0.0,0.0,0.0
1707,0.003414,0.0,0.0,0.0,0.0
1708,0.003416,0.0,0.0,0.0,0.0
1709,0.003418,0.0,0.0,0.0,0.0
1710,0.00342,0.0,0.0,0.0,0.0
1711,0.003422,0.0,0.0,0.0,0.0
1712,0.003424,0.0,0.0,0.0,0.0
1713,0.003426,0.0,0.0,0.0,0.0
1714,0.003428,0.0,0.0,0.0,0.0
1715,0.00343,0.0,0.0,0.0,0.0
1716,0.003432,0.0,0.0,0.0,0.0
1717,0.003434,0.0,0.0,0.0,0.0
1718,0.003436,0.0,0.0,0.0,0.0
1719,0.003438,0.0,0.0,0.0,0.0
1720,0.00344,0.0,0.0,0.0,0.0
1721,0.003442,0.0,0.0,0.0,0.0
1722,0.003444,0.0,0.0,0.0,0.0
1723,0.003446,0.0,0.0,0.0,0.0
1724,0.003448,0.0,0.0,0.0,0.0
1725,0.00345,0.0,0.0,0.0,0.0
1726,0.003452,0.0,0.0,0.0,0.0
1727,0.003454,0.0,0.0,0.0,0.0
1728,0.003456,0.0,0.0,0.0,0.0
1729,0.003458,0.0,0.0,0.0,0.0
1730,0.00346,0.0,0.0,0.0,0.0
1731,0.003462,0.0,0.0,0.0,0.0
1732,0.003464,0.0,0.0,0.0,0.0
1733,0.003466,0.0,0.0,0.0,0.0
1734,0.003468,0.0,0.0,0.0,0.0
1735,0.00347,0.0,0.0,0.0,0.0
1736,0.003472,0.0,0.0,0.0,0.0
1737,0.003474,0.0,8.535971234761243e-08,0.0,0.0
1738,0.003476,0.0,0.00021057109843857137,0.0,0.0
1739,0.003478,0.0,0.0013102731904045752,0.0,0.0
1740,0.00348,0.0,0.003320242743539953,0.0,0.0
1741,0.003482,0.0,0.005166979603410471,0.0,0.0
1742,0.003484,0.0,0.0050078756172531064,0.0,0.0
1743,0.003486,0.0,0.001110217989695048,0.0,0.0
1744,0.003488,0.0,-0.007060764094285913,0.0,0.0
1745,0.00349,0.0,-0.01803533861590221,0.0,0.0
1746,0.003492,0.0,-0.028258967360807817,0.0,0.0
1747,0.003494,0.0,-0.032945833942321444,0.0,0.0
1748,0.003496,0.0,-0.027718560795236595,0.0,0.0
1749,0.003498,0.0,-0.01053772103440522,0.0,0.0
1750,0.0035,0.0,0.016783518616712862,0.0,0.0
1751,0.003502,0.0,0.04815613818622046,0.0,0.0
1752,0.003504,0.0,0.07427508153188948,0.0,0.0
1753,0.003506,0.0,0.08508184922025265,0.0,0.0
1754,0.003508,0.0,0.0730338280986858,0.0,0.0
1755,0.00351,0.0,0.036199781356700114,0.0,0.0
1756,0.003512,0.0,-0.019902629872400764,0.0,0.0
1757,0.003514,0.0,-0.08256247318581098,0.0,0.0
1758,0.003516,0.0,-0.13449649791820195,0.0,0.0
1759,0.003518,0.0,-0.15837720508317546,0.0,0.0
1760,0.00352,0.0,-0.14212970109539283,0.0,0.0
1761,0.003522,0.0,-0.08345429219670998,0.0,0.0
1762,0.003524,0.0,0.007936324161229741,0.0,0.0
1763,0.003526,0.0,0.11136800608459364,0.0,0.0
1764,0.003528,0.0,0.19966749622942026,0.0,0.0
1765,0.00353,0.0,0.24614016859075158,0.0,0.0
1766,0.003532,0.0,0.23230548852159208,0.0,0.0
1767,0.003534,0.0,0.15420584533424803,0.0,0.0
1768,0.003536,0.0,0.02528464719954204,0.0,0.0
1769,0.003538,0.0,-0.12537847296760962,0.0,0.0
1770,0.00354,0.0,-0.2594612434357928,0.0,0.0
1771,0.003542,0.0,-0.3390681165057827,0.0,0.0
1772,0.003544,0.0,-0.33725263709244363,0.0,0.0
1773,0.003546,0.0,-0.24650353468254077,0.0,0.0
1774,0.003548,0.0,-0.08262675792267216,0.0,0.0
1775,0.00355,0.0,0.11746418727213348,0.0,0.0
1776,0.003552,0.0,0.3039486776742695,0.0,0.0
1777,0.003554,0.0,0.426506379877215,0.0,0.0
1778,0.003556,0.0,0.44784050534161096,0.0,0.0
1779,0.003558,0.0,0.35468901221732974,0.0,0.0
1780,0.00356,0.0,0.16313233079004477,0.0,0.0
1781,0.003562,0.0,-0.08364279024066232,0.0,0.0
1782,0.003564,0.0,-0.32501716354142635,0.0,0.0
1783,0.003566,0.0,-0.49790686189709943,0.0,0.0
1784,0.003568,0.0,-0.5533102797926442,0.0,0.0
1785,0.00357,0.0,-0.47007598842260606,0.0,0.0
1786,0.003572,0.0,-0.26204213474985355,0.0,0.0
1787,0.003574,0.0,0.023718895167274788,0.0,0.0
1788,0.003576,0.0,0.3175392920235531,0.0,0.0
1789,0.003578,0.0,0.5442821665966799,0.0,0.0
1790,0.00358,0.0,0.6427107464765806,0.0,0.0
1791,0.003582,0.0,0.5820675601719961,0.0,0.0
1792,0.003584,0.0,0.371360546198332,0.0,0.0
1793,0.003586,0.0,0.05861047760870284,0.0,0.0
1794,0.003588,0.0,-0.2801272068621643,0.0,0.0
1795,0.00359,0.0,-0.559451441183057,0.0,0.0
1796,0.003592,0.0,-0.7063754550353455,0.0,0.0
1797,0.003594,0.0,-0.6795560592909341,0.0,0.0
1798,0.003596,0.0,-0.48088552767234377,0.0,0.0
1799,0.003598,0.0,-0.15620071299743113,0.0,0.0
1800,0.0036,0.0,0.21536597515206993,0.0,0.0
1801,0.003602,0.0,0.5409032159690946,0.0,0.0
1802,0.003604,0.0,0.7372347725529458,0.0,0.0
1803,0.003606,0.0,0.7524102122167936,0.0,0.0
1804,0.003608,0.0,0.5795602329028335,0.0,0.0
1805,0.00361,0.0,0.25939336187468864,0.0,0.0
1806,0.003612,0.0,-0.12949261957970024,0.0,0.0
1807,0.003614,0.0,-0.4901541412695353,0.0,0.0
1808,0.003616,0.0,-0.7317792717255548,0.0,0.0
1809,0.003618,0.0,-0.7928418929533205,0.0,0.0
1810,0.00362,0.0,-0.656957690531424,0.0,0.0
1811,0.003622,0.0,-0.3573088051862668,0.0,0.0
1812,0.003624,0.0,0.031565227371817,0.0,0.0
1813,0.003626,0.0,0.4125531429762895,0.0,0.0
1814,0.003628,0.0,0.6905396139249288,0.0,0.0
1815,0.00363,0.0,0.7964613985152038,0.0,0.0
1816,0.003632,0.0,0.7046911229042525,0.0,0.0
1817,0.003634,0.0,0.43931727734541187,0.0,0.0
1818,0.003636,0.0,0.06776187880809309,0.0,0.0
1819,0.003638,0.0,-0.31655823188340065,0.0,0.0
1820,0.00364,0.0,-0.6180157341104793,0.0,0.0
1821,0.003642,0.0,-0.7628736444199211,0.0,0.0
1822,0.003644,0.0,-0.7175526783392997,0.0,0.0
1823,0.003646,0.0,-0.4964825467747861,0.0,0.0
1824,0.003648,0.0,-0.15768563118391815,0.0,0.0
1825,0.00365,0.0,0.2125870943766657,0.0,0.0
1826,0.003652,0.0,0.5220652147758187,0.0,0.0
1827,0.003654,0.0,0.6957318668833439,0.0,0.0
1828,0.003656,0.0,0.6942212629706002,0.0,0.0
1829,0.003658,0.0,0.5227762694697468,0.0,0.0
1830,0.00366,0.0,0.2287218435259945,0.0,0.0
1831,0.003662,0.0,-0.11160228855040484,0.0,0.0
1832,0.003664,0.0,-0.4128364286420077,0.0,0.0
1833,0.003666,0.0,-0.6022413175751549,0.0,0.0
1834,0.003668,0.0,-0.6374404314045379,0.0,0.0
1835,0.00367,0.0,-0.5158931053130377,0.0,0.0
1836,0.003672,0.0,-0.27398763306944623,0.0,0.0
1837,0.003674,0.0,0.023628988570302482,0.0,0.0
1838,0.003676,0.0,0.30139570799016013,0.0,0.0
1839,0.003678,0.0,0.4921823908858831,0.0,0.0
1840,0.00368,0.0,0.5536414726679932,0.0,0.0
1841,0.003682,0.0,0.4775526139860593,0.0,0.0
1842,0.003684,0.0,0.29011930762841887,0.0,0.0
1843,0.003686,0.0,0.04358744959821582,0.0,0.0
1844,0.003688,0.0,-0.19824052301002262,0.0,0.0
1845,0.00369,0.0,-0.376589829290608,0.0,0.0
1846,0.003692,0.0,-0.4520644952749505,0.0,0.0
1847,0.003694,0.0,-0.4132458751891985,0.0,0.0
1848,0.003696,0.0,-0.2776975728874587,0.0,0.0
1849,0.003698,0.0,-0.08559659429570354,0.0,0.0
1850,0.0037,0.0,0.11190642572127463,0.0,0.0
1851,0.003702,0.0,0.2662726752877883,0.0,0.0
1852,0.003704,0.0,0.343500568538004,0.0,0.0
1853,0.003706,0.0,0.33146260684923506,0.0,0.0
1854,0.003708,0.0,0.24112108535108093,0.0,0.0
1855,0.00371,0.0,0.10178929409266918,0.0,0.0
1856,0.003712,0.0,-0.04786212818217045,0.0,0.0
1857,0.003714,0.0,-0.17038173828634962,0.0,0.0
1858,0.003716,0.0,-0.23883095359626927,0.0,0.0
1859,0.003718,0.0,-0.2425073566950657,0.0,0.0
1860,0.00372,0.0,-0.1879468179858402,0.0,0.0
1861,0.003722,0.0,-0.09539979051627755,0.0,0.0
1862,0.003724,0.0,0.007846417564224857,0.0,0.0
1863,0.003726,0.0,0.09522442205122661,0.0,0.0
1864,0.003728,0.0,0.14756772051863887,0.0,0.0
1865,0.00373,0.0,0.15707089478216268,0.0,0.0
1866,0.003732,0.0,0.12779054233563977,0.0,0.0
1867,0.003734,0.0,0.07296460676435758,0.0,0.0
1868,0.003736,0.0,0.010261619189026188,0.0,0.0
1869,0.003738,0.0,-0.04349178911549552,0.0,0.0
1870,0.00374,0.0,-0.0765996315433082,0.0,0.0
1871,0.003742,0.0,-0.0847571567453924,0.0,0.0
1872,0.003744,0.0,-0.07094245299069724,0.0,0.0
1873,0.003746,0.0,-0.04331557989769204,0.0,0.0
1874,0.003748,0.0,-0.012022639220915989,0.0,0.0
1875,0.00375,0.0,0.014004637841283621,0.0,0.0
1876,0.003752,0.0,0.029318136992984023,0.0,0.0
1877,0.003754,0.0,0.03277217586228112,0.0,0.0
1878,0.003756,0.0,0.02689289997406567,0.0,0.0
1879,0.003758,0.0,0.016249864665557893,0.0,0.0
1880,0.00376,0.0,0.005528263008033837,0.0,0.0
1881,0.003762,0.0,-0.002012298843160677,0.0,0.0
1882,0.003764,0.0,-0.005244760558264208,0.0,0.0
1883,0.003766,0.0,-0.004958543767790159,0.0,0.0
1884,0.003768,0.0,-0.0029757435343862287,0.0,0.0
1885,0.00377,0.0,-0.0010651158770237246,0.0,0.0
1886,0.003772,0.0,-0.00013312007991562815,0.0,0.0
1887,0.003774,0.0,0.0,0.0,0.0
1888,0.003776,0.0,0.0,0.0,0.0
1889,0.003778,0.0,0.0,0.0,0.0
1890,0.00378,0.0,0.0,0.0,0.0
1891,0.003782,0.0,0.0,0.0,0.0
1892,0.003784,0.0,0.0,0.0,0.0
1893,0.003786,0.0,0.0,0.0,0.0
1894,0.003788,0.0,0.0,0.0,0.0
1895,0.00379,0.0,0.0,0.0,0.0
1896,0.003792,0.0,0.0,0.0,0.0
1897,0.003794,0.0,0.0,0.0,0.0
1898,0.003796,0.0,0.0,0.0,0.0
1899,0.003798,0.0,0.0,0.0,0.0
1900,0.0038,0.0,0.0,0.0,0.0
1901,0.003802,0.0,0.0,0.0,0.0
1902,0.003804,0.0,0.0,0.0,0.0
1903,0.003806,0.0,0.0,0.0,0.0
1904,0.003808,0.0,0.0,0.0,0.0
1905,0.00381,0.0,0.0,0.0,0.0
1906,0.003812,0.0,0.0,0.0,0.0
1907,0.003814,0.0,0.0,0.0,0.0
1908,0.003816,0.0,0.0,0.0,0.0
1909,0.003818,0.0,0.0,0.0,0.0
1910,0.00382,0.0,0.0,0.0,0.0
1911,0.003822,0.0,0.0,0.0,0.0
1912,0.003824,0.0,0.0,0.0,0.0
1913,0.003826,0.0,0.0,0.0,0.0
1914,0.003828,0.0,0.0,0.0,0.0
1915,0.00383,0.0,0.0,0.0,0.0
1916,0.003832,0.0,0.0,0.0,0.0
1917,0.003834,0.0,0.0,0.0,0.0
1918,0.003836,0.0,0.0,0.0,0.0
1919,0.003838,0.0,0.0,0.0,0.0
1920,0.00384,0.0,0.0,0.0,0.0
1921,0.003842,0.0,0.0,0.0,0.0
1922,0.003844,0.0,0.0,0.0,0.0
1923,0.003846,0.0,0.0,0.0,0.0
1924,0.003848,0.0,0.0,0.0,0.0
1925,0.00385,0.0,0.0,0.0,0.0
1926,0.003852,0.0,0.0,0.0,0.0
1927,0.003854,0.0,0.0,0.0,0.0
1928,0.003856,0.0,0.0,0.0,0.0
1929,0.003858,0.0,0.0,0.0,0.0
1930,0.00386,0.0,0.0,0.0,0.0
1931,0.003862,0.0,0.0,0.0,0.0
1932,0.003864,0.0,0.0,0.0,0.0
1933,0.003866,0.0,0.0,0.0,0.0
1934,0.003868,0.0,0.0,0.0,0.0
1935,0.00387,0.0,0.0,0.0,0.0
1936,0.003872,0.0,0.0,0.0,0.0
1937,0.003874,0.0,0.0,0.0,0.0
1938,0.003876,0.0,0.0,0.0,0.0
1939,0.003878,0.0,0.0,0.0,0.0
1940,0.00388,0.0,0.0,0.0,0.0
1941,0.003882,0.0,0.0,0.0,0.0
1942,0.003884,0.0,0.0,0.0,0.0
1943,0.003886,0.0,0.0,0.0,0.0
1944,0.003888,0.0,0.0,0.0,0.0
1945,0.00389,0.0,0.0,0.0,0.0
1946,0.003892,0.0,0.0,0.0,0.0
1947,0.003894,0.0,0.0,0.0,0.0
1948,0.003896,0.0,0.0,0.0,0.0
1949,0.003898,0.0,0.0,0.0,0.0
1950,0.0039,0.0,0.0,0.0,0.0
1951,0.003902,0.0,0.0,0.0,0.0
1952,0.003904,0.0,0.0,0.0,0.0
1953,0.003906,0.0,0.0,0.0,0.0
1954,0.003908,0.0,0.0,0.0,0.0
1955,0.00391,0.0,0.0,0.0,0.0
1956,0.003912,0.0,0.0,0.0,0.0
1957,0.003914,0.0,0.0,0.0,0.0
1958,0.003916,0.0,0.0,0.0,0.0
1959,0.003918,0.0,0.0,0.0,0.0
1960,0.00392,0.0,0.0,0.0,0.0
1961,0.003922,0.0,0.0,0.0,0.0
1962,0.003924,0.0,0.0,0.0,0.0
1963,0.003926,0.0,0.0,0.0,0.0
1964,0.003928,0.0,0.0,0.0,0.0
1965,0.00393,0.0,0.0,0.0,0.0
1966,0.003932,0.0,0.0,0.0,0.0
1967,0.003934,0.0,0.0,0.0,0.0
1968,0.003936,0.0,0.0,0.0,0.0
1969,0.003938,0.0,0.0,0.0,0.0
1970,0.00394,0.0,0.0,0.0,0.0
1971,0.003942,0.0,0.0,0.0,0.0
1972,0.003944,0.0,0.0,0.0,0.0
1973,0.003946,0.0,0.0,0.0,0.0
1974,0.003948,0.0,0.0,0.0,0.0
1975,0.00395,0.0,0.0,0.0,0.0
1976,0.003952,0.0,0.0,0.0,0.0
1977,0.003954,0.0,0.0,0.0,0.0
1978,0.003956,0.0,0.0,0.0,0.0
1979,0.003958,0.0,0.0,0.0,0.0
1980,0.00396,0.0,0.0,0.0,0.0
1981,0.003962,0.0,0.0,0.0,0.0
1982,0.003964,0.0,0.0,0.0,0.0
1983,0.003966,0.0,0.0,0.0,0.0
1984,0.003968,0.0,0.0,0.0,0.0
1985,0.00397,0.0,0.0,0.0,0.0
1986,0.003972,0.0,0.0,0.0,0.0
1987,0.003974,0.0,0.0,0.0,0.0
1988,0.003976,0.0,0.0,0.0,0.0
1989,0.003978,0.0,0.0,0.0,0.0
1990,0.00398,0.0,0.0,0.0,0.0
1991,0.003982,0.0,0.0,0.0,0.0
1992,0.003984,0.0,0.0,0.0,0.0
1993,0.003986,0.0,0.0,0.0,0.0
1994,0.003988,0.0,0.0,0.0,0.0
1995,0.00399,0.0,0.0,0.0,0.0
1996,0.003992,0.0,0.0,0.0,0.0
1997,0.003994,0.0,0.0,0.0,0.0
1998,0.003996,0.0,0.0,0.0,0.0
1999,0.003998,0.0,0.0,0.0,0.0
2000,0.004,0.0,0.0,0.0,0.0
2001,0.004002,0.0,0.0,0.0,0.0
2002,0.004004,0.0,0.0,0.0,0.0
2003,0.004006,0.0,0.0,0.0,0.0
2004,0.004008,0.0,0.0,0.0,0.0
2005,0.00401,0.0,0.0,0.0,0.0
2006,0.004012,0.0,0.0,0.0,0.0
2007,0.004014,0.0,0.0,0.0,0.0
2008,0.004016,0.0,0.0,0.0,0.0
2009,0.004018,0.0,0.0,0.0,0.0
2010,0.00402,0.0,0.0,0.0,0.0
2011,0.004022,0.0,0.0,0.0,0.0
2012,0.004024,0.0,0.0,0.0,0.0
2013,0.004026,0.0,0.0,0.0,0.0
2014,0.004028,0.0,0.0,0.0,0.0
2015,0.00403,0.0,0.0,0.0,0.0
2016,0.004032,0.0,0.0,0.0,0.0
2017,0.004034,0.0,0.0,0.0,0.0
2018,0.004036,0.0,0.0,0.0,0.0
2019,0.004038,0.0,0.0,0.0,0.0
2020,0.00404,0.0,0.0,0.0,0.0
2021,0.004042,0.0,0.0,0.0,0.0
2022,0.004044,0.0,0.0,0.0,0.0
2023,0.004046,0.0,0.0,0.0,0.0
2024,0.004048,0.0,0.0,0.0,0.0
2025,0.00405,0.0,0.0,0.0,0.0
2026,0.004052,0.0,0.0,0.0,0.0
2027,0.004054,0.0,0.0,0.0,0.0
2028,0.004056,0.0,0.0,0.0,0.0
2029,0.004058,0.0,0.0,0.0,0.0
2030,0.00406,0.0,0.0,0.0,0.0
2031,0.004062,0.0,0.0,0.0,0.0
2032,0.004064,0.0,0.0,0.0,0.0
2033,0.004066,0.0,0.0,0.0,0.0
2034,0.004068,0.0,0.0,0.0,0.0
2035,0.00407,0.0,0.0,0.0,0.0
2036,0.004072,0.0,0.0,0.0,0.0
2037,0.004074,0.0,0.0,0.0,0.0
2038,0.004076,0.0,0.0,0.0,0.0
2039,0.004078,0.0,0.0,0.0,0.0
2040,0.00408,0.0,0.0,0.0,0.0
2041,0.004082,0.0,0.0,0.0,0.0
2042,0.004084,0.0,0.0,0.0,0.0
2043,0.004086,0.0,0.0,0.0,0.0
2044,0.004088,0.0,0.0,0.0,0.0
2045,0.00409,0.0,0.0,0.0,0.0
2046,0.004092,0.0,0.0,0.0,0.0
2047,0.004094,0.0,0.0,0.0,0.0
2048,0.004096,0.0,0.0,0.0,0.0
2049,0.004098,0.0,0.0,0.0,0.0
2050,0.0041,0.0,0.0,0.0,0.0
2051,0.004102,0.0,0.0,0.0,0.0
2052,0.004104,0.0,0.0,0.0,0.0
2053,0.004106,0.0,0.0,0.0,0.0
2054,0.004108,0.0,0.0,0.0,0.0
2055,0.00411,0.0,0.0,0.0,0.0
2056,0.004112,0.0,0.0,0.0,0.0
2057,0.004114,0.0,0.0,0.0,0.0
2058,0.004116,0.0,0.0,0.0,0.0
2059,0.004118,0.0,0.0,0.0,0.0
2060,0.00412,0.0,0.0,0.0,0.0
2061,0.004122,0.0,0.0,0.0,0.0
2062,0.004124,0.0,0.0,0.0,0.0
2063,0.004126,0.0,0.0,0.0,0.0
2064,0.004128,0.0,0.0,0.0,0.0
2065,0.00413,0.0,0.0,0.0,0.0
2066,0.004132,0.0,0.0,0.0,0.0
2067,0.004134,0.0,0.0,0.0,0.0
2068,0.004136,0.0,0.0,0.0,0.0
2069,0.004138,0.0,0.0,0.0,0.0
2070,0.00414,0.0,0.0,0.0,0.0
2071,0.004142,0.0,0.0,0.0,0.0
2072,0.004144,0.0,0.0,0.0,0.0
2073,0.004146,0.0,0.0,0.0,0.0
2074,0.004148,0.0,0.0,0.0,0.0
2075,0.00415,0.0,0.0,0.0,0.0
2076,0.004152,0.0,0.0,0.0,0.0
2077,0.004154,0.0,0.0,0.0,0.0
2078,0.004156,0.0,0.0,0.0,0.0
2079,0.004158,0.0,0.0,0.0,0.0
2080,0.00416,0.0,0.0,0.0,0.0
2081,0.004162,0.0,0.0,0.0,0.0
2082,0.004164,0.0,0.0,0.0,0.0
2083,0.004166,0.0,0.0,0.0,0.0
2084,0.004168,0.0,0.0,0.0,0.0
2085,0.00417,0.0,0.0,0.0,0.0
2086,0.004172,0.0,0.0,0.0,0.0
2087,0.004174,0.0,0.0,0.0,0.0
2088,0.004176,0.0,0.0,0.0,0.0
2089,0.004178,0.0,0.0,0.0,0.0
2090,0.00418,0.0,0.0,0.0,0.0
2091,0.004182,0.0,0.0,0.0,0.0
2092,0.004184,0.0,0.0,0.0,0.0
2093,0.004186,0.0,0.0,0.0,0.0
2094,0.004188,0.0,0.0,0.0,0.0
2095,0.00419,0.0,0.0,0.0,0.0
2096,0.004192,0.0,0.0,0.0,0.0
2097,0.004194,0.0,0.0,0.0,0.0
2098,0.004196,0.0,0.0,0.0,0.0
2099,0.004198,0.0,0.0,0.0,0.0
2100,0.0042,0.0,0.0,0.0,0.0
2101,0.004202,0.0,0.0,0.0,0.0
2102,0.004204,0.0,0.0,0.0,0.0
2103,0.004206,0.0,0.0,0.0,0.0
2104,0.004208,0.0,0.0,0.0,0.0
2105,0.00421,0.0,0.0,0.0,0.0
2106,0.004212,0.0,0.0,0.0,0.0
2107,0.004214,0.0,0.0,0.0,0.0
2108,0.004216,0.0,0.0,0.0,0.0
2109,0.004218,0.0,0.0,0.0,0.0
2110,0.00422,0.0,0.0,0.0,0.0
2111,0.004222,0.0,0.0,0.0,0.0
2112,0.004224,0.0,0.0,0.0,0.0
2113,0.004226,0.0,0.0,0.0,0.0
2114,0.004228,0.0,0.0,0.0,0.0
2115,0.00423,0.0,0.0,0.0,0.0
2116,0.004232,0.0,0.0,0.0,0.0
2117,0.004234,0.0,0.0,0.0,0.0
2118,0.004236,0.0,0.0,0.0,0.0
2119,0.004238,0.0,0.0,0.0,0.0
2120,0.00424,0.0,0.0,0.0,0.0
2121,0.004242,0.0,0.0,0.0,0.0
2122,0.004244,0.0,0.0,0.0,0.0
2123,0.004246,0.0,0.0,0.0,0.0
2124,0.004248,0.0,0.0,0.0,0.0
2125,0.00425,0.0,0.0,0.0,0.0
2126,0.004252,0.0,0.0,0.0,0.0
2127,0.004254,0.0,0.0,0.0,0.0
2128,0.004256,0.0,0.0,0.0,0.0
2129,0.004258,0.0,0.0,0.0,0.0
2130,0.00426,0.0,0.0,0.0,0.0
2131,0.004262,0.0,0.0,0.0,0.0
2132,0.004264,0.0,0.0,0.0,0.0
2133,0.004266,0.0,0.0,0.0,0.0
2134,0.004268,0.0,0.0,0.0,0.0
2135,0.00427,0.0,0.0,0.0,0.0
2136,0.004272,0.0,0.0,0.0,0.0
2137,0.004274,0.0,0.0,0.0,0.0
2138,0.004276,0.0,0.0,0.0,0.0
2139,0.004278,0.0,0.0,0.0,0.0
2140,0.00428,0.0,0.0,0.0,0.0
2141,0.004282,0.0,0.0,0.0,0.0
2142,0.004284,0.0,0.0,0.0,0.0
2143,0.004286,0.0,0.0,0.0,0.0
2144,0.004288,0.0,0.0,0.0,0.0
2145,0.00429,0.0,0.0,0.0,0.0
2146,0.004292,0.0,0.0,0.0,0.0
2147,0.004294,0.0,0.0,0.0,0.0
2148,0.004296,0.0,0.0,0.0,0.0
2149,0.004298,0.0,0.0,0.0,0.0
2150,0.0043,0.0,0.0,0.0,0.0
2151,0.004302,0.0,0.0,0.0,0.0
2152,0.004304,0.0,0.0,0.0,0.0
2153,0.004306,0.0,0.0,0.0,0.0
2154,0.004308,0.0,0.0,0.0,0.0
2155,0.00431,0.0,0.0,0.0,0.0
2156,0.004312,0.0,0.0,0.0,0.0
2157,0.004314,0.0,0.0,0.0,0.0
2158,0.004316,0.0,0.0,0.0,0.0
2159,0.004318,0.0,0.0,0.0,0.0
2160,0.00432,0.0,0.0,0.0,0.0
2161,0.004322,0.0,0.0,0.0,0.0
2162,0.004324,0.0,0.0,0.0,0.0
2163,0.004326,0.0,0.0,0.0,0.0
2164,0.004328,0.0,0.0,0.0,0.0
2165,0.00433,0.0,0.0,0.0,0.0
2166,0.004332,0.0,0.0,0.0,0.0
2167,0.004334,0.0,0.0,0.0,0.0
2168,0.004336,0.0,0.0,0.0,0.0
2169,0.004338,0.0,0.0,0.0,0.0
2170,0.00434,0.0,0.0,0.0,0.0
2171,0.004342,0.0,0.0,0.0,0.0
2172,0.004344,0.0,0.0,0.0,0.0
2173,0.004346,0.0,0.0,0.0,0.0
2174,0.004348,0.0,0.0,0.0,0.0
2175,0.00435,0.0,0.0,0.0,0.0
2176,0.004352,0.0,0.0,0.0,0.0
2177,0.004354,0.0,0.0,0.0,0.0
2178,0.004356,0.0,0.0,0.0,0.0
2179,0.004358,0.0,0.0,0.0,0.0
2180,0.00436,0.0,0.0,0.0,0.0
2181,0.004362,0.0,0.0,0.0,0.0
2182,0.004364,0.0,0.0,0.0,0.0
2183,0.004366,0.0,0.0,0.0,0.0
2184,0.004368,0.0,0.0,0.0,0.0
2185,0.00437,0.0,0.0,0.0,0.0
2186,0.004372,0.0,0.0,0.0,0.0
2187,0.004374,0.0,0.0,0.0,0.0
2188,0.004376,0.0,0.0,0.0,0.0
2189,0.004378,0.0,0.0,0.0,0.0
2190,0.00438,0.0,0.0,0.0,0.0
2191,0.004382,0.0,0.0,0.0,0.0
2192,0.004384,0.0,0.0,0.0,0.0
2193,0.004386,0.0,0.0,0.0,0.0
2194,0.004388,0.0,0.0,0.0,0.0
2195,0.00439,0.0,0.0,0.0,0.0
2196,0.004392,0.0,0.0,0.0,0.0
2197,0.004394,0.0,0.0,0.0,0.0
2198,0.004396,0.0,0.0,0.0,0.0
2199,0.004398,0.0,0.0,0.0,0.0
2200,0.0044,0.0,0.0,0.0,0.0
2201,0.004402,0.0,0.0,0.0,0.0
2202,0.004404,0.0,0.0,0.0,0.0
2203,0.004406,0.0,0.0,0.0,0.0
2204,0.004408,0.0,0.0,0.0,0.0
2205,0.00441,0.0,0.0,0.0,0.0
2206,0.004412,0.0,0.0,0.0,0.0
2207,0.004414,0.0,0.0,0.0,0.0
2208,0.004416,0.0,0.0,0.0,0.0
2209,0.004418,0.0,0.0,0.0,0.0
2210,0.00442,0.0,0.0,0.0,0.0
2211,0.004422,0.0,0.0,0.0,0.0
2212,0.004424,0.0,0.0,0.0,0.0
2213,0.004426,0.0,0.0,0.0,0.0
2214,0.004428,0.0,0.0,0.0,0.0
2215,0.00443,0.0,0.0,0.0,0.0
2216,0.004432,0.0,0.0,0.0,0.0
2217,0.004434,0.0,0.0,0.0,0.0
2218,0.004436,0.0,0.0,0.0,0.0
2219,0.004438,0.0,0.0,0.0,0.0
2220,0.00444,0.0,0.0,0.0,0.0
2221,0.004442,0.0,0.0,0.0,0.0
2222,0.004444,0.0,0.0,0.0,0.0
2223,0.004446,0.0,0.0,0.0,0.0
2224,0.004448,0.0,0.0,0.0,0.0
2225,0.00445,0.0,0.0,0.0,0.0
2226,0.004452,0.0,0.0,0.0,0.0
2227,0.004454,0.0,0.0,0.0,0.0
2228,0.004456,0.0,0.0,0.0,0.0
2229,0.004458,0.0,0.0,0.0,0.0
2230,0.00446,0.0,0.0,0.0,0.0
2231,0.004462,0.0,0.0,0.0,0.0
2232,0.004464,0.0,0.0,0.0,0.0
2233,0.004466,0.0,0.0,0.0,0.0
2234,0.004468,0.0,0.0,0.0,0.0
2235,0.00447,0.0,0.0,0.0,0.0
2236,0.004472,0.0,0.0,0.0,0.0
2237,0.004474,0.0,0.0,0.0,0.0
2238,0.004476,0.0,0.0,0.0,0.0
2239,0.004478,0.0,0.0,0.0,0.0
2240,0.00448,0.0,0.0,0.0,0.0
2241,0.004482,0.0,0.0,0.0,0.0
2242,0.004484,0.0,0.0,0.0,0.0
2243,0.004486,0.0,0.0,0.0,0.0
2244,0.004488,0.0,0.0,0.0,0.0
2245,0.00449,0.0,0.0,0.0,0.0
2246,0.004492,0.0,0.0,0.0,0.0
2247,0.004494,0.0,0.0,0.0,0.0
2248,0.004496,0.0,0.0,0.0,0.0
2249,0.004498,0.0,0.0,0.0,0.0
2250,0.0045,0.0,0.0,0.0,0.0
2251,0.004502,0.0,0.0,0.0,0.0
2252,0.004504,0.0,0.0,0.0,0.0
2253,0.004506,0.0,0.0,0.0,0.0
2254,0.004508,0.0,0.0,0.0,0.0
2255,0.00451,0.0,0.0,0.0,0.0
2256,0.004512,0.0,0.0,0.0,0.0
2257,0.004514,0.0,0.0,0.0,0.0
2258,0.004516,0.0,0.0,0.0,0.0
2259,0.004518,0.0,0.0,0.0,0.0
2260,0.00452,0.0,0.0,0.0,0.0
2261,0.004522,0.0,0.0,0.0,0.0
2262,0.004524,0.0,0.0,0.0,0.0
2263,0.004526,0.0,0.0,0.0,0.0
2264,0.004528,0.0,0.0,0.0,0.0
2265,0.00453,0.0,0.0,0.0,0.0
2266,0.004532,0.0,0.0,0.0,0.0
2267,0.004534,0.0,0.0,0.0,0.0
2268,0.004536,0.0,0.0,0.0,0.0
2269,0.004538,0.0,0.0,0.0,0.0
2270,0.00454,0.0,0.0,0.0,0.0
2271,0.004542,0.0,0.0,0.0,0.0
2272,0.004544,0.0,0.0,0.0,0.0
2273,0.004546,0.0,0.0,0.0,0.0
2274,0.004548,0.0,0.0,0.0,0.0
2275,0.00455,0.0,0.0,0.0,0.0
2276,0.004552,0.0,0.0,0.0,0.0
2277,0.004554,0.0,0.0,0.0,0.0
2278,0.004556,0.0,0.0,0.0,0.0
2279,0.004558,0.0,0.0,0.0,0.0
2280,0.00456,0.0,0.0,0.0,0.0
2281,0.004562,0.0,0.0,0.0,0.0
2282,0.004564,0.0,0.0,0.0,0.0
2283,0.004566,0.0,0.0,0.0,0.0
2284,0.004568,0.0,0.0,0.0,0.0
2285,0.00457,0.0,0.0,0.0,0.0
2286,0.004572,0.0,0.0,0.0,0.0
2287,0.004574,0.0,0.0,0.0,0.0
2288,0.004576,0.0,0.0,0.0,0.0
2289,0.004578,0.0,0.0,0.0,0.0
2290,0.00458,0.0,0.0,0.0,0.0
2291,0.004582,0.0,0.0,0.0,0.0
2292,0.004584,0.0,0.0,0.0,0.0
2293,0.004586,0.0,0.0,0.0,0.0
2294,0.004588,0.0,0.0,0.0,0.0
2295,0.00459,0.0,0.0,0.0,0.0
2296,0.004592,0.0,0.0,0.0,0.0
2297,0.004594,0.0,0.0,0.0,0.0
2298,0.004596,0.0,0.0,0.0,0.0
2299,0.004598,0.0,0.0,0.0,0.0
2300,0.0046,0.0,0.0,0.0,0.0
2301,0.004602,0.0,0.0,0.0,0.0
2302,0.004604,0.0,0.0,0.0,0.0
2303,0.004606,0.0,0.0,0.0,0.0
2304,0.004608,0.0,0.0,0.0,0.0
2305,0.00461,0.0,0.0,0.0,0.0
2306,0.004612,0.0,0.0,0.0,0.0
2307,0.004614,0.0,0.0,0.0,0.0
2308,0.004616,0.0,0.0,0.0,0.0
2309,0.004618,0.0,0.0,0.0,0.0
2310,0.00462,0.0,0.0,0.0,0.0
2311,0.004622,0.0,0.0,0.0,0.0
2312,0.004624,0.0,0.0,0.0,0.0
2313,0.004626,0.0,0.0,0.0,0.0
2314,0.004628,0.0,0.0,0.0,0.0
2315,0.00463,0.0,0.0,0.0,0.0
2316,0.004632,0.0,0.0,0.0,0.0
2317,0.004634,0.0,0.0,0.0,0.0
2318,0.004636,0.0,0.0,0.0,0.0
2319,0.004638,0.0,0.0,0.0,0.0
2320,0.00464,0.0,0.0,0.0,0.0
2321,0.004642,0.0,0.0,0.0,0.0
2322,0.004644,0.0,0.0,0.0,0.0
2323,0.004646,0.0,0.0,0.0,0.0
2324,0.004648,0.0,0.0,0.0,0.0
2325,0.00465,0.0,0.0,0.0,0.0
2326,0.004652,0.0,0.0,0.0,0.0
2327,0.004654,0.0,0.0,0.0,0.0
2328,0.004656,0.0,0.0,0.0,0.0
2329,0.004658,0.0,0.0,0.0,0.0
2330,0.00466,0.0,0.0,0.0,0.0
2331,0.004662,0.0,0.0,0.0,0.0
2332,0.004664,0.0,0.0,0.0,0.0
2333,0.004666,0.0,0.0,0.0,0.0
2334,0.004668,0.0,0.0,0.0,0.0
2335,0.00467,0.0,0.0,0.0,0.0
2336,0.004672,0.0,0.0,0.0,0.0
2337,0.004674,0.0,0.0,0.0,0.0
2338,0.004676,0.0,0.0,0.0,0.0
2339,0.004678,0.0,0.0,0.0,0.0
2340,0.00468,0.0,0.0,0.0,0.0
2341,0.004682,0.0,0.0,0.0,0.0
2342,0.004684,0.0,0.0,0.0,0.0
2343,0.004686,0.0,0.0,0.0,0.0
2344,0.004688,0.0,0.0,0.0,0.0
2345,0.00469,0.0,0.0,0.0,0.0
2346,0.004692,0.0,0.0,0.0,0.0
2347,0.004694,0.0,0.0,0.0,0.0
2348,0.004696,0.0,0.0,0.0,0.0
2349,0.004698,0.0,0.0,0.0,0.0
2350,0.0047,0.0,0.0,0.0,0.0
2351,0.004702,0.0,0.0,0.0,0.0
2352,0.004704,0.0,0.0,0.0,0.0
2353,0.004706,0.0,0.0,0.0,0.0
2354,0.004708,0.0,0.0,0.0,0.0
2355,0.00471,0.0,0.0,0.0,0.0
2356,0.004712,0.0,0.0,0.0,0.0
2357,0.004714,0.0,0.0,0.0,0.0
2358,0.004716,0.0,0.0,0.0,0.0
2359,0.004718,0.0,0.0,0.0,0.0
2360,0.00472,0.0,0.0,0.0,0.0
2361,0.004722,0.0,0.0,0.0,0.0
2362,0.004724,0.0,0.0,0.0,0.0
2363,0.004726,0.0,0.0,0.0,0.0
2364,0.004728,0.0,0.0,0.0,0.0
2365,0.00473,0.0,0.0,0.0,0.0
2366,0.004732,0.0,0.0,0.0,0.0
2367,0.004734,0.0,0.0,0.0,0.0
2368,0.004736,0.0,0.0,0.0,0.0
2369,0.004738,0.0,0.0,0.0,0.0
2370,0.00474,0.0,0.0,0.0,0.0
2371,0.004742,0.0,0.0,0.0,0.0
2372,0.004744,0.0,0.0,0.0,0.0
2373,0.004746,0.0,0.0,0.0,0.0
2374,0.004748,0.0,0.0,0.0,0.0
2375,0.00475,0.0,0.0,0.0,0.0
2376,0.004752,0.0,0.0,0.0,0.0
2377,0.004754,0.0,0.0,0.0,0.0
2378,0.004756,0.0,0.0,0.0,0.0
2379,0.004758,0.0,0.0,0.0,0.0
2380,0.00476,0.0,0.0,0.0,0.0
2381,0.004762,0.0,0.0,0.0,0.0
2382,0.004764,0.0,0.0,0.0,0.0
2383,0.004766,0.0,0.0,0.0,0.0
2384,0.004768,0.0,0.0,0.0,0.0
2385,0.00477,0.0,0.0,0.0,0.0
2386,0.004772,0.0,0.0,0.0,0.0
2387,0.004774,0.0,0.0,0.0,0.0
2388,0.004776,0.0,0.0,0.0,0.0
2389,0.004778,0.0,0.0,0.0,0.0
2390,0.00478,0.0,0.0,0.0,0.0
2391,0.004782,0.0,0.0,0.0,0.0
2392,0.004784,0.0,0.0,0.0,0.0
2393,0.004786,0.0,0.0,0.0,0.0
2394,0.004788,0.0,0.0,0.0,0.0
2395,0.00479,0.0,0.0,0.0,0.0
2396,0.004792,0.0,0.0,0.0,0.0
2397,0.004794,0.0,0.0,0.0,0.0
2398,0.004796,0.0,0.0,0.0,0.0
2399,0.004798,0.0,0.0,0.0,0.0
2400,0.0048,0.0,0.0,0.0,0.0
2401,0.004802,0.0,0.0,0.0,0.0
2402,0.004804,0.0,0.0,0.0,0.0
2403,0.004806,0.0,0.0,0.0,0.0
2404,0.004808,0.0,0.0,0.0,0.0
2405,0.00481,0.0,0.0,0.0,0.0
2406,0.004812,0.0,0.0,0.0,0.0
2407,0.004814,0.0,0.0,0.0,0.0
2408,0.004816,0.0,0.0,0.0,0.0
2409,0.004818,0.0,0.0,0.0,0.0
2410,0.00482,0.0,0.0,0.0,0.0
2411,0.004822,0.0,0.0,0.0,0.0
2412,0.004824,0.0,0.0,0.0,0.0
2413,0.004826,0.0,0.0,0.0,0.0
2414,0.004828,0.0,0.0,0.0,0.0
2415,0.00483,0.0,0.0,0.0,0.0
2416,0.004832,0.0,0.0,0.0,0.0
2417,0.004834,0.0,0.0,0.0,0.0
2418,0.004836,0.0,0.0,0.0,0.0
2419,0.004838,0.0,0.0,0.0,0.0
2420,0.00484,0.0,0.0,0.0,0.0
2421,0.004842,0.0,0.0,0.0,0.0
2422,0.004844,0.0,0.0,0.0,0.0
2423,0.004846,0.0,0.0,0.0,0.0
2424,0.004848,0.0,0.0,0.0,0.0
2425,0.00485,0.0,0.0,0.0,0.0
2426,0.004852,0.0,0.0,0.0,0.0
2427,0.004854,0.0,0.0,0.0,0.0
2428,0.004856,0.0,0.0,0.0,0.0
2429,0.004858,0.0,0.0,0.0,0.0
2430,0.00486,0.0,0.0,0.0,0.0
2431,0.004862,0.0,0.0,0.0,0.0
2432,0.004864,0.0,0.0,0.0,0.0
2433,0.004866,0.0,0.0,0.0,0.0
2434,0.004868,0.0,0.0,0.0,0.0
2435,0.00487,0.0,0.0,0.0,0.0
2436,0.004872,0.0,0.0,0.0,0.0
2437,0.004874,0.0,0.0,0.0,0.0
2438,0.004876,0.0,0.0,0.0,0.0
2439,0.004878,0.0,0.0,0.0,0.0
2440,0.00488,0.0,0.0,0.0,0.0
2441,0.004882,0.0,0.0,0.0,0.0
2442,0.004884,0.0,0.0,0.0,0.0
2443,0.004886,0.0,0.0,0.0,0.0
2444,0.004888,0.0,0.0,0.0,0.0
2445,0.00489,0.0,0.0,0.0,0.0
2446,0.004892,0.0,0.0,0.0,0.0
2447,0.004894,0.0,0.0,0.0,0.0
2448,0.004896,0.0,0.0,0.0,0.0
2449,0.004898,0.0,0.0,0.0,0.0
2450,0.0049,0.0,0.0,0.0,0.0
2451,0.004902,0.0,0.0,0.0,0.0
2452,0.004904,0.0,0.0,0.0,0.0
2453,0.004906,0.0,0.0,0.0,0.0
2454,0.004908,0.0,0.0,0.0,0.0
2455,0.00491,0.0,0.0,0.0,0.0
2456,0.004912,0.0,0.0,0.0,0.0
2457,0.004914,0.0,0.0,0.0,0.0
2458,0.004916,0.0,0.0,0.0,0.0
2459,0.004918,0.0,0.0,0.0,0.0
2460,0.00492,0.0,0.0,0.0,0.0
2461,0.004922,0.0,0.0,0.0,0.0
2462,0.004924,0.0,0.0,0.0,0.0
2463,0.004926,0.0,0.0,0.0,0.0
2464,0.004928,0.0,0.0,0.0,0.0
2465,0.00493,0.0,0.0,0.0,0.0
2466,0.004932,0.0,0.0,0.0,0.0
2467,0.004934,0.0,0.0,0.0,0.0
2468,0.004936,0.0,0.0,0.0,0.0
2469,0.004938,0.0,0.0,0.0,0.0
2470,0.00494,0.0,0.0,0.0,0.0
2471,0.004942,0.0,0.0,0.0,0.0
2472,0.004944,0.0,0.0,0.0,0.0
2473,0.004946,0.0,0.0,0.0,0.0
2474,0.004948,0.0,0.0,0.0,0.0
2475,0.00495,0.0,0.0,0.0,0.0
2476,0.004952,0.0,0.0,0.0,0.0
2477,0.004954,0.0,0.0,0.0,0.0
2478,0.004956,0.0,0.0,0.0,0.0
2479,0.004958,0.0,0.0,0.0,0.0
2480,0.00496,0.0,0.0,0.0,0.0
2481,0.004962,0.0,0.0,0.0,0.0
2482,0.004964,0.0,0.0,0.0,0.0
2483,0.004966,0.0,0.0,0.0,0.0
2484,0.004968,0.0,0.0,0.0,0.0
2485,0.00497,0.0,0.0,0.0,0.0
2486,0.004972,0.0,0.0,0.0,0.0
2487,0.004974,0.0,0.0,0.0,0.0
2488,0.004976,0.0,0.0,0.0,0.0
2489,0.004978,0.0,0.0,0.0,0.0
2490,0.00498,0.0,0.0,0.0,0.0
2491,0.004982,0.0,0.0,0.0,0.0
2492,0.004984,0.0,0.0,0.0,0.0
2493,0.004986,0.0,0.0,0.0,0.0
2494,0.004988,0.0,0.0,0.0,0.0
2495,0.00499,0.0,0.0,0.0,0.0
2496,0.004992,0.0,0.0,0.0,0.0
2497,0.004994,0.0,0.0,0.0,0.0
2498,0.004996,0.0,0.0,0.0,0.0
2499,0.004998,0.0,0.0,0.0,0.0
2500,0.005,0.0,0.0,0.0,0.0
2501,0.005002,0.0,0.0,0.0,0.0
2502,0.005004,0.0,0.0,0.0,0.0
2503,0.005006,0.0,0.0,0.0,0.0
2504,0.005008,0.0,0.0,0.0,0.0
2505,0.00501,0.0,0.0,0.0,0.0
2506,0.005012,0.0,0.0,0.0,0.0
2507,0.005014,0.0,0.0,0.0,0.0
2508,0.005016,0.0,0.0,0.0,0.0
2509,0.005018,0.0,0.0,0.0,0.0
2510,0.00502,0.0,0.0,0.0,0.0
2511,0.005022,0.0,0.0,0.0,0.0
2512,0.005024,0.0,0.0,0.0,0.0
2513,0.005026,0.0,0.0,0.0,0.0
2514,0.005028,0.0,0.0,0.0,0.0
2515,0.00503,0.0,0.0,0.0,0.0
2516,0.005032,0.0,0.0,0.0,0.0
2517,0.005034,0.0,0.0,0.0,0.0
2518,0.005036,0.0,0.0,0.0,0.0
2519,0.005038,0.0,0.0,0.0,0.0
2520,0.00504,0.0,0.0,0.0,0.0
2521,0.005042,0.0,0.0,0.0,0.0
2522,0.005044,0.0,0.0,0.0,0.0
2523,0.005046,0.0,0.0,0.0,0.0
2524,0.005048,0.0,0.0,0.0,0.0
2525,0.00505,0.0,0.0,0.0,0.0
2526,0.005052,0.0,0.0,0.0,0.0
2527,0.005054,0.0,0.0,0.0,0.0
2528,0.005056,0.0,0.0,0.0,0.0
2529,0.005058,0.0,0.0,0.0,0.0
2530,0.00506,0.0,0.0,0.0,0.0
2531,0.005062,0.0,0.0,0.0,0.0
2532,0.005064,0.0,0.0,0.0,0.0
2533,0.005066,0.0,0.0,0.0,0.0
2534,0.005068,0.0,0.0,0.0,0.0
2535,0.00507,0.0,0.0,0.0,0.0
2536,0.005072,0.0,0.0,0.0,0.0
2537,0.005074,0.0,0.0,0.0,0.0
2538,0.005076,0.0,0.0,0.0,0.0
2539,0.005078,0.0,0.0,0.0,0.0
2540,0.00508,0.0,0.0,0.0,0.0
2541,0.005082,0.0,0.0,0.0,0.0
2542,0.005084,0.0,0.0,0.0,0.0
2543,0.005086,0.0,0.0,0.0,0.0
2544,0.005088,0.0,0.0,0.0,0.0
2545,0.00509,0.0,0.0,0.0,0.0
2546,0.005092,0.0,0.0,0.0,0.0
2547,0.005094,0.0,0.0,0.0,0.0
2548,0.005096,0.0,0.0,0.0,0.0
2549,0.005098,0.0,0.0,0.0,0.0
2550,0.0051,0.0,0.0,0.0,0.0
2551,0.005102,0.0,0.0,0.0,0.0
2552,0.005104,0.0,0.0,0.0,0.0
2553,0.005106,0.0,0.0,0.0,0.0
2554,0.005108,0.0,0.0,0.0,0.0
2555,0.00511,0.0,0.0,0.0,0.0
2556,0.005112,0.0,0.0,0.0,0.0
2557,0.005114,0.0,0.0,0.0,0.0
2558,0.005116,0.0,0.0,0.0,0.0
2559,0.005118,0.0,0.0,0.0,0.0
2560,0.00512,0.0,0.0,0.0,0.0
2561,0.005122,0.0,0.0,0.0,0.0
2562,0.005124,0.0,0.0,0.0,0.0
2563,0.005126,0.0,0.0,0.0,0.0
2564,0.005128,0.0,0.0,0.0,0.0
2565,0.00513,0.0,0.0,0.0,0.0
2566,0.005132,0.0,0.0,0.0,0.0
2567,0.005134,0.0,0.0,0.0,0.0
2568,0.005136,0.0,0.0,0.0,0.0
2569,0.005138,0.0,0.0,0.0,0.0
2570,0.00514,0.0,0.0,0.0,0.0
2571,0.005142,0.0,0.0,0.0,0.0
2572,0.005144,0.0,0.0,0.0,0.0
2573,0.005146,0.0,0.0,0.0,0.0
2574,0.005148,0.0,0.0,0.0,0.0
2575,0.00515,0.0,0.0,0.0,0.0
2576,0.005152,0.0,0.0,0.0,0.0
2577,0.005154,0.0,0.0,0.0,0.0
2578,0.005156,0.0,0.0,0.0,0.0
2579,0.005158,0.0,0.0,0.0,0.0
2580,0.00516,0.0,0.0,0.0,0.0
2581,0.005162,0.0,0.0,0.0,0.0
2582,0.005164,0.0,0.0,0.0,0.0
2583,0.005166,0.0,0.0,0.0,0.0
2584,0.005168,0.0,0.0,0.0,0.0
2585,0.00517,0.0,0.0,0.0,0.0
2586,0.005172,0.0,0.0,0.0,0.0
2587,0.005174,0.0,0.0,0.0,0.0
2588,0.005176,0.0,0.0,0.0,0.0
2589,0.005178,0.0,0.0,0.0,0.0
2590,0.00518,0.0,0.0,0.0,0.0
2591,0.005182,0.0,0.0,0.0,0.0
2592,0.005184,0.0,0.0,0.0,0.0
2593,0.005186,0.0,0.0,0.0,0.0
2594,0.005188,0.0,0.0,0.0,0.0
2595,0.00519,0.0,0.0,0.0,0.0
2596,0.005192,0.0,0.0,0.0,0.0
2597,0.005194,0.0,0.0,0.0,0.0
2598,0.005196,0.0,0.0,0.0,0.0
2599,0.005198,0.0,0.0,0.0,0.0
2600,0.0052,0.0,0.0,0.0,0.0
2601,0.005202,0.0,0.0,0.0,0.0
2602,0.005204,0.0,0.0,0.0,0.0
2603,0.005206,0.0,0.0,0.0,0.0
2604,0.005208,0.0,0.0,0.0,0.0
2605,0.00521,0.0,0.0,0.0,0.0
2606,0.005212,0.0,0.0,0.0,0.0
2607,0.005214,0.0,0.0,0.0,0.0
2608,0.005216,0.0,0.0,0.0,0.0
2609,0.005218,0.0,0.0,0.0,0.0
2610,0.00522,0.0,0.0,0.0,0.0
2611,0.005222,0.0,0.0,0.0,0.0
2612,0.005224,0.0,0.0,0.0,0.0
2613,0.005226,0.0,0.0,0.0,0.0
2614,0.005228,0.0,0.0,0.0,0.0
2615,0.00523,0.0,0.0,0.0,0.0
2616,0.005232,0.0,0.0,0.0,0.0
2617,0.005234,0.0,0.0,0.0,0.0
2618,0.005236,0.0,0.0,0.0,0.0
2619,0.005238,0.0,0.0,0.0,0.0
2620,0.00524,0.0,0.0,0.0,0.0
2621,0.005242,0.0,0.0,0.0,0.0
2622,0.005244,0.0,0.0,0.0,0.0
2623,0.005246,0.0,0.0,0.0,0.0
2624,0.005248,0.0,0.0,0.0,0.0
2625,0.00525,0.0,0.0,0.0,0.0
2626,0.005252,0.0,0.0,0.0,0.0
2627,0.005254,0.0,0.0,0.0,0.0
2628,0.005256,0.0,0.0,0.0,0.0
2629,0.005258,0.0,0.0,0.0,0.0
2630,0.00526,0.0,0.0,0.0,0.0
2631,0.005262,0.0,0.0,0.0,0.0
2632,0.005264,0.0,0.0,0.0,0.0
2633,0.005266,0.0,0.0,0.0,0.0
2634,0.005268,0.0,0.0,0.0,0.0
2635,0.00527,0.0,0.0,0.0,0.0
2636,0.005272,0.0,0.0,0.0,0.0
2637,0.005274,0.0,0.0,0.0,0.0
2638,0.005276,0.0,0.0,0.0,0.0
2639,0.005278,0.0,0.0,0.0,0.0
2640,0.00528,0.0,0.0,0.0,0.0
2641,0.005282,0.0,0.0,0.0,0.0
2642,0.005284,0.0,0.0,0.0,0.0
2643,0.005286,0.0,0.0,0.0,0.0
2644,0.005288,0.0,0.0,0.0,0.0
2645,0.00529,0.0,0.0,0.0,0.0
2646,0.005292,0.0,0.0,0.0,0.0
2647,0.005294,0.0,0.0,0.0,0.0
2648,0.005296,0.0,0.0,0.0,0.0
2649,0.005298,0.0,0.0,0.0,0.0
2650,0.0053,0.0,0.0,0.0,0.0
2651,0.005302,0.0,0.0,0.0,0.0
2652,0.005304,0.0,0.0,0.0,0.0
2653,0.005306,0.0,0.0,0.0,0.0
2654,0.005308,0.0,0.0,0.0,0.0
2655,0.00531,0.0,0.0,0.0,0.0
2656,0.005312,0.0,0.0,0.0,0.0
2657,0.005314,0.0,0.0,0.0,0.0
2658,0.005316,0.0,0.0,0.0,0.0
2659,0.005318,0.0,0.0,0.0,0.0
2660,0.00532,0.0,0.0,0.0,0.0
2661,0.005322,0.0,0.0,0.0,0.0
2662,0.005324,0.0,0.0,0.0,0.0
2663,0.005326,0.0,0.0,0.0,0.0
2664,0.005328,0.0,0.0,0.0,0.0
2665,0.00533,0.0,0.0,0.0,0.0
2666,0.005332,0.0,0.0,0.0,0.0
2667,0.005334,0.0,0.0,0.0,0.0
2668,0.005336,0.0,0.0,0.0,0.0
2669,0.005338,0.0,0.0,0.0,0.0
2670,0.00534,0.0,0.0,0.0,0.0
2671,0.005342,0.0,0.0,0.0,0.0
2672,0.005344,0.0,0.0,0.0,0.0
2673,0.005346,0.0,0.0,0.0,0.0
2674,0.005348,0.0,0.0,0.0,0.0
2675,0.00535,0.0,0.0,0.0,0.0
2676,0.005352,0.0,0.0,0.0,0.0
2677,0.005354,0.0,0.0,0.0,0.0
2678,0.005356,0.0,0.0,0.0,0.0
2679,0.005358,0.0,0.0,0.0,0.0
2680,0.00536,0.0,0.0,0.0,0.0
2681,0.005362,0.0,0.0,0.0,0.0
2682,0.005364,0.0,0.0,0.0,0.0
2683,0.005366,0.0,0.0,0.0,0.0
2684,0.005368,0.0,0.0,0.0,0.0
2685,0.00537,0.0,0.0,0.0,0.0
2686,0.005372,0.0,0.0,0.0,0.0
2687,0.005374,0.0,0.0,0.0,0.0
2688,0.005376,0.0,0.0,0.0,0.0
2689,0.005378,0.0,0.0,0.0,0.0
2690,0.00538,0.0,0.0,0.0,0.0
2691,0.005382,0.0,0.0,0.0,0.0
2692,0.005384,0.0,0.0,0.0,0.0
2693,0.005386,0.0,0.0,0.0,0.0
2694,0.005388,0.0,0.0,0.0,0.0
2695,0.00539,0.0,0.0,0.0,0.0
2696,0.005392,0.0,0.0,0.0,0.0
2697,0.005394,0.0,0.0,0.0,0.0
2698,0.005396,0.0,0.0,0.0,0.0
2699,0.005398,0.0,0.0,0.0,0.0
2700,0.0054,0.0,0.0,0.0,0.0
2701,0.005402,0.0,0.0,0.0,0.0
2702,0.005404,0.0,0.0,0.0,0.0
2703,0.005406,0.0,0.0,0.0,0.0
2704,0.005408,0.0,0.0,0.0,0.0
2705,0.00541,0.0,0.0,0.0,0.0
2706,0.005412,0.0,0.0,0.0,0.0
2707,0.005414,0.0,0.0,0.0,0.0
2708,0.005416,0.0,0.0,0.0,0.0
2709,0.005418,0.0,0.0,0.0,0.0
2710,0.00542,0.0,0.0,0.0,0.0
2711,0.005422,0.0,0.0,0.0,0.0
2712,0.005424,0.0,0.0,0.0,0.0
2713,0.005426,0.0,0.0,0.0,0.0
2714,0.005428,0.0,0.0,0.0,0.0
2715,0.00543,0.0,0.0,0.0,0.0
2716,0.005432,0.0,0.0,0.0,0.0
2717,0.005434,0.0,0.0,0.0,0.0
2718,0.005436,0.0,0.0,0.0,0.0
2719,0.005438,0.0,0.0,0.0,0.0
2720,0.00544,0.0,0.0,0.0,0.0
2721,0.005442,0.0,0.0,0.0,0.0
2722,0.005444,0.0,0.0,0.0,0.0
2723,0.005446,0.0,0.0,0.0,0.0
2724,0.005448,0.0,0.0,0.0,0.0
2725,0.00545,0.0,0.0,0.0,0.0
2726,0.005452,0.0,0.0,0.0,0.0
2727,0.005454,0.0,0.0,0.0,0.0
2728,0.005456,0.0,0.0,0.0,0.0
2729,0.005458,0.0,0.0,0.0,0.0
2730,0.00546,0.0,0.0,0.0,0.0
2731,0.005462,0.0,0.0,0.0,0.0
2732,0.005464,0.0,0.0,0.0,0.0
2733,0.005466,0.0,0.0,0.0,0.0
2734,0.005468,0.0,0.0,0.0,0.0
2735,0.00547,0.0,0.0,0.0,0.0
2736,0.005472,0.0,0.0,0.0,0.0
2737,0.005474,0.0,0.0,0.0,0.0
2738,0.005476,0.0,0.0,0.0,0.0
2739,0.005478,0.0,0.0,0.0,0.0
2740,0.00548,0.0,0.0,0.0,0.0
2741,0.005482,0.0,0.0,0.0,0.0
2742,0.005484,0.0,0.0,0.0,0.0
2743,0.005486,0.0,0.0,0.0,0.0
2744,0.005488,0.0,0.0,0.0,0.0
2745,0.00549,0.0,0.0,0.0,0.0
2746,0.005492,0.0,0.0,0.0,0.0
2747,0.005494,0.0,0.0,0.0,0.0
2748,0.005496,0.0,0.0,0.0,0.0
2749,0.005498,0.0,0.0,0.0,0.0
2750,0.0055,0.0,0.0,0.0,0.0
2751,0.005502,0.0,0.0,0.0,0.0
2752,0.005504,0.0,0.0,0.0,0.0
2753,0.005506,0.0,0.0,0.0,0.0
2754,0.005508,0.0,0.0,0.0,0.0
2755,0.00551,0.0,0.0,0.0,0.0
2756,0.005512,0.0,0.0,0.0,0.0
2757,0.005514,0.0,0.0,0.0,0.0
2758,0.005516,0.0,0.0,0.0,0.0
2759,0.005518,0.0,0.0,0.0,0.0
2760,0.00552,0.0,0.0,0.0,0.0
2761,0.005522,0.0,0.0,0.0,0.0
2762,0.005524,0.0,0.0,0.0,0.0
2763,0.005526,0.0,0.0,0.0,0.0
2764,0.005528,0.0,0.0,0.0,0.0
2765,0.00553,0.0,0.0,0.0,0.0
2766,0.005532,0.0,0.0,0.0,0.0
2767,0.005534,0.0,0.0,0.0,0.0
2768,0.005536,0.0,0.0,0.0,0.0
2769,0.005538,0.0,0.0,0.0,0.0
2770,0.00554,0.0,0.0,0.0,0.0
2771,0.005542,0.0,0.0,0.0,0.0
2772,0.005544,0.0,0.0,0.0,0.0
2773,0.005546,0.0,0.0,0.0,0.0
2774,0.005548,0.0,0.0,0.0,0.0
2775,0.00555,0.0,0.0,0.0,0.0
2776,0.005552,0.0,0.0,0.0,0.0
2777,0.005554,0.0,0.0,0.0,0.0
2778,0.005556,0.0,0.0,0.0,0.0
2779,0.005558,0.0,0.0,0.0,0.0
2780,0.00556,0.0,0.0,0.0,0.0
2781,0.005562,0.0,0.0,0.0,0.0
2782,0.005564,0.0,0.0,0.0,0.0
2783,0.005566,0.0,0.0,0.0,0.0
2784,0.005568,0.0,0.0,0.0,0.0
2785,0.00557,0.0,0.0,0.0,0.0
2786,0.005572,0.0,0.0,0.0,0.0
2787,0.005574,0.0,0.0,0.0,0.0
2788,0.005576,0.0,0.0,0.0,0.0
2789,0.005578,0.0,0.0,0.0,0.0
2790,0.00558,0.0,0.0,0.0,0.0
2791,0.005582,0.0,0.0,0.0,0.0
2792,0.005584,0.0,0.0,0.0,0.0
2793,0.005586,0.0,0.0,0.0,0.0
2794,0.005588,0.0,0.0,0.0,0.0
2795,0.00559,0.0,0.0,0.0,0.0
2796,0.005592,0.0,0.0,0.0,0.0
2797,0.005594,0.0,0.0,0.0,0.0
2798,0.005596,0.0,0.0,0.0,0.0
2799,0.005598,0.0,0.0,0.0,0.0
2800,0.0056,0.0,0.0,0.0,0.0
2801,0.005602,0.0,0.0,0.0,0.0
2802,0.005604,0.0,0.0,0.0,0.0
2803,0.005606,0.0,0.0,0.0,0.0
2804,0.005608,0.0,0.0,0.0,0.0
2805,0.00561,0.0,0.0,0.0,0.0
2806,0.005612,0.0,0.0,0.0,0.0
2807,0.005614,0.0,0.0,0.0,0.0
2808,0.005616,0.0,0.0,0.0,0.0
2809,0.005618,0.0,0.0,0.0,0.0
2810,0.00562,0.0,0.0,0.0,0.0
2811,0.005622,0.0,0.0,0.0,0.0
2812,0.005624,0.0,0.0,0.0,0.0
2813,0.005626,0.0,0.0,0.0,0.0
2814,0.005628,0.0,0.0,0.0,0.0
2815,0.00563,0.0,0.0,0.0,0.0
2816,0.005632,0.0,0.0,0.0,0.0
2817,0.005634,0.0,0.0,0.0,0.0
2818,0.005636,0.0,0.0,0.0,0.0
2819,0.005638,0.0,0.0,0.0,0.0
2820,0.00564,0.0,0.0,0.0,0.0
2821,0.005642,0.0,0.0,0.0,0.0
2822,0.005644,0.0,0.0,0.0,0.0
2823,0.005646,0.0,0.0,0.0,0.0
2824,0.005648,0.0,0.0,0.0,0.0
2825,0.00565,0.0,0.0,0.0,0.0
2826,0.005652,0.0,0.0,0.0,0.0
2827,0.005654,0.0,0.0,0.0,0.0
2828,0.005656,0.0,0.0,0.0,0.0
2829,0.005658,0.0,0.0,0.0,0.0
2830,0.00566,0.0,0.0,0.0,0.0
2831,0.005662,0.0,0.0,0.0,0.0
2832,0.005664,0.0,0.0,0.0,0.0
2833,0.005666,0.0,0.0,0.0,0.0
2834,0.005668,0.0,0.0,0.0,0.0
2835,0.00567,0.0,0.0,0.0,0.0
2836,0.005672,0.0,0.0,0.0,0.0
2837,0.005674,0.0,0.0,0.0,0.0
2838,0.005676,0.0,0.0,0.0,0.0
2839,0.005678,0.0,0.0,0.0,0.0
2840,0.00568,0.0,0.0,0.0,0.0
2841,0.005682,0.0,0.0,0.0,0.0
2842,0.005684,0.0,0.0,0.0,0.0
2843,0.005686,0.0,0.0,0.0,0.0
2844,0.005688,0.0,0.0,0.0,0.0
2845,0.00569,0.0,0.0,0.0,0.0
2846,0.005692,0.0,0.0,0.0,0.0
2847,0.005694,0.0,0.0,0.0,0.0
2848,0.005696,0.0,0.0,0.0,0.0
2849,0.005698,0.0,0.0,0.0,0.0
2850,0.0057,0.0,0.0,0.0,0.0
2851,0.005702,0.0,0.0,0.0,0.0
2852,0.005704,0.0,0.0,0.0,0.0
2853,0.005706,0.0,0.0,0.0,0.0
2854,0.005708,0.0,0.0,0.0,0.0
2855,0.00571,0.0,0.0,0.0,0.0
2856,0.005712,0.0,0.0,0.0,0.0
2857,0.005714,0.0,0.0,0.0,0.0
2858,0.005716,0.0,0.0,0.0,0.0
2859,0.005718,0.0,0.0,0.0,0.0
2860,0.00572,0.0,0.0,0.0,0.0
2861,0.005722,0.0,0.0,0.0,0.0
2862,0.005724,0.0,0.0,0.0,0.0
2863,0.005726,0.0,0.0,0.0,0.0
2864,0.005728,0.0,0.0,0.0,0.0
2865,0.00573,0.0,0.0,0.0,0.0
2866,0.005732,0.0,0.0,0.0,0.0
2867,0.005734,0.0,0.0,0.0,0.0
2868,0.005736,0.0,0.0,0.0,0.0
2869,0.005738,0.0,0.0,0.0,0.0
2870,0.00574,0.0,0.0,0.0,0.0
2871,0.005742,0.0,0.0,0.0,0.0
2872,0.005744,0.0,0.0,0.0,0.0
2873,0.005746,0.0,0.0,0.0,0.0
2874,0.005748,0.0,0.0,0.0,0.0
2875,0.00575,0.0,0.0,0.0,0.0
2876,0.005752,0.0,0.0,0.0,0.0
2877,0.005754,0.0,0.0,0.0,0.0
2878,0.005756,0.0,0.0,0.0,0.0
2879,0.005758,0.0,0.0,0.0,0.0
2880,0.00576,0.0,0.0,0.0,0.0
2881,0.005762,0.0,0.0,0.0,0.0
2882,0.005764,0.0,0.0,0.0,0.0
2883,0.005766,0.0,0.0,0.0,0.0
2884,0.005768,0.0,0.0,0.0,0.0
2885,0.00577,0.0,0.0,0.0,0.0
2886,0.005772,0.0,0.0,0.0,0.0
2887,0.005774,0.0,0.0,0.0,0.0
2888,0.005776,0.0,0.0,0.0,0.0
2889,0.005778,0.0,0.0,0.0,0.0
2890,0.00578,0.0,0.0,0.0,0.0
2891,0.005782,0.0,0.0,0.0,0.0
2892,0.005784,0.0,0.0,0.0,0.0
2893,0.005786,0.0,0.0,0.0,0.0
2894,0.005788,0.0,0.0,0.0,0.0
2895,0.00579,0.0,0.0,0.0,0.0
2896,0.005792,0.0,0.0,0.0,0.0
2897,0.005794,0.0,0.0,0.0,0.0
2898,0.005796,0.0,0.0,0.0,0.0
2899,0.005798,0.0,0.0,0.0,0.0
2900,0.0058,0.0,0.0,0.0,0.0
2901,0.005802,0.0,0.0,0.0,0.0
2902,0.005804,0.0,0.0,0.0,0.0
2903,0.005806,0.0,0.0,0.0,0.0
2904,0.005808,0.0,0.0,0.0,0.0
2905,0.00581,0.0,0.0,0.0,0.0
2906,0.005812,0.0,0.0,0.0,0.0
2907,0.005814,0.0,0.0,0.0,0.0
2908,0.005816,0.0,0.0,0.0,0.0
2909,0.005818,0.0,0.0,0.0,0.0
2910,0.00582,0.0,0.0,0.0,0.0
2911,0.005822,0.0,0.0,0.0,0.0
2912,0.005824,0.0,0.0,0.0,0.0
2913,0.005826,0.0,0.0,0.0,0.0
2914,0.005828,0.0,0.0,0.0,0.0
2915,0.00583,0.0,0.0,0.0,0.0
2916,0.005832,0.0,0.0,0.0,0.0
2917,0.005834,0.0,0.0,0.0,0.0
2918,0.005836,0.0,0.0,0.0,0.0
2919,0.005838,0.0,0.0,0.0,0.0
2920,0.00584,0.0,0.0,0.0,0.0
2921,0.005842,0.0,0.0,0.0,0.0
2922,0.005844,0.0,0.0,0.0,0.0
2923,0.005846,0.0,0.0,0.0,0.0
2924,0.005848,0.0,0.0,0.0,0.0
2925,0.00585,0.0,0.0,0.0,0.0
2926,0.005852,0.0,0.0,0.0,0.0
2927,0.005854,0.0,0.0,0.0,0.0
2928,0.005856,0.0,0.0,0.0,0.0
2929,0.005858,0.0,0.0,0.0,0.0
2930,0.00586,0.0,0.0,0.0,0.0
2931,0.005862,0.0,0.0,0.0,0.0
2932,0.005864,0.0,0.0,0.0,0.0
2933,0.005866,0.0,0.0,0.0,0.0
2934,0.005868,0.0,0.0,0.0,0.0
2935,0.00587,0.0,0.0,0.0,0.0
2936,0.005872,0.0,0.0,0.0,0.0
2937,0.005874,0.0,0.0,0.0,0.0
2938,0.005876,0.0,0.0,0.0,0.0
2939,0.005878,0.0,0.0,0.0,0.0
2940,0.00588,0.0,0.0,0.0,0.0
2941,0.005882,0.0,0.0,0.0,0.0
2942,0.005884,0.0,0.0,0.0,0.0
2943,0.005886,0.0,0.0,0.0,0.0
2944,0.005888,0.0,0.0,0.0,0.0
2945,0.00589,0.0,0.0,0.0,0.0
2946,0.005892,0.0,0.0,0.0,0.0
2947,0.005894,0.0,0.0,0.0,0.0
2948,0.005896,0.0,0.0,0.0,0.0
2949,0.005898,0.0,0.0,0.0,0.0
2950,0.0059,0.0,0.0,0.0,0.0
2951,0.005902,0.0,0.0,0.0,0.0
2952,0.005904,0.0,0.0,0.0,0.0
2953,0.005906,0.0,0.0,0.0,0.0
2954,0.005908,0.0,0.0,0.0,0.0
2955,0.00591,0.0,0.0,0.0,0.0
2956,0.005912,0.0,0.0,0.0,0.0
2957,0.005914,0.0,0.0,0.0,0.0
2958,0.005916,0.0,0.0,0.0,0.0
2959,0.005918,0.0,0.0,0.0,0.0
2960,0.00592,0.0,0.0,0.0,0.0
2961,0.005922,0.0,0.0,0.0,0.0
2962,0.005924,0.0,0.0,0.0,0.0
2963,0.005926,0.0,0.0,0.0,0.0
2964,0.005928,0.0,0.0,0.0,0.0
2965,0.00593,0.0,0.0,0.0,0.0
2966,0.005932,0.0,0.0,0.0,0.0
2967,0.005934,0.0,0.0,0.0,0.0
2968,0.005936,0.0,0.0,0.0,0.0
2969,0.005938,0.0,0.0,0.0,0.0
2970,0.00594,0.0,0.0,0.0,0.0
2971,0.005942,0.0,0.0,0.0,0.0
2972,0.005944,0.0,0.0,0.0,0.0
2973,0.005946,0.0,0.0,0.0,0.0
2974,0.005948,0.0,0.0,0.0,0.0
2975,0.00595,0.0,0.0,0.0,0.0
2976,0.005952,0.0,0.0,0.0,0.0
2977,0.005954,0.0,0.0,0.0,0.0
2978,0.005956,0.0,0.0,0.0,0.0
2979,0.005958,0.0,0.0,0.0,0.0
2980,0.00596,0.0,0.0,0.0,0.0
2981,0.005962,0.0,0.0,0.0,0.0
2982,0.005964,0.0,0.0,0.0,0.0
2983,0.005966,0.0,0.0,0.0,0.0
2984,0.005968,0.0,0.0,0.0,0.0
2985,0.00597,0.0,0.0,0.0,0.0
2986,0.005972,0.0,0.0,0.0,0.0
2987,0.005974,0.0,0.0,0.0,0.0
2988,0.005976,0.0,0.0,0.0,0.0
2989,0.005978,0.0,0.0,0.0,0.0
2990,0.00598,0.0,0.0,0.0,0.0
2991,0.005982,0.0,0.0,0.0,0.0
2992,0.005984,0.0,0.0,0.0,0.0
2993,0.005986,0.0,0.0,0.0,0.0
2994,0.005988,0.0,0.0,0.0,0.0
2995,0.00599,0.0,0.0,0.0,0.0
2996,0.005992,0.0,0.0,0.0,0.0
2997,0.005994,0.0,0.0,0.0,0.0
2998,0.005996,0.0,0.0,0.0,0.0
2999,0.005998,0.0,0.0,0.0,0.0
3000,0.006,0.0,0.0,0.0,0.0
3001,0.006002,0.0,0.0,0.0,0.0
3002,0.006004,0.0,0.0,0.0,0.0
3003,0.006006,0.0,0.0,0.0,0.0
3004,0.006008,0.0,0.0,0.0,0.0
3005,0.00601,0.0,0.0,0.0,0.0
3006,0.006012,0.0,0.0,0.0,0.0
3007,0.006014,0.0,0.0,0.0,0.0
3008,0.006016,0.0,0.0,0.0,0.0
3009,0.006018,0.0,0.0,0.0,0.0
3010,0.00602,0.0,0.0,0.0,0.0
3011,0.006022,0.0,0.0,0.0,0.0
3012,0.006024,0.0,0.0,0.0,0.0
3013,0.006026,0.0,0.0,0.0,0.0
3014,0.006028,0.0,0.0,0.0,0.0
3015,0.00603,0.0,0.0,0.0,0.0
3016,0.006032,0.0,0.0,0.0,0.0
3017,0.006034,0.0,0.0,0.0,0.0
3018,0.006036,0.0,0.0,0.0,0.0
3019,0.006038,0.0,0.0,0.0,0.0
3020,0.00604,0.0,0.0,0.0,0.0
3021,0.006042,0.0,0.0,0.0,0.0
3022,0.006044,0.0,0.0,0.0,0.0
3023,0.006046,0.0,0.0,0.0,0.0
3024,0.006048,0.0,0.0,0.0,0.0
3025,0.00605,0.0,0.0,0.0,0.0
3026,0.006052,0.0,0.0,0.0,0.0
3027,0.006054,0.0,0.0,0.0,0.0
3028,0.006056,0.0,0.0,0.0,0.0
3029,0.006058,0.0,0.0,0.0,0.0
3030,0.00606,0.0,0.0,0.0,0.0
3031,0.006062,0.0,0.0,0.0,0.0
3032,0.006064,0.0,0.0,0.0,0.0
3033,0.006066,0.0,0.0,0.0,0.0
3034,0.006068,0.0,0.0,0.0,0.0
3035,0.00607,0.0,0.0,0.0,0.0
3036,0.006072,0.0,0.0,0.0,0.0
3037,0.006074,0.0,0.0,0.0,0.0
3038,0.006076,0.0,0.0,0.0,0.0
3039,0.006078,0.0,0.0,0.0,0.0
3040,0.00608,0.0,0.0,0.0,0.0
3041,0.006082,0.0,0.0,0.0,0.0
3042,0.006084,0.0,0.0,0.0,0.0
3043,0.006086,0.0,0.0,0.0,0.0
3044,0.006088,0.0,0.0,0.0,0.0
3045,0.00609,0.0,0.0,0.0,0.0
3046,0.006092,0.0,0.0,0.0,0.0
3047,0.006094,0.0,0.0,0.0,0.0
3048,0.006096,0.0,0.0,0.0,0.0
3049,0.006098,0.0,0.0,0.0,0.0
3050,0.0061,0.0,0.0,0.0,0.0
3051,0.006102,0.0,0.0,0.0,0.0
3052,0.006104,0.0,0.0,0.0,0.0
3053,0.006106,0.0,0.0,0.0,0.0
3054,0.006108,0.0,0.0,0.0,0.0
3055,0.00611,0.0,0.0,0.0,0.0
3056,0.006112,0.0,0.0,0.0,0.0
3057,0.006114,0.0,0.0,0.0,0.0
3058,0.006116,0.0,0.0,0.0,0.0
3059,0.006118,0.0,0.0,0.0,0.0
3060,0.00612,0.0,0.0,0.0,0.0
3061,0.006122,0.0,0.0,0.0,0.0
3062,0.006124,0.0,0.0,0.0,0.0
3063,0.006126,0.0,0.0,0.0,0.0
3064,0.006128,0.0,0.0,0.0,0.0
3065,0.00613,0.0,0.0,0.0,0.0
3066,0.006132,0.0,0.0,0.0,0.0
3067,0.006134,0.0,0.0,0.0,0.0
3068,0.006136,0.0,0.0,0.0,0.0
3069,0.006138,0.0,0.0,0.0,0.0
3070,0.00614,0.0,0.0,0.0,0.0
3071,0.006142,0.0,0.0,0.0,0.0
3072,0.006144,0.0,0.0,0.0,0.0
3073,0.006146,0.0,0.0,0.0,0.0
3074,0.006148,0.0,0.0,0.0,0.0
3075,0.00615,0.0,0.0,0.0,0.0
3076,0.006152,0.0,0.0,0.0,0.0
3077,0.006154,0.0,0.0,0.0,0.0
3078,0.006156,0.0,0.0,0.0,0.0
3079,0.006158,0.0,0.0,0.0,0.0
3080,0.00616,0.0,0.0,0.0,0.0
3081,0.006162,0.0,0.0,0.0,0.0
3082,0.006164,0.0,0.0,0.0,0.0
3083,0.006166,0.0,0.0,0.0,0.0
3084,0.006168,0.0,0.0,0.0,0.0
3085,0.00617,0.0,0.0,0.0,0.0
3086,0.006172,0.0,0.0,0.0,0.0
3087,0.006174,0.0,0.0,0.0,0.0
3088,0.006176,0.0,0.0,0.0,0.0
3089,0.006178,0.0,0.0,0.0,0.0
3090,0.00618,0.0,0.0,0.0,0.0
3091,0.006182,0.0,0.0,0.0,0.0
3092,0.006184,0.0,0.0,0.0,0.0
3093,0.006186,0.0,0.0,0.0,0.0
3094,0.006188,0.0,0.0,0.0,0.0
3095,0.00619,0.0,0.0,0.0,0.0
3096,0.006192,0.0,0.0,0.0,0.0
3097,0.006194,0.0,0.0,0.0,0.0
3098,0.006196,0.0,0.0,0.0,0.0
3099,0.006198,0.0,0.0,0.0,0.0
3100,0.0062,0.0,0.0,0.0,0.0
3101,0.006202,0.0,0.0,0.0,0.0
3102,0.006204,0.0,0.0,0.0,0.0
3103,0.006206,0.0,0.0,0.0,0.0
3104,0.006208,0.0,0.0,0.0,0.0
3105,0.00621,0.0,0.0,0.0,0.0
3106,0.006212,0.0,0.0,0.0,0.0
3107,0.006214,0.0,0.0,0.0,0.0
3108,0.006216,0.0,0.0,0.0,0.0
3109,0.006218,0.0,0.0,0.0,0.0
3110,0.00622,0.0,0.0,0.0,0.0
3111,0.006222,0.0,0.0,0.0,0.0
3112,0.006224,0.0,0.0,0.0,0.0
3113,0.006226,0.0,0.0,0.0,0.0
3114,0.006228,0.0,0.0,0.0,0.0
3115,0.00623,0.0,0.0,0.0,0.0
3116,0.006232,0.0,0.0,0.0,0.0
3117,0.006234,0.0,0.0,0.0,0.0
3118,0.006236,0.0,0.0,0.0,0.0
3119,0.006238,0.0,0.0,0.0,0.0
3120,0.00624,0.0,0.0,0.0,0.0
3121,0.006242,0.0,0.0,0.0,0.0
3122,0.006244,0.0,0.0,0.0,0.0
3123,0.006246,0.0,0.0,0.0,0.0
3124,0.006248,0.0,0.0,0.0,0.0
3125,0.00625,0.0,0.0,0.0,0.0
3126,0.006252,0.0,0.0,0.0,0.0
3127,0.006254,0.0,0.0,0.0,0.0
3128,0.006256,0.0,0.0,0.0,0.0
3129,0.006258,0.0,0.0,0.0,0.0
3130,0.00626,0.0,0.0,0.0,0.0
3131,0.006262,0.0,0.0,0.0,0.0
3132,0.006264,0.0,0.0,0.0,0.0
3133,0.006266,0.0,0.0,0.0,0.0
3134,0.006268,0.0,0.0,0.0,0.0
3135,0.00627,0.0,0.0,0.0,0.0
3136,0.006272,0.0,0.0,0.0,0.0
3137,0.006274,0.0,0.0,0.0,0.0
3138,0.006276,0.0,0.0,0.0,0.0
3139,0.006278,0.0,0.0,0.0,0.0
3140,0.00628,0.0,0.0,0.0,0.0
3141,0.006282,0.0,0.0,0.0,0.0
3142,0.006284,0.0,0.0,0.0,0.0
3143,0.006286,0.0,0.0,0.0,0.0
3144,0.006288,0.0,0.0,0.0,0.0
3145,0.00629,0.0,0.0,0.0,0.0
3146,0.006292,0.0,0.0,0.0,0.0
3147,0.006294,0.0,0.0,0.0,0.0
3148,0.006296,0.0,0.0,0.0,0.0
3149,0.006298,0.0,0.0,0.0,0.0
3150,0.0063,0.0,0.0,0.0,0.0
3151,0.006302,0.0,0.0,0.0,0.0
3152,0.006304,0.0,0.0,0.0,0.0
3153,0.006306,0.0,0.0,0.0,0.0
3154,0.006308,0.0,0.0,0.0,0.0
3155,0.00631,0.0,0.0,0.0,0.0
3156,0.006312,0.0,0.0,0.0,0.0
3157,0.006314,0.0,0.0,0.0,0.0
3158,0.006316,0.0,0.0,0.0,0.0
3159,0.006318,0.0,0.0,0.0,0.0
3160,0.00632,0.0,0.0,0.0,0.0
3161,0.006322,0.0,0.0,0.0,0.0
3162,0.006324,0.0,0.0,0.0,0.0
3163,0.006326,0.0,0.0,0.0,0.0
3164,0.006328,0.0,0.0,0.0,0.0
3165,0.00633,0.0,0.0,0.0,0.0
3166,0.006332,0.0,0.0,0.0,0.0
3167,0.006334,0.0,0.0,0.0,0.0
3168,0.006336,0.0,0.0,0.0,0.0
3169,0.006338,0.0,0.0,0.0,0.0
3170,0.00634,0.0,0.0,0.0,0.0
3171,0.006342,0.0,0.0,0.0,0.0
3172,0.006344,0.0,0.0,0.0,0.0
3173,0.006346,0.0,0.0,0.0,0.0
3174,0.006348,0.0,0.0,0.0,0.0
3175,0.00635,0.0,0.0,0.0,0.0
3176,0.006352,0.0,0.0,0.0,0.0
3177,0.006354,0.0,0.0,0.0,0.0
3178,0.006356,0.0,0.0,0.0,0.0
3179,0.006358,0.0,0.0,0.0,0.0
3180,0.00636,0.0,0.0,0.0,0.0
3181,0.006362,0.0,0.0,0.0,0.0
3182,0.006364,0.0,0.0,0.0,0.0
3183,0.006366,0.0,0.0,0.0,0.0
3184,0.006368,0.0,0.0,0.0,0.0
3185,0.00637,0.0,0.0,0.0,0.0
3186,0.006372,0.0,0.0,0.0,0.0
3187,0.006374,0.0,0.0,0.0,0.0
3188,0.006376,0.0,0.0,0.0,0.0
3189,0.006378,0.0,0.0,0.0,0.0
3190,0.00638,0.0,0.0,0.0,0.0
3191,0.006382,0.0,0.0,0.0,0.0
3192,0.006384,0.0,0.0,0.0,0.0
3193,0.006386,0.0,0.0,0.0,0.0
3194,0.006388,0.0,0.0,0.0,0.0
3195,0.00639,0.0,0.0,0.0,0.0
3196,0.006392,0.0,0.0,0.0,0.0
3197,0.006394,0.0,0.0,0.0,0.0
3198,0.006396,0.0,0.0,0.0,0.0
3199,0.006398,0.0,0.0,0.0,0.0
3200,0.0064,0.0,0.0,0.0,0.0
3201,0.006402,0.0,0.0,0.0,0.0
3202,0.006404,0.0,0.0,0.0,0.0
3203,0.006406,0.0,0.0,0.0,0.0
3204,0.006408,0.0,0.0,0.0,0.0
3205,0.00641,0.0,0.0,0.0,0.0
3206,0.006412,0.0,0.0,0.0,0.0
3207,0.006414,0.0,0.0,0.0,0.0
3208,0.006416,0.0,0.0,0.0,0.0
3209,0.006418,0.0,0.0,0.0,0.0
3210,0.00642,0.0,0.0,0.0,0.0
3211,0.006422,0.0,0.0,0.0,0.0
3212,0.006424,0.0,0.0,0.0,0.0
3213,0.006426,0.0,0.0,0.0,0.0
3214,0.006428,0.0,0.0,0.0,0.0
3215,0.00643,0.0,0.0,0.0,0.0
3216,0.006432,0.0,0.0,0.0,0.0
3217,0.006434,0.0,0.0,0.0,0.0
3218,0.006436,0.0,0.0,0.0,0.0
3219,0.006438,0.0,0.0,0.0,0.0
3220,0.00644,0.0,0.0,0.0,0.0
3221,0.006442,0.0,0.0,0.0,0.0
3222,0.006444,0.0,0.0,0.0,0.0
3223,0.006446,0.0,0.0,0.0,0.0
3224,0.006448,0.0,0.0,0.0,0.0
3225,0.00645,0.0,0.0,0.0,0.0
3226,0.006452,0.0,0.0,0.0,0.0
3227,0.006454,0.0,0.0,0.0,0.0
3228,0.006456,0.0,0.0,0.0,0.0
3229,0.006458,0.0,0.0,0.0,0.0
3230,0.00646,0.0,0.0,0.0,0.0
3231,0.006462,0.0,0.0,0.0,0.0
3232,0.006464,0.0,0.0,0.0,0.0
3233,0.006466,0.0,0.0,0.0,0.0
3234,0.006468,0.0,0.0,0.0,0.0
3235,0.00647,0.0,0.0,0.0,0.0
3236,0.006472,0.0,0.0,0.0,0.0
3237,0.006474,0.0,0.0,0.0,0.0
3238,0.006476,0.0,0.0,0.0,0.0
3239,0.006478,0.0,0.0,0.0,0.0
3240,0.00648,0.0,0.0,0.0,0.0
3241,0.006482,0.0,0.0,0.0,0.0
3242,0.006484,0.0,0.0,0.0,0.0
3243,0.006486,0.0,0.0,0.0,0.0
3244,0.006488,0.0,0.0,0.0,0.0
3245,0.00649,0.0,0.0,0.0,0.0
3246,0.006492,0.0,0.0,0.0,0.0
3247,0.006494,0.0,0.0,0.0,0.0
3248,0.006496,0.0,0.0,0.0,0.0
3249,0.006498,0.0,0.0,0.0,0.0
3250,0.0065,0.0,0.0,0.0,0.0
3251,0.006502,0.0,0.0,0.0,0.0
3252,0.006504,0.0,0.0,0.0,0.0
3253,0.006506,0.0,0.0,0.0,0.0
3254,0.006508,0.0,0.0,0.0,0.0
3255,0.00651,0.0,0.0,0.0,0.0
3256,0.006512,0.0,0.0,0.0,0.0
3257,0.006514,0.0,0.0,0.0,0.0
3258,0.006516,0.0,0.0,0.0,0.0
3259,0.006518,0.0,0.0,0.0,0.0
3260,0.00652,0.0,0.0,0.0,0.0
3261,0.006522,0.0,0.0,0.0,0.0
3262,0.006524,0.0,0.0,0.0,0.0
3263,0.006526,0.0,0.0,0.0,0.0
3264,0.006528,0.0,0.0,0.0,0.0
3265,0.00653,0.0,0.0,0.0,0.0
3266,0.006532,0.0,0.0,0.0,0.0
3267,0.006534,0.0,0.0,0.0,0.0
3268,0.006536,0.0,0.0,0.0,0.0
3269,0.006538,0.0,0.0,0.0,0.0
3270,0.00654,0.0,0.0,0.0,0.0
3271,0.006542,0.0,0.0,0.0,0.0
3272,0.006544,0.0,0.0,0.0,0.0
3273,0.006546,0.0,0.0,0.0,0.0
3274,0.006548,0.0,0.0,0.0,0.0
3275,0.00655,0.0,0.0,0.0,0.0
3276,0.006552,0.0,0.0,0.0,0.0
3277,0.006554,0.0,0.0,0.0,0.0
3278,0.006556,0.0,0.0,0.0,0.0
3279,0.006558,0.0,0.0,0.0,0.0
3280,0.00656,0.0,0.0,0.0,0.0
3281,0.006562,0.0,0.0,0.0,0.0
3282,0.006564,0.0,0.0,0.0,0.0
3283,0.006566,0.0,0.0,0.0,0.0
3284,0.006568,0.0,0.0,0.0,0.0
3285,0.00657,0.0,0.0,0.0,0.0
3286,0.006572,0.0,0.0,0.0,0.0
3287,0.006574,0.0,0.0,0.0,0.0
3288,0.006576,0.0,0.0,0.0,0.0
3289,0.006578,0.0,0.0,0.0,0.0
3290,0.00658,0.0,0.0,0.0,0.0
3291,0.006582,0.0,0.0,0.0,0.0
3292,0.006584,0.0,0.0,0.0,0.0
3293,0.006586,0.0,0.0,0.0,0.0
3294,0.006588,0.0,0.0,0.0,0.0
3295,0.00659,0.0,0.0,0.0,0.0
3296,0.006592,0.0,0.0,0.0,0.0
3297,0.006594,0.0,0.0,0.0,0.0
3298,0.006596,0.0,0.0,0.0,0.0
3299,0.006598,0.0,0.0,0.0,0.0
3300,0.0066,0.0,0.0,0.0,0.0
3301,0.006602,0.0,0.0,0.0,0.0
3302,0.006604,0.0,0.0,0.0,0.0
3303,0.006606,0.0,0.0,0.0,0.0
3304,0.006608,0.0,0.0,0.0,0.0
3305,0.00661,0.0,0.0,0.0,0.0
3306,0.006612,0.0,0.0,0.0,0.0
3307,0.006614,0.0,0.0,0.0,0.0
3308,0.006616,0.0,0.0,0.0,0.0
3309,0.006618,0.0,0.0,0.0,0.0
3310,0.00662,0.0,0.0,0.0,0.0
3311,0.006622,0.0,0.0,0.0,0.0
3312,0.006624,0.0,0.0,0.0,0.0
3313,0.006626,0.0,0.0,0.0,0.0
3314,0.006628,0.0,0.0,0.0,0.0
3315,0.00663,0.0,0.0,0.0,0.0
3316,0.006632,0.0,0.0,0.0,0.0
3317,0.006634,0.0,0.0,0.0,0.0
3318,0.006636,0.0,0.0,0.0,0.0
3319,0.006638,0.0,0.0,0.0,0.0
3320,0.00664,0.0,0.0,0.0,0.0
3321,0.006642,0.0,0.0,0.0,0.0
3322,0.006644,0.0,0.0,0.0,0.0
3323,0.006646,0.0,0.0,0.0,0.0
3324,0.006648,0.0,0.0,0.0,0.0
3325,0.00665,0.0,0.0,0.0,0.0
3326,0.006652,0.0,0.0,0.0,0.0
3327,0.006654,0.0,0.0,0.0,0.0
3328,0.006656,0.0,0.0,0.0,0.0
3329,0.006658,0.0,0.0,0.0,0.0
3330,0.00666,0.0,0.0,0.0,0.0
3331,0.006662,0.0,0.0,0.0,0.0
3332,0.006664,0.0,0.0,0.0,0.0
3333,0.006666,0.0,0.0,0.0,0.0
3334,0.006668,0.0,0.0,0.0,0.0
3335,0.00667,0.0,0.0,0.0,0.0
3336,0.006672,0.0,0.0,0.0,0.0
3337,0.006674,0.0,0.0,0.0,0.0
3338,0.006676,0.0,0.0,0.0,0.0
3339,0.006678,0.0,0.0,0.0,0.0
3340,0.00668,0.0,0.0,0.0,0.0
3341,0.006682,0.0,0.0,0.0,0.0
3342,0.006684,0.0,0.0,0.0,0.0
3343,0.006686,0.0,0.0,0.0,0.0
3344,0.006688,0.0,0.0,0.0,0.0
3345,0.00669,0.0,0.0,0.0,0.0
3346,0.006692,0.0,0.0,0.0,0.0
3347,0.006694,0.0,0.0,0.0,0.0
3348,0.006696,0.0,0.0,0.0,0.0
3349,0.006698,0.0,0.0,0.0,0.0
3350,0.0067,0.0,0.0,0.0,0.0
3351,0.006702,0.0,0.0,0.0,0.0
3352,0.006704,0.0,0.0,0.0,0.0
3353,0.006706,0.0,0.0,0.0,0.0
3354,0.006708,0.0,0.0,0.0,0.0
3355,0.00671,0.0,0.0,0.0,0.0
3356,0.006712,0.0,0.0,0.0,0.0
3357,0.006714,0.0,0.0,0.0,0.0
3358,0.006716,0.0,0.0,0.0,0.0
3359,0.006718,0.0,0.0,0.0,0.0
3360,0.00672,0.0,0.0,0.0,0.0
3361,0.006722,0.0,0.0,0.0,0.0
3362,0.006724,0.0,0.0,0.0,0.0
3363,0.006726,0.0,0.0,0.0,0.0
3364,0.006728,0.0,0.0,0.0,0.0
3365,0.00673,0.0,0.0,0.0,0.0
3366,0.006732,0.0,0.0,0.0,0.0
3367,0.006734,0.0,0.0,0.0,0.0
3368,0.006736,0.0,0.0,0.0,0.0
3369,0.006738,0.0,0.0,0.0,0.0
3370,0.00674,0.0,0.0,0.0,0.0
3371,0.006742,0.0,0.0,0.0,0.0
3372,0.006744,0.0,0.0,0.0,0.0
3373,0.006746,0.0,0.0,0.0,0.0
3374,0.006748,0.0,0.0,0.0,0.0
3375,0.00675,0.0,0.0,0.0,0.0
3376,0.006752,0.0,0.0,0.0,0.0
3377,0.006754,0.0,0.0,0.0,0.0
3378,0.006756,0.0,0.0,0.0,0.0
3379,0.006758,0.0,0.0,0.0,0.0
3380,0.00676,0.0,0.0,0.0,0.0
3381,0.006762,0.0,0.0,0.0,0.0
3382,0.006764,0.0,0.0,0.0,0.0
3383,0.006766,0.0,0.0,0.0,0.0
3384,0.006768,0.0,0.0,0.0,0.0
3385,0.00677,0.0,0.0,0.0,0.0
3386,0.006772,0.0,0.0,0.0,0.0
3387,0.006774,0.0,0.0,0.0,0.0
3388,0.006776,0.0,0.0,0.0,0.0
3389,0.006778,0.0,0.0,0.0,0.0
3390,0.00678,0.0,0.0,0.0,0.0
3391,0.006782,0.0,0.0,0.0,0.0
3392,0.006784,0.0,0.0,0.0,0.0
3393,0.006786,0.0,0.0,0.0,0.0
3394,0.006788,0.0,0.0,0.0,0.0
3395,0.00679,0.0,0.0,0.0,0.0
3396,0.006792,0.0,0.0,0.0,0.0
3397,0.006794,0.0,0.0,0.0,0.0
3398,0.006796,0.0,0.0,0.0,0.0
3399,0.006798,0.0,0.0,0.0,0.0
3400,0.0068,0.0,0.0,0.0,0.0
3401,0.006802,0.0,0.0,0.0,0.0
3402,0.006804,0.0,0.0,0.0,0.0
3403,0.006806,0.0,0.0,0.0,0.0
3404,0.006808,0.0,0.0,0.0,0.0
3405,0.00681,0.0,0.0,0.0,0.0
3406,0.006812,0.0,0.0,0.0,0.0
3407,0.006814,0.0,0.0,0.0,0.0
3408,0.006816,0.0,0.0,0.0,0.0
3409,0.006818,0.0,0.0,0.0,0.0
3410,0.00682,0.0,0.0,0.0,0.0
3411,0.006822,0.0,0.0,0.0,0.0
3412,0.006824,0.0,0.0,0.0,0.0
3413,0.006826,0.0,0.0,0.0,0.0
3414,0.006828,0.0,0.0,0.0,0.0
3415,0.00683,0.0,0.0,0.0,0.0
3416,0.006832,0.0,0.0,0.0,0.0
3417,0.006834,0.0,0.0,0.0,0.0
3418,0.006836,0.0,0.0,0.0,0.0
3419,0.006838,0.0,0.0,0.0,0.0
3420,0.00684,0.0,0.0,0.0,0.0
3421,0.006842,0.0,0.0,0.0,0.0
3422,0.006844,0.0,0.0,0.0,0.0
3423,0.006846,0.0,0.0,0.0,0.0
3424,0.006848,0.0,0.0,0.0,0.0
3425,0.00685,0.0,0.0,0.0,0.0
3426,0.006852,0.0,0.0,0.0,0.0
3427,0.006854,0.0,0.0,0.0,0.0
3428,0.006856,0.0,0.0,0.0,0.0
3429,0.006858,0.0,0.0,0.0,0.0
3430,0.00686,0.0,0.0,0.0,0.0
3431,0.006862,0.0,0.0,0.0,0.0
3432,0.006864,0.0,0.0,0.0,0.0
3433,0.006866,0.0,0.0,0.0,0.0
3434,0.006868,0.0,0.0,0.0,0.0
3435,0.00687,0.0,0.0,0.0,0.0
3436,0.006872,0.0,0.0,0.0,0.0
3437,0.006874,0.0,0.0,0.0,0.0
3438,0.006876,0.0,0.0,0.0,0.0
3439,0.006878,0.0,0.0,0.0,0.0
3440,0.00688,0.0,0.0,0.0,0.0
3441,0.006882,0.0,0.0,0.0,0.0
3442,0.006884,0.0,0.0,0.0,0.0
3443,0.006886,0.0,0.0,0.0,0.0
3444,0.006888,0.0,0.0,0.0,0.0
3445,0.00689,0.0,0.0,0.0,0.0
3446,0.006892,0.0,0.0,0.0,0.0
3447,0.006894,0.0,0.0,0.0,0.0
3448,0.006896,0.0,0.0,0.0,0.0
3449,0.006898,0.0,0.0,0.0,0.0
3450,0.0069,0.0,0.0,0.0,0.0
3451,0.006902,0.0,0.0,0.0,0.0
3452,0.006904,0.0,0.0,0.0,0.0
3453,0.006906,0.0,0.0,0.0,0.0
3454,0.006908,0.0,0.0,0.0,0.0
3455,0.00691,0.0,0.0,0.0,0.0
3456,0.006912,0.0,0.0,0.0,0.0
3457,0.006914,0.0,0.0,0.0,0.0
3458,0.006916,0.0,0.0,0.0,0.0
3459,0.006918,0.0,0.0,0.0,0.0
3460,0.00692,0.0,0.0,0.0,0.0
3461,0.006922,0.0,0.0,0.0,0.0
3462,0.006924,0.0,0.0,0.0,0.0
3463,0.006926,0.0,0.0,0.0,0.0
3464,0.006928,0.0,0.0,0.0,0.0
3465,0.00693,0.0,0.0,0.0,0.0
3466,0.006932,0.0,0.0,0.0,0.0
3467,0.006934,0.0,0.0,0.0,0.0
3468,0.006936,0.0,0.0,0.0,0.0
3469,0.006938,0.0,0.0,0.0,0.0
3470,0.00694,0.0,0.0,0.0,0.0
3471,0.006942,0.0,0.0,0.0,0.0
3472,0.006944,0.0,0.0,0.0,0.0
3473,0.006946,0.0,0.0,0.0,0.0
3474,0.006948,0.0,0.0,0.0,0.0
3475,0.00695,0.0,0.0,0.0,0.0
3476,0.006952,0.0,0.0,0.0,0.0
3477,0.006954,0.0,0.0,0.0,0.0
3478,0.006956,0.0,0.0,0.0,0.0
3479,0.006958,0.0,0.0,0.0,0.0
3480,0.00696,0.0,0.0,0.0,0.0
3481,0.006962,0.0,0.0,0.0,0.0
3482,0.006964,0.0,0.0,0.0,0.0
3483,0.006966,0.0,0.0,0.0,0.0
3484,0.006968,0.0,0.0,0.0,0.0
3485,0.00697,0.0,0.0,0.0,0.0
3486,0.006972,0.0,0.0,0.0,0.0
3487,0.006974,0.0,0.0,0.0,0.0
3488,0.006976,0.0,0.0,0.0,0.0
3489,0.006978,0.0,0.0,0.0,0.0
3490,0.00698,0.0,0.0,0.0,0.0
3491,0.006982,0.0,0.0,0.0,0.0
3492,0.006984,0.0,0.0,0.0,0.0
3493,0.006986,0.0,0.0,0.0,0.0
3494,0.006988,0.0,0.0,0.0,0.0
3495,0.00699,0.0,0.0,0.0,0.0
3496,0.006992,0.0,0.0,0.0,0.0
3497,0.006994,0.0,0.0,0.0,0.0
3498,0.006996,0.0,0.0,0.0,0.0
3499,0.006998,0.0,0.0,0.0,0.0
3500,0.007,0.0,0.0,0.0,0.0
3501,0.007002,0.0,0.0,0.0,0.0
3502,0.007004,0.0,0.0,0.0,0.0
3503,0.007006,0.0,0.0,0.0,0.0
3504,0.007008,0.0,0.0,0.0,0.0
3505,0.00701,0.0,0.0,0.0,0.0
3506,0.007012,0.0,0.0,0.0,0.0
3507,0.007014,0.0,0.0,0.0,0.0
3508,0.007016,0.0,0.0,0.0,0.0
3509,0.007018,0.0,0.0,0.0,0.0
3510,0.00702,0.0,0.0,0.0,0.0
3511,0.007022,0.0,0.0,0.0,0.0
3512,0.007024,0.0,0.0,0.0,0.0
3513,0.007026,0.0,0.0,0.0,0.0
3514,0.007028,0.0,0.0,0.0,0.0
3515,0.00703,0.0,0.0,0.0,0.0
3516,0.007032,0.0,0.0,0.0,0.0
3517,0.007034,0.0,0.0,0.0,0.0
3518,0.007036,0.0,0.0,0.0,0.0
3519,0.007038,0.0,0.0,0.0,0.0
3520,0.00704,0.0,0.0,0.0,0.0
3521,0.007042,0.0,0.0,0.0,0.0
3522,0.007044,0.0,0.0,0.0,0.0
3523,0.007046,0.0,0.0,0.0,0.0
3524,0.007048,0.0,0.0,0.0,0.0
3525,0.00705,0.0,0.0,0.0,0.0
3526,0.007052,0.0,0.0,0.0,0.0
3527,0.007054,0.0,0.0,0.0,0.0
3528,0.007056,0.0,0.0,0.0,0.0
3529,0.007058,0.0,0.0,0.0,0.0
3530,0.00706,0.0,0.0,0.0,0.0
3531,0.007062,0.0,0.0,0.0,0.0
3532,0.007064,0.0,0.0,0.0,0.0
3533,0.007066,0.0,0.0,0.0,0.0
3534,0.007068,0.0,0.0,0.0,0.0
3535,0.00707,0.0,0.0,0.0,0.0
3536,0.007072,0.0,0.0,0.0,0.0
3537,0.007074,0.0,0.0,0.0,0.0
3538,0.007076,0.0,0.0,0.0,0.0
3539,0.007078,0.0,0.0,0.0,0.0
3540,0.00708,0.0,0.0,0.0,0.0
3541,0.007082,0.0,0.0,0.0,0.0
3542,0.007084,0.0,0.0,0.0,0.0
3543,0.007086,0.0,0.0,0.0,0.0
3544,0.007088,0.0,0.0,0.0,0.0
3545,0.00709,0.0,0.0,0.0,0.0
3546,0.007092,0.0,0.0,0.0,0.0
3547,0.007094,0.0,0.0,0.0,0.0
3548,0.007096,0.0,0.0,0.0,0.0
3549,0.007098,0.0,0.0,0.0,0.0
3550,0.0071,0.0,0.0,0.0,0.0
3551,0.007102,0.0,0.0,0.0,0.0
3552,0.007104,0.0,0.0,0.0,0.0
3553,0.007106,0.0,0.0,0.0,0.0
3554,0.007108,0.0,0.0,0.0,0.0
3555,0.00711,0.0,0.0,0.0,0.0
3556,0.007112,0.0,0.0,0.0,0.0
3557,0.007114,0.0,0.0,0.0,0.0
3558,0.007116,0.0,0.0,0.0,0.0
3559,0.007118,0.0,0.0,0.0,0.0
3560,0.00712,0.0,0.0,0.0,0.0
3561,0.007122,0.0,0.0,0.0,0.0
3562,0.007124,0.0,0.0,0.0,0.0
3563,0.007126,0.0,0.0,0.0,0.0
3564,0.007128,0.0,0.0,0.0,0.0
3565,0.00713,0.0,0.0,0.0,0.0
3566,0.007132,0.0,0.0,0.0,0.0
3567,0.007134,0.0,0.0,0.0,0.0
3568,0.007136,0.0,0.0,0.0,0.0
3569,0.007138,0.0,0.0,0.0,0.0
3570,0.00714,0.0,0.0,0.0,0.0
3571,0.007142,0.0,0.0,0.0,0.0
3572,0.007144,0.0,0.0,0.0,0.0
3573,0.007146,0.0,0.0,0.0,0.0
3574,0.007148,0.0,0.0,0.0,0.0
3575,0.00715,0.0,0.0,0.0,0.0
3576,0.007152,0.0,0.0,0.0,0.0
3577,0.007154,0.0,0.0,0.0,0.0
3578,0.007156,0.0,0.0,0.0,0.0
3579,0.007158,0.0,0.0,0.0,0.0
3580,0.00716,0.0,0.0,0.0,0.0
3581,0.007162,0.0,0.0,0.0,0.0
3582,0.007164,0.0,0.0,0.0,0.0
3583,0.007166,0.0,0.0,0.0,0.0
3584,0.007168,0.0,0.0,0.0,0.0
3585,0.00717,0.0,0.0,0.0,0.0
3586,0.007172,0.0,0.0,0.0,0.0
3587,0.007174,0.0,0.0,0.0,0.0
3588,0.007176,0.0,0.0,0.0,0.0
3589,0.007178,0.0,0.0,0.0,0.0
3590,0.00718,0.0,0.0,0.0,0.0
3591,0.007182,0.0,0.0,0.0,0.0
3592,0.007184,0.0,0.0,0.0,0.0
3593,0.007186,0.0,0.0,0.0,0.0
3594,0.007188,0.0,0.0,0.0,0.0
3595,0.00719,0.0,0.0,0.0,0.0
3596,0.007192,0.0,0.0,0.0,0.0
3597,0.007194,0.0,0.0,0.0,0.0
3598,0.007196,0.0,0.0,0.0,0.0
3599,0.007198,0.0,0.0,0.0,0.0
3600,0.0072,0.0,0.0,0.0,0.0
3601,0.007202,0.0,0.0,0.0,0.0
3602,0.007204,0.0,0.0,0.0,0.0
3603,0.007206,0.0,0.0,0.0,0.0
3604,0.007208,0.0,0.0,0.0,0.0
3605,0.00721,0.0,0.0,0.0,0.0
3606,0.007212,0.0,0.0,0.0,0.0
3607,0.007214,0.0,0.0,0.0,0.0
3608,0.007216,0.0,0.0,0.0,0.0
3609,0.007218,0.0,0.0,0.0,0.0
3610,0.00722,0.0,0.0,0.0,0.0
3611,0.007222,0.0,0.0,0.0,0.0
3612,0.007224,0.0,0.0,0.0,0.0
3613,0.007226,0.0,0.0,0.0,0.0
3614,0.007228,0.0,0.0,0.0,0.0
3615,0.00723,0.0,0.0,0.0,0.0
3616,0.007232,0.0,0.0,0.0,0.0
3617,0.007234,0.0,0.0,0.0,0.0
3618,0.007236,0.0,0.0,0.0,0.0
3619,0.007238,0.0,0.0,0.0,0.0
3620,0.00724,0.0,0.0,0.0,0.0
3621,0.007242,0.0,0.0,0.0,0.0
3622,0.007244,0.0,0.0,0.0,0.0
3623,0.007246,0.0,0.0,0.0,0.0
3624,0.007248,0.0,0.0,0.0,0.0
3625,0.00725,0.0,0.0,0.0,0.0
3626,0.007252,0.0,0.0,0.0,0.0
3627,0.007254,0.0,0.0,0.0,0.0
3628,0.007256,0.0,0.0,0.0,0.0
3629,0.007258,0.0,0.0,0.0,0.0
3630,0.00726,0.0,0.0,0.0,0.0
3631,0.007262,0.0,0.0,0.0,0.0
3632,0.007264,0.0,0.0,0.0,0.0
3633,0.007266,0.0,0.0,0.0,0.0
3634,0.007268,0.0,0.0,0.0,0.0
3635,0.00727,0.0,0.0,0.0,0.0
3636,0.007272,0.0,0.0,0.0,0.0
3637,0.007274,0.0,0.0,0.0,0.0
3638,0.007276,0.0,0.0,0.0,0.0
3639,0.007278,0.0,0.0,0.0,0.0
3640,0.00728,0.0,0.0,0.0,0.0
3641,0.007282,0.0,0.0,0.0,0.0
3642,0.007284,0.0,0.0,0.0,0.0
3643,0.007286,0.0,0.0,0.0,0.0
3644,0.007288,0.0,0.0,0.0,0.0
3645,0.00729,0.0,0.0,0.0,0.0
3646,0.007292,0.0,0.0,0.0,0.0
3647,0.007294,0.0,0.0,0.0,0.0
3648,0.007296,0.0,0.0,0.0,0.0
3649,0.007298,0.0,0.0,0.0,0.0
3650,0.0073,0.0,0.0,0.0,0.0
3651,0.007302,0.0,0.0,0.0,0.0
3652,0.007304,0.0,0.0,0.0,0.0
3653,0.007306,0.0,0.0,0.0,0.0
3654,0.007308,0.0,0.0,0.0,0.0
3655,0.00731,0.0,0.0,0.0,0.0
3656,0.007312,0.0,0.0,0.0,0.0
3657,0.007314,0.0,0.0,0.0,0.0
3658,0.007316,0.0,0.0,0.0,0.0
3659,0.007318,0.0,0.0,0.0,0.0
3660,0.00732,0.0,0.0,0.0,0.0
3661,0.007322,0.0,0.0,0.0,0.0
3662,0.007324,0.0,0.0,0.0,0.0
3663,0.007326,0.0,0.0,0.0,0.0
3664,0.007328,0.0,0.0,0.0,0.0
3665,0.00733,0.0,0.0,0.0,0.0
3666,0.007332,0.0,0.0,0.0,0.0
3667,0.007334,0.0,0.0,0.0,0.0
3668,0.007336,0.0,0.0,0.0,0.0
3669,0.007338,0.0,0.0,0.0,0.0
3670,0.00734,0.0,0.0,0.0,0.0
3671,0.007342,0.0,0.0,0.0,0.0
3672,0.007344,0.0,0.0,0.0,0.0
3673,0.007346,0.0,0.0,0.0,0.0
3674,0.007348,0.0,0.0,0.0,0.0
3675,0.00735,0.0,0.0,0.0,0.0
3676,0.007352,0.0,0.0,0.0,0.0
3677,0.007354,0.0,0.0,0.0,0.0
3678,0.007356,0.0,0.0,0.0,0.0
3679,0.007358,0.0,0.0,0.0,0.0
3680,0.00736,0.0,0.0,0.0,0.0
3681,0.007362,0.0,0.0,0.0,0.0
3682,0.007364,0.0,0.0,0.0,0.0
3683,0.007366,0.0,0.0,0.0,0.0
3684,0.007368,0.0,0.0,0.0,0.0
3685,0.00737,0.0,0.0,0.0,0.0
3686,0.007372,0.0,0.0,0.0,0.0
3687,0.007374,0.0,0.0,0.0,0.0
3688,0.007376,0.0,0.0,0.0,0.0
3689,0.007378,0.0,0.0,0.0,0.0
3690,0.00738,0.0,0.0,0.0,0.0
3691,0.007382,0.0,0.0,0.0,0.0
3692,0.007384,0.0,0.0,0.0,0.0
3693,0.007386,0.0,0.0,0.0,0.0
3694,0.007388,0.0,0.0,0.0,0.0
3695,0.00739,0.0,0.0,0.0,0.0
3696,0.007392,0.0,0.0,0.0,0.0
3697,0.007394,0.0,0.0,0.0,0.0
3698,0.007396,0.0,0.0,0.0,0.0
3699,0.007398,0.0,0.0,0.0,0.0
3700,0.0074,0.0,0.0,0.0,0.0
3701,0.007402,0.0,0.0,0.0,0.0
3702,0.007404,0.0,0.0,0.0,0.0
3703,0.007406,0.0,0.0,0.0,0.0
3704,0.007408,0.0,0.0,0.0,0.0
3705,0.00741,0.0,0.0,0.0,0.0
3706,0.007412,0.0,0.0,0.0,0.0
3707,0.007414,0.0,0.0,0.0,0.0
3708,0.007416,0.0,0.0,0.0,0.0
3709,0.007418,0.0,0.0,0.0,0.0
3710,0.00742,0.0,0.0,0.0,0.0
3711,0.007422,0.0,0.0,0.0,0.0
3712,0.007424,0.0,0.0,0.0,0.0
3713,0.007426,0.0,0.0,0.0,0.0
3714,0.007428,0.0,0.0,0.0,0.0
3715,0.00743,0.0,0.0,0.0,0.0
3716,0.007432,0.0,0.0,0.0,0.0
3717,0.007434,0.0,0.0,0.0,0.0
3718,0.007436,0.0,0.0,0.0,0.0
3719,0.007438,0.0,0.0,0.0,0.0
3720,0.00744,0.0,0.0,0.0,0.0
3721,0.007442,0.0,0.0,0.0,0.0
3722,0.007444,0.0,0.0,0.0,0.0
3723,0.007446,0.0,0.0,0.0,0.0
3724,0.007448,0.0,0.0,0.0,0.0
3725,0.00745,0.0,0.0,0.0,0.0
3726,0.007452,0.0,0.0,0.0,0.0
3727,0.007454,0.0,0.0,0.0,0.0
3728,0.007456,0.0,0.0,0.0,0.0
3729,0.007458,0.0,0.0,0.0,0.0
3730,0.00746,0.0,0.0,0.0,0.0
3731,0.007462,0.0,0.0,0.0,0.0
3732,0.007464,0.0,0.0,0.0,0.0
3733,0.007466,0.0,0.0,0.0,0.0
3734,0.007468,0.0,0.0,0.0,0.0
3735,0.00747,0.0,0.0,0.0,0.0
3736,0.007472,0.0,0.0,0.0,0.0
3737,0.007474,0.0,0.0,0.0,0.0
3738,0.007476,0.0,0.0,0.0,0.0
3739,0.007478,0.0,0.0,0.0,0.0
3740,0.00748,0.0,0.0,0.0,0.0
3741,0.007482,0.0,0.0,0.0,0.0
3742,0.007484,0.0,0.0,0.0,0.0
3743,0.007486,0.0,0.0,0.0,0.0
3744,0.007488,0.0,0.0,0.0,0.0
3745,0.00749,0.0,0.0,0.0,0.0
3746,0.007492,0.0,0.0,0.0,0.0
3747,0.007494,0.0,0.0,0.0,0.0
3748,0.007496,0.0,0.0,0.0,0.0
3749,0.007498,0.0,0.0,0.0,0.0
3750,0.0075,0.0,0.0,0.0,0.0
3751,0.007502,0.0,0.0,0.0,0.0
3752,0.007504,0.0,0.0,0.0,0.0
3753,0.007506,0.0,0.0,0.0,0.0
3754,0.007508,0.0,0.0,0.0,0.0
3755,0.00751,0.0,0.0,0.0,0.0
3756,0.007512,0.0,0.0,0.0,0.0
3757,0.007514,0.0,0.0,0.0,0.0
3758,0.007516,0.0,0.0,0.0,0.0
3759,0.007518,0.0,0.0,0.0,0.0
3760,0.00752,0.0,0.0,0.0,0.0
3761,0.007522,0.0,0.0,0.0,0.0
3762,0.007524,0.0,0.0,0.0,0.0
3763,0.007526,0.0,0.0,0.0,0.0
3764,0.007528,0.0,0.0,0.0,0.0
3765,0.00753,0.0,0.0,0.0,0.0
3766,0.007532,0.0,0.0,0.0,0.0
3767,0.007534,0.0,0.0,0.0,0.0
3768,0.007536,0.0,0.0,0.0,0.0
3769,0.007538,0.0,0.0,0.0,0.0
3770,0.00754,0.0,0.0,0.0,0.0
3771,0.007542,0.0,0.0,0.0,0.0
3772,0.007544,0.0,0.0,0.0,0.0
3773,0.007546,0.0,0.0,0.0,0.0
3774,0.007548,0.0,0.0,0.0,0.0
3775,0.00755,0.0,0.0,0.0,0.0
3776,0.007552,0.0,0.0,0.0,0.0
3777,0.007554,0.0,0.0,0.0,0.0
3778,0.007556,0.0,0.0,0.0,0.0
3779,0.007558,0.0,0.0,0.0,0.0
3780,0.00756,0.0,0.0,0.0,0.0
3781,0.007562,0.0,0.0,0.0,0.0
3782,0.007564,0.0,0.0,0.0,0.0
3783,0.007566,0.0,0.0,0.0,0.0
3784,0.007568,0.0,0.0,0.0,0.0
3785,0.00757,0.0,0.0,0.0,0.0
3786,0.007572,0.0,0.0,0.0,0.0
3787,0.007574,0.0,0.0,0.0,0.0
3788,0.007576,0.0,0.0,0.0,0.0
3789,0.007578,0.0,0.0,0.0,0.0
3790,0.00758,0.0,0.0,0.0,0.0
3791,0.007582,0.0,0.0,0.0,0.0
3792,0.007584,0.0,0.0,0.0,0.0
3793,0.007586,0.0,0.0,0.0,0.0
3794,0.007588,0.0,0.0,0.0,0.0
3795,0.00759,0.0,0.0,0.0,0.0
3796,0.007592,0.0,0.0,0.0,0.0
3797,0.007594,0.0,0.0,0.0,0.0
3798,0.007596,0.0,0.0,0.0,0.0
3799,0.007598,0.0,0.0,0.0,0.0
3800,0.0076,0.0,0.0,0.0,0.0
3801,0.007602,0.0,0.0,0.0,0.0
3802,0.007604,0.0,0.0,0.0,0.0
3803,0.007606,0.0,0.0,0.0,0.0
3804,0.007608,0.0,0.0,0.0,0.0
3805,0.00761,0.0,0.0,0.0,0.0
3806,0.007612,0.0,0.0,0.0,0.0
3807,0.007614,0.0,0.0,0.0,0.0
3808,0.007616,0.0,0.0,0.0,0.0
3809,0.007618,0.0,0.0,0.0,0.0
3810,0.00762,0.0,0.0,0.0,0.0
3811,0.007622,0.0,0.0,0.0,0.0
3812,0.007624,0.0,0.0,0.0,0.0
3813,0.007626,0.0,0.0,0.0,0.0
3814,0.007628,0.0,0.0,0.0,0.0
3815,0.00763,0.0,0.0,0.0,0.0
3816,0.007632,0.0,0.0,0.0,0.0
3817,0.007634,0.0,0.0,0.0,0.0
3818,0.007636,0.0,0.0,0.0,0.0
3819,0.007638,0.0,0.0,0.0,0.0
3820,0.00764,0.0,0.0,0.0,0.0
3821,0.007642,0.0,0.0,0.0,0.0
3822,0.007644,0.0,0.0,0.0,0.0
3823,0.007646,0.0,0.0,0.0,0.0
3824,0.007648,0.0,0.0,0.0,0.0
3825,0.00765,0.0,0.0,0.0,0.0
3826,0.007652,0.0,0.0,0.0,0.0
3827,0.007654,0.0,0.0,0.0,0.0
3828,0.007656,0.0,0.0,0.0,0.0
3829,0.007658,0.0,0.0,0.0,0.0
3830,0.00766,0.0,0.0,0.0,0.0
3831,0.007662,0.0,0.0,0.0,0.0
3832,0.007664,0.0,0.0,0.0,0.0
3833,0.007666,0.0,0.0,0.0,0.0
3834,0.007668,0.0,0.0,0.0,0.0
3835,0.00767,0.0,0.0,0.0,0.0
3836,0.007672,0.0,0.0,0.0,0.0
3837,0.007674,0.0,0.0,0.0,0.0
3838,0.007676,0.0,0.0,0.0,0.0
3839,0.007678,0.0,0.0,0.0,0.0
3840,0.00768,0.0,0.0,0.0,0.0
3841,0.007682,0.0,0.0,0.0,0.0
3842,0.007684,0.0,0.0,0.0,0.0
3843,0.007686,0.0,0.0,0.0,0.0
3844,0.007688,0.0,0.0,0.0,0.0
3845,0.00769,0.0,0.0,0.0,0.0
3846,0.007692,0.0,0.0,0.0,0.0
3847,0.007694,0.0,0.0,0.0,0.0
3848,0.007696,0.0,0.0,0.0,0.0
3849,0.007698,0.0,0.0,0.0,0.0
3850,0.0077,0.0,0.0,0.0,0.0
3851,0.007702,0.0,0.0,0.0,0.0
3852,0.007704,0.0,0.0,0.0,0.0
3853,0.007706,0.0,0.0,0.0,0.0
3854,0.007708,0.0,0.0,0.0,0.0
3855,0.00771,0.0,0.0,0.0,0.0
3856,0.007712,0.0,0.0,0.0,0.0
3857,0.007714,0.0,0.0,0.0,0.0
3858,0.007716,0.0,0.0,0.0,0.0
3859,0.007718,0.0,0.0,0.0,0.0
3860,0.00772,0.0,0.0,0.0,0.0
3861,0.007722,0.0,0.0,0.0,0.0
3862,0.007724,0.0,0.0,0.0,0.0
3863,0.007726,0.0,0.0,0.0,0.0
3864,0.007728,0.0,0.0,0.0,0.0
3865,0.00773,0.0,0.0,0.0,0.0
3866,0.007732,0.0,0.0,0.0,0.0
3867,0.007734,0.0,0.0,0.0,0.0
3868,0.007736,0.0,0.0,0.0,0.0
3869,0.007738,0.0,0.0,0.0,0.0
3870,0.00774,0.0,0.0,0.0,0.0
3871,0.007742,0.0,0.0,0.0,0.0
3872,0.007744,0.0,0.0,0.0,0.0
3873,0.007746,0.0,0.0,0.0,0.0
3874,0.007748,0.0,0.0,0.0,0.0
3875,0.00775,0.0,0.0,0.0,0.0
3876,0.007752,0.0,0.0,0.0,0.0
3877,0.007754,0.0,0.0,0.0,0.0
3878,0.007756,0.0,0.0,0.0,0.0
3879,0.007758,0.0,0.0,0.0,0.0
3880,0.00776,0.0,0.0,0.0,0.0
3881,0.007762,0.0,0.0,0.0,0.0
3882,0.007764,0.0,0.0,0.0,0.0
3883,0.007766,0.0,0.0,0.0,0.0
3884,0.007768,0.0,0.0,0.0,0.0
3885,0.00777,0.0,0.0,0.0,0.0
3886,0.007772,0.0,0.0,0.0,0.0
3887,0.007774,0.0,0.0,0.0,0.0
3888,0.007776,0.0,0.0,0.0,0.0
3889,0.007778,0.0,0.0,0.0,0.0
3890,0.00778,0.0,0.0,0.0,0.0
3891,0.007782,0.0,0.0,0.0,0.0
3892,0.007784,0.0,0.0,0.0,0.0
3893,0.007786,0.0,0.0,0.0,0.0
3894,0.007788,0.0,0.0,0.0,0.0
3895,0.00779,0.0,0.0,0.0,0.0
3896,0.007792,0.0,0.0,0.0,0.0
3897,0.007794,0.0,0.0,0.0,0.0
3898,0.007796,0.0,0.0,0.0,0.0
3899,0.007798,0.0,0.0,0.0,0.0
3900,0.0078,0.0,0.0,0.0,0.0
3901,0.007802,0.0,0.0,0.0,0.0
3902,0.007804,0.0,0.0,0.0,0.0
3903,0.007806,0.0,0.0,0.0,0.0
3904,0.007808,0.0,0.0,0.0,0.0
3905,0.00781,0.0,0.0,0.0,0.0
3906,0.007812,0.0,0.0,0.0,0.0
3907,0.007814,0.0,0.0,0.0,0.0
3908,0.007816,0.0,0.0,0.0,0.0
3909,0.007818,0.0,0.0,0.0,0.0
3910,0.00782,0.0,0.0,0.0,0.0
3911,0.007822,0.0,0.0,0.0,0.0
3912,0.007824,0.0,0.0,0.0,0.0
3913,0.007826,0.0,0.0,0.0,0.0
3914,0.007828,0.0,0.0,0.0,0.0
3915,0.00783,0.0,0.0,0.0,0.0
3916,0.007832,0.0,0.0,0.0,0.0
3917,0.007834,0.0,0.0,0.0,0.0
3918,0.007836,0.0,0.0,0.0,0.0
3919,0.007838,0.0,0.0,0.0,0.0
3920,0.00784,0.0,0.0,0.0,0.0
3921,0.007842,0.0,0.0,0.0,0.0
3922,0.007844,0.0,0.0,0.0,0.0
3923,0.007846,0.0,0.0,0.0,0.0
3924,0.007848,0.0,0.0,0.0,0.0
3925,0.00785,0.0,0.0,0.0,0.0
3926,0.007852,0.0,0.0,0.0,0.0
3927,0.007854,0.0,0.0,0.0,0.0
3928,0.007856,0.0,0.0,0.0,0.0
3929,0.007858,0.0,0.0,0.0,0.0
3930,0.00786,0.0,0.0,0.0,0.0
3931,0.007862,0.0,0.0,0.0,0.0
3932,0.007864,0.0,0.0,0.0,0.0
3933,0.007866,0.0,0.0,0.0,0.0
3934,0.007868,0.0,0.0,0.0,0.0
3935,0.00787,0.0,0.0,0.0,0.0
3936,0.007872,0.0,0.0,0.0,0.0
3937,0.007874,0.0,0.0,0.0,0.0
3938,0.007876,0.0,0.0,0.0,0.0
3939,0.007878,0.0,0.0,0.0,0.0
3940,0.00788,0.0,0.0,0.0,0.0
3941,0.007882,0.0,0.0,0.0,0.0
3942,0.007884,0.0,0.0,0.0,0.0
3943,0.007886,0.0,0.0,0.0,0.0
3944,0.007888,0.0,0.0,0.0,0.0
3945,0.00789,0.0,0.0,0.0,0.0
3946,0.007892,0.0,0.0,0.0,0.0
3947,0.007894,0.0,0.0,0.0,0.0
3948,0.007896,0.0,0.0,0.0,0.0
3949,0.007898,0.0,0.0,0.0,0.0
3950,0.0079,0.0,0.0,0.0,0.0
3951,0.007902,0.0,0.0,0.0,0.0
3952,0.007904,0.0,0.0,0.0,0.0
3953,0.007906,0.0,0.0,0.0,0.0
3954,0.007908,0.0,0.0,0.0,0.0
3955,0.00791,0.0,0.0,0.0,0.0
3956,0.007912,0.0,0.0,0.0,0.0
3957,0.007914,0.0,0.0,0.0,0.0
3958,0.007916,0.0,0.0,0.0,0.0
3959,0.007918,0.0,0.0,0.0,0.0
3960,0.00792,0.0,0.0,0.0,0.0
3961,0.007922,0.0,0.0,0.0,0.0
3962,0.007924,0.0,0.0,0.0,0.0
3963,0.007926,0.0,0.0,0.0,0.0
3964,0.007928,0.0,0.0,0.0,0.0
3965,0.00793,0.0,0.0,0.0,0.0
3966,0.007932,0.0,0.0,0.0,0.0
3967,0.007934,0.0,0.0,0.0,0.0
3968,0.007936,0.0,0.0,0.0,0.0
3969,0.007938,0.0,0.0,0.0,0.0
3970,0.00794,0.0,0.0,0.0,0.0
3971,0.007942,0.0,0.0,0.0,0.0
3972,0.007944,0.0,0.0,0.0,0.0
3973,0.007946,0.0,0.0,0.0,0.0
3974,0.007948,0.0,0.0,0.0,0.0
3975,0.00795,0.0,0.0,0.0,0.0
3976,0.007952,0.0,0.0,0.0,0.0
3977,0.007954,0.0,0.0,0.0,0.0
3978,0.007956,0.0,0.0,0.0,0.0
3979,0.007958,0.0,0.0,0.0,0.0
3980,0.00796,0.0,0.0,0.0,0.0
3981,0.007962,0.0,0.0,0.0,0.0
3982,0.007964,0.0,0.0,0.0,0.0
3983,0.007966,0.0,0.0,0.0,0.0
3984,0.007968,0.0,0.0,0.0,0.0
3985,0.00797,0.0,0.0,0.0,0.0
3986,0.007972,0.0,0.0,0.0,0.0
3987,0.007974,0.0,0.0,0.0,0.0
3988,0.007976,0.0,0.0,0.0,0.0
3989,0.007978,0.0,0.0,0.0,0.0
3990,0.00798,0.0,0.0,0.0,0.0
3991,0.007982,0.0,0.0,0.0,0.0
3992,0.007984,0.0,0.0,0.0,0.0
3993,0.007986,0.0,0.0,0.0,0.0
3994,0.007988,0.0,0.0,0.0,0.0
3995,0.00799,0.0,0.0,0.0,0.0
3996,0.007992,0.0,0.0,0.0,0.0
3997,0.007994,0.0,0.0,0.0,0.0
3998,0.007996,0.0,0.0,0.0,0.0
3999,0.007998,0.0,0.0,0.0,0.0
