sample_index,time_s,s1_amplitude,s2_amplitude,s3_amplitude,s4_amplitude
0,0.0,0.009141512392632941,-0.031199523187214865,0.022513535874193715,0.028216941491736414
1,2e-06,-0.05853105565961509,-0.039065385205869545,0.003835212095018561,-0.009487277770307466
2,4e-06,-0.0005040347251286638,-0.025591317827207402,0.026381939245884854,0.02333375806286845
3,6e-06,0.0019809209268364814,0.033817236209040986,0.014025280267561368,-0.025778773886497148
4,8e-06,0.011062523522474966,-0.028766478024869965,0.026353509039218175,-0.0014977773295875869
5,1e-05,-0.0055458709063578165,-0.020427886332118242,0.036676240160220905,-0.004635884462064065
6,1.2e-05,-0.012849834664893216,-0.010564006514646887,0.015969275566600463,0.01096332193092235
7,1.4e-05,0.012381978347879652,0.012924630090236481,0.06424942802611383,-0.012192450491538467
8,1.6e-05,-0.01536728187214612,-0.024413181847436332,0.018479382677264868,0.03386916878162675
9,1.8e-05,-0.003418423729646252,-0.02520469430887584,-0.024734436470737187,0.01951778363474103
10,2e-05,0.02229762513610327,0.016294628049155848,-0.01996529121866083,0.006964839692001593
11,2.2e-05,0.0035005742742218464,0.006560657901870388,0.026142863338445694,0.0067078664632404675
12,2.4e-05,0.020367406892156846,0.0020273720846667436,0.008673581960699525,0.01893864677515621
13,2.6e-05,-0.043714674595669994,-0.00959013649071904,-0.014111179628783865,-0.019166335447300255
14,2.8e-05,-0.008254267536800511,0.04484823933703187,-0.025974933470797296,0.029048350637744424
15,3e-05,-0.05048609314847414,-0.010046550899573245,0.004882591953150168,0.017586669940778343
16,3.2e-05,0.021336797393785648,0.023800417055997756,-0.010461752167453127,-0.013870553779937015
17,3.4e-05,0.025739276437714613,-0.005739129746448446,-0.03827058970013766,-0.03399861642010442
18,3.6e-05,-0.02758356858004834,0.01491482232161292,0.0042727720821169575,0.020714560622033047
19,3.8e-05,-0.012817579390096027,0.0047561907323014265,0.0187677118190201,-0.009280396191607152
20,4e-05,0.013703257126722343,-0.019857778231999537,-0.010891615396952154,-0.011452136819949872
21,4.2e-05,-0.03587518936767119,0.014609174423567454,-0.014082070206081716,0.00037482356183062286
22,4.4e-05,0.014422399767177269,0.013395935280898321,0.019961553269183585,-0.002954564535282708
23,4.6e-05,-0.012698949361324612,-0.0023915463271919715,-0.05062003301874089,-0.043413374172692615
24,4.8e-05,-0.03968098837063207,-0.02991740482804445,0.011993226801703097,-0.027164371660801823
25,5e-05,-0.01134487662118169,0.03897684893358196,-0.010687919131842777,0.022125467054012596
26,5.2e-05,-0.02800853040029631,-0.0061631267360289,-0.028500661647317436,-0.010170992277016873
27,5.4e-05,0.025209244123721865,-0.051819612695770456,0.01303270930637572,0.007132068069968337
28,5.6e-05,-0.01782449867090383,-0.04338173563165364,0.0021638852314160855,-0.01588478127191407
29,5.8e-05,0.006980286340641118,0.0006555643657032863,0.048053366739627464,-0.007180668824190728
30,6e-05,-0.030704924778655947,0.0053782690486894845,0.006599900519152955,0.04077562725721309
31,6.2e-05,0.025053337377437354,0.01070613177448528,0.04389908673658685,-0.03566289162968553
32,6.4e-05,-0.01919254598249243,-0.027797278242165747,-0.011694294094673038,-0.04130058442668926
33,6.6e-05,0.019054528404432128,-0.006666680912963201,-0.044124188835079736,-0.030467372436226246
34,6.8e-05,0.009405415423505857,0.025143797036831433,0.05990192675075359,0.08741587398021988
35,7e-05,0.01243228299827989,-0.029686143600955922,-0.06396138842193927,0.008031343870315073
36,7.2e-05,-0.02438823285930978,-0.01246071780539056,-0.018362903971794242,-0.004223726592491558
37,7.4e-05,0.03197940692362931,0.0047114570233603385,-0.004759045111160649,-0.031069612584774347
38,7.6e-05,-0.05024048834113071,-0.014589237272199925,-0.0016134765245496147,0.053037897407396485
39,7.8e-05,0.003908235644186575,0.029482185330691725,-0.014978867956174561,-0.03554831299251074
40,8e-05,-0.028953502866971154,-0.021756781936072597,0.06385409197305493,-0.024641600376731583
41,8.2e-05,0.025154676112090348,-0.02708781534261079,0.02794719038622732,0.011548528983175894
42,8.4e-05,-0.004699136929742712,-0.0012228757840630207,-0.019643630862881713,0.013382166044462416
43,8.6e-05,-0.0136495044102234,-0.03676817291301744,-0.03833812722958858,0.005177637531663584
44,8.8e-05,0.047372737692313045,0.0047997484072031475,-0.003559149783296477,0.008574784188076286
45,9e-05,0.039180052251204744,0.00658147504091569,-0.012327816925012114,0.033188661301796665
46,9.2e-05,0.012862693153848404,0.04607267975987976,0.005497033116657184,-0.03673407095161501
47,9.4e-05,-0.04104477597736995,0.04952783796693749,0.05170997162349891,-0.005385576398478019
48,9.6e-05,-0.011495619634079631,0.043843328767266064,-0.03321137046130464,-0.026841810568674792
49,9.8e-05,0.019299803840671332,-0.011838153685787688,-0.00015365600160213887,-0.004903286955735377
50,0.0001,0.010127236463968006,0.0422244558394115,0.0027175472070523664,0.019318163798305737
51,0.000102,-0.061505163030930676,-0.0014615520579035384,-0.025296908108786133,-0.03656439181270884
52,0.000104,-0.02634457100786252,-0.010023703221024362,0.02747707627068039,-0.03979178153218692
53,0.000106,0.0009189447778325233,-0.014525083000007355,-0.009830192830858826,0.030082734759138124
54,0.000108,0.01614346311011778,0.04012194322328231,-0.004635170377497014,-0.020878278350121092
55,0.00011,-0.006715764506414985,0.007274903738136647,0.005297200753611331,-0.032531642167000996
56,0.000112,0.0027146934488362262,0.006846849904167154,0.07552422112601762,0.056305338338450105
57,0.000114,-0.0255973005167646,-0.008621500846475283,-0.04390326005511009,-0.017721210418904593
58,0.000116,0.009468150107710214,0.036175608626647,-0.021872515132308253,-0.019624393202033897
59,0.000118,-0.06441867089215965,-0.00487997761634723,-0.03187243235578689,-0.015883182820982212
60,0.00012,-0.026305823345027644,-0.0028278766275767094,-0.052731851740698936,-0.04401135736172972
61,0.000122,0.06387741336084894,-0.038622677438220926,-0.03290356735363919,0.05510740584963942
62,0.000124,0.08715201507721221,-0.03514699886476025,-0.011047468703640916,0.010246666528215286
63,0.000126,0.05186092933216777,-0.029605712352847122,-0.007358335378263292,0.02332012728185232
64,0.000128,0.013042982233998558,-0.011284682136902978,-0.004014688935481234,-0.04124687425109946
65,0.00013,-0.007145212319239956,-0.007991624700268653,0.006965096688787678,-0.01665981656457048
66,0.000132,0.01414615567635417,0.030381474534594857,0.004662879830053981,0.010552692251976104
67,0.000134,0.0015946604273360209,2.5317927424254128e-06,-0.02164674100628542,0.00949482785019924
68,0.000136,-0.002918597952404684,0.06279504926791785,0.04720064707425727,0.011575396576695023
69,0.000138,-0.022891716290843026,-0.033372344159502534,0.035734288592665954,0.007882476754414156
70,0.00014,0.014404302101748324,-0.052337579609225776,0.02782315444674542,0.013632610146430888
71,0.000142,-0.03331292053243434,-0.014145744223498468,0.007911516130695587,0.0015740039506873086
72,0.000144,-0.00876513557410665,-0.0031046480419788256,-0.007559321346206561,0.004576875363074057
73,0.000146,0.044144759189794706,-0.07699975322793892,-0.007105507935290527,0.005295372641173409
74,0.000148,0.008879819690612984,-0.011157437439638694,-0.05270165347435748,0.00983986451142329
75,0.00015,0.05182050642492555,-0.04601584214748413,0.025914840410945647,-0.009855756693686817
76,0.000152,-0.0018397303748654188,-0.03158695532111847,-0.0100336851706763,0.03900133784096876
77,0.000154,0.01747965725963121,0.05196934816229832,0.035322356669330805,0.013172600367887286
78,0.000156,0.05231803578503376,0.013169794762148962,0.024839645303911768,-0.00889712860604125
79,0.000158,0.0019963744757761446,-0.020922714699008305,0.02968751803784559,-0.035349108693445964
80,0.00016,0.02347051027252984,-0.005719531725154783,0.03513741280401958,0.022526069661937796
81,0.000162,0.054619384729404044,0.021923240734159345,-0.04716120766959722,-0.0020085951869460252
82,0.000164,-0.03516021577784448,-0.01554839527098824,0.04533685299830165,0.01912601432693088
83,0.000166,-0.020967912857362388,-0.030411520993211965,0.0009834627862878237,-0.03649680448143383
84,0.000168,-0.020134208321897433,0.009360284146537315,0.03465936108320088,0.018262844166733194
85,0.00017,-0.068738685257943,0.009131001870907793,0.0021610071969773376,0.012416708561180791
86,0.000172,0.048486290449536215,-0.06189714830414228,-0.017733102755733168,0.01772718968380064
87,0.000174,-0.047447831983618266,0.044278471441605266,0.011050698381019752,0.02539751957530212
88,0.000176,-0.017128309845653836,0.024412910698986313,0.03205414667967115,0.00698634060411505
89,0.000178,0.007032026780960878,0.008110297178451777,-0.02590035794218145,-0.0044258604072105875
90,0.00018,-0.004575675973570764,0.011501815930604852,0.029994727407308838,-0.031756082459352276
91,0.000182,-0.003750270909587329,0.0444436664297692,-0.022307646864376925,-0.02466750051870961
92,0.000184,0.006069185754935807,0.0253315557145596,0.0003427816668197799,0.039868817713109676
93,0.000186,0.025703819476995803,0.025254602006701855,0.016623495039722797,0.06982959301038255
94,0.000188,-0.0061548506659813255,-0.06010566876199541,0.048127630845514226,-0.013730982928704769
95,0.00019,0.0032364133302909912,0.03928652054581581,-0.04806778623176776,-0.037549416423184184
96,0.000192,-0.04803833811356561,-0.023824088700762715,0.013189098180509807,0.01572563528438313
97,0.000194,0.008288225379856613,-0.04238297651677099,-0.06930310309897932,0.0016306075617114678
98,0.000196,-0.014153281009150072,0.013781573151498352,0.0210586087866381,0.0041472429617604575
99,0.000198,0.02280399256127561,0.006876341223452052,0.015901941168043998,-0.02114019788609647
100,0.0002,-0.0053883424149437555,0.005903282899708717,0.024615854262522562,-0.011812235166737163
101,0.000202,0.01563501767196338,-0.00797516375746137,-0.0035262650198439106,0.02488557126072219
102,0.000204,-0.05979181113162468,-0.03889416984224283,-0.04446556192328462,-0.07000848359544914
103,0.000206,-0.0203479332046553,0.02248301699183221,-0.008546521991477242,0.005933702458255564
104,0.000208,0.03267652490132378,0.03983058396803075,-0.0020741380417841865,0.04060757668708192
105,0.00021,0.002763799753023276,-0.025121946714823862,-0.017832010565962057,-0.04441609537695049
106,0.000212,-0.02664401561200957,-0.010740500642232875,0.024107550581358047,0.05162309493497951
107,0.000214,-0.0414654454613112,0.011784824047797567,-0.031216318174726032,0.014240912653896058
108,0.000216,-0.003932599520631797,-0.054927174775425906,0.027848909747054527,-0.01815002138426193
109,0.000218,-0.016017007151206637,-0.03209257233869069,-0.019628498300626664,0.012836713220847515
110,0.00022,-0.005677330228092165,0.00985986006847443,0.01085765561786531,0.03961984966584501
111,0.000222,-0.010283584525931378,-0.04430573450537195,0.03201667249715949,-0.00994464516291764
112,0.000224,0.03343777333732131,0.011501313395474113,-0.003934125906100348,0.010463276821388853
113,0.000226,0.05853037680378898,0.06230941587161259,0.002081434053983361,0.004805717799512259
114,0.000228,0.03228720472399157,-0.025369830983020415,0.009992111178547654,-0.000775885438615692
115,0.00023,0.009417246343726607,-0.025001064178482173,-0.04768702479926907,-0.06218950307973875
116,0.000232,-0.03352152338968823,-0.01376025854817999,-0.008795747599462854,0.0581169348728855
117,0.000234,0.03317980109721894,-0.028862733490248815,0.010431253573528709,-0.012212347090509753
118,0.000236,-0.008530915141202853,0.0055597694824614605,0.018575133509261797,-0.01017775451652046
119,0.000238,0.03191554598203075,-0.03425814678427212,0.00019017187086805325,0.07793021179787496
120,0.00024,0.006692392278758253,0.04299643519818518,0.002745605345196245,0.0174233128598939
121,0.000242,-0.001703495831780746,-0.005112227434926133,-0.02338447190176259,0.012909040768726596
122,0.000244,-0.025546115675573036,0.019967557089402874,0.0325586101333773,0.010995942217116897
123,0.000246,-0.008587462006670755,0.013618967379260882,-0.009260191666392378,0.028066413763954478
124,0.000248,-0.054942182526453706,-0.010068221043559386,-0.05972435985371993,-0.04485182490681615
125,0.00025,0.04091586689441728,0.026855549459150578,-0.02158440699854371,-0.045075103681226907
126,0.000252,-0.08893586513524954,-0.016304865237979038,0.07261245036742207,0.01304652814390942
127,0.000254,-0.016787168581484685,0.013952406285009187,-0.04682875058983328,-0.008919700880929063
128,0.000256,0.0029843241904721545,-0.002583019554631455,0.023724183650702415,0.010339356787081571
129,0.000258,0.020049780543239908,-0.020651168466922783,0.02693446225231644,0.04886810842871974
130,0.00026,-0.029104485589542376,-0.026630869671436793,0.040073530089606985,-0.005740319600851808
131,0.000262,0.04211464176199671,-0.013276071356765515,0.043651367288121336,0.003944574504163565
132,0.000264,0.007746864699680856,0.04694154065009713,-0.010853114323325136,-0.02823366287774875
133,0.000266,-0.01345692624085063,0.013570018519294161,-0.04697277216541543,0.019124127079533645
134,0.000268,-0.016163139528532294,0.0344343798220069,-0.07182780914701414,-0.02359697325312506
135,0.00027,-0.050594044537023056,-0.024786883990918575,0.0074299770332682934,-0.005376798763492647
136,0.000272,-0.007601327068440448,-0.004775546141401824,0.006101647218598303,-0.03025608125829323
137,0.000274,0.021205489226971522,0.019879979111564517,0.011551138129683029,0.016696003282537893
138,0.000276,0.008892540024259784,0.06105219908193202,-0.0026128251315752967,-0.009212496550037303
139,0.000278,-0.022605827410721334,-0.030967880117335103,-0.03733415362803226,-0.026663919396927555
140,0.00028,-0.0021204114495621392,0.010028853854931434,0.0015342617565648536,-0.022966058322891388
141,0.000282,0.027005536920598896,0.022182380169028425,-0.004789449222660509,-0.019587484339941362
142,0.000284,0.016452837624893985,0.005639207624583134,-0.043443817782451426,-0.0020394076795321467
143,0.000286,0.007861074362231431,-0.026990843594632614,0.00569530178512329,-0.04364467455773367
144,0.000288,0.040085583000365126,0.03743849955178295,-0.007575520029088942,0.010903630135172194
145,0.00029,-0.07229765897399625,-0.034690429807959985,-0.008813367604563895,-0.03216399064280578
146,0.000292,0.021431894478919765,0.05991889592243982,-0.03529844158287906,-0.02512390212255578
147,0.000294,0.00706345104929791,0.048333484454988626,-0.036671229376197094,0.007471083669208259
148,0.000296,0.05463896552439326,-0.04955277444537801,-0.03843207620537496,-0.012708198193825147
149,0.000298,-0.01561765238566233,0.024378038632609338,0.007249791594625142,-0.05324886178926384
150,0.0003,0.015462312087024326,-0.017326166620669516,0.038233416508237174,-0.018827626093107588
151,0.000302,-0.01909845849306707,0.016233948324135942,0.022887794470108098,0.013442980918086107
152,0.000304,-0.05056791952154425,0.016141033197847533,-0.03102924155023197,0.007058283347647905
153,0.000306,-0.042712033061971806,0.013389664426291909,-0.024197967129221176,-0.03847903950781565
154,0.000308,0.021414604094471983,0.007249335650302538,-0.01841930404178691,0.04353536547063192
155,0.00031,-0.013219572647092273,0.0009632302191280399,0.008067403430358028,-0.01858997802385841
156,0.000312,0.01413408880199788,-0.016003570414941732,-0.012349149666486276,0.04087927919410023
157,0.000314,-0.03121758157537299,-0.07238340992788471,0.04832810985035683,0.07647983857821009
158,0.000316,-0.012158077963479955,-0.058105141218605556,-0.009314519285878313,-0.008586688495220075
159,0.000318,-0.005697715230667711,-0.03340164125765545,0.01738683427429432,0.015735221258582583
160,0.00032,-0.0448321685945792,0.020975901950846636,0.06158054945837673,0.0051588099731117954
161,0.000322,-0.01011975486205518,-0.0042600964322256395,0.018457703009056838,-0.05192014816521654
162,0.000324,0.004931721089319067,-0.011713918483884303,0.05543475038868136,-0.005225182014148736
163,0.000326,0.05003662833358559,-0.03311222093346022,0.017617775004083767,0.009582007913736864
164,0.000328,-0.026071417435943472,0.005321883439108213,0.036375565104948014,-0.00971375112859802
165,0.00033,-0.050758879475092895,-0.0005268847943233773,-0.02707269284377538,-0.010270228159916472
166,0.000332,-0.002447633090553629,-0.051169566480465514,-0.04846975017962034,0.014462005065765757
167,0.000334,-0.01568156088509041,-0.07694233025461701,0.023545321098244053,0.008171092658227195
168,0.000336,-0.02141624472109452,-0.03950490633174724,0.025074236889430113,0.010480518676812888
169,0.000338,0.0714780684805222,0.01260565796174812,0.011631094237860445,-0.005007837903256954
170,0.00034,0.02450327601602373,0.01875255603744461,0.03755175025695585,-0.015639687559118542
171,0.000342,-0.013062224188318868,-0.014373095127359403,0.023724051635369673,0.04495123320890196
172,0.000344,-0.013765214794479019,-0.012743211833792737,0.009422316716093976,-0.007372845000387042
173,0.000346,0.028561609594196697,-0.0675533187185714,-0.024801151407506838,-0.023472490018843373
174,0.000348,-0.06961068037158434,-0.02890915333106412,-0.027454683475377783,-0.00603313963556491
175,0.00035,0.033388976749807904,-0.007351819535721071,-0.030924411608134614,-0.0017086362364058694
176,0.000352,0.03147520864324048,-0.029278764483447146,-0.027317246517643456,0.016756468778226702
177,0.000354,-0.006646083471924016,0.01942454072128423,-0.0004094037538589028,0.02104990944268701
178,0.000356,-0.031052343421219226,-0.00036253952364802316,-0.006320700430894705,-0.03647672772312392
179,0.000358,-0.04690433843606065,0.020572471058239852,-0.010528571466539342,-0.030668408449419884
180,0.00036,-0.0028853681076999676,0.033840565720479075,-0.06842213536115768,-0.04489916069709979
181,0.000362,-0.027686593256858027,0.043835366001609866,0.008477609487578894,0.023019517213836806
182,0.000364,-0.034204827573786914,-0.033586076258115785,0.013434411501681311,0.0017482299280633965
183,0.000366,0.016462164565923795,-0.005630129727853564,0.00834431179363881,0.004743572547153275
184,0.000368,0.02333302167254776,0.024210248458334117,-0.0485961598317531,-0.06741805666022567
185,0.00037,0.030052361929545215,0.035631752797858095,-0.03061869058540012,-0.05579506219636886
186,0.000372,0.0029710446302160273,0.02792514679051588,0.05392783567302944,0.01548892716304353
187,0.000374,-0.011151500897570847,-0.026793918647545878,0.0003435387501196325,-0.008977941116557692
188,0.000376,-0.030452037171864482,0.0614626695258986,0.053555052062163926,0.03408146050666285
189,0.000378,-0.027625511934273827,0.025650579728918363,0.019188792284937053,0.013276368726121588
190,0.00038,0.037489958011313315,0.019061134285838322,0.022200427089130063,0.019107188501166304
191,0.000382,0.010223742240063177,-0.0535083338914255,0.002508632322316717,-0.016685758765473756
192,0.000384,-0.03839522872920061,0.05045449857902472,0.051869860226571106,0.04077661800886836
193,0.000386,0.007656402505676238,0.0405187536285797,0.00036159541805476624,0.006083918306933381
194,0.000388,-0.032804141113859486,0.0119097391349652,0.0018115778527325128,-0.039079563505033936
195,0.00039,-0.001535913354497907,-0.0023918869157042544,0.0539268349993392,0.026826399855402285
196,0.000392,0.00034336317274398043,0.00746361929403249,0.0013263713431259417,-0.006087419543866432
197,0.000394,-0.03247281592164861,-0.0045315563282078775,-0.0223829476995754,-0.03750946616769439
198,0.000396,0.01533665443642604,0.011737939797997048,-0.053601225341042336,-0.0036805391248538166
199,0.000398,0.029871041576997704,0.031776712166889626,0.03077510528655716,0.001167396207043794
200,0.0004,-0.025351359839074532,-0.03251096482074182,0.010338147142510724,0.01137840103095489
201,0.000402,0.03861993334815196,0.0329993895102625,-0.003966859695935163,-0.03732617636582608
202,0.000404,-0.009573197910326934,0.0065169358443157395,-0.006062497361682123,-0.017336823242329675
203,0.000406,0.007586544449096967,-0.015118732242318312,-0.01884198251176122,0.009343585029103187
204,0.000408,-0.012059777403876143,0.007323131669350564,0.00819612068556368,-0.03418287003274724
205,0.00041,-0.014437233715962365,0.04313330819749387,-0.03486238538202861,-0.06349963346911593
206,0.000412,-0.05585535459727534,0.0008732983973000761,0.0009275183409809672,-0.003528325662753628
207,0.000414,0.036425694867855046,-0.08018503299308813,0.011878016232924709,0.0468431460541072
208,0.000416,-0.033833422946751415,-0.011394195353696852,-0.022586757516858628,-0.026830381382325862
209,0.000418,-0.0097878601506912,0.04282455851053514,0.055121600264625606,-0.010078176751204431
210,0.00042,0.0571518064219341,0.0010672943095387459,0.05261073080103243,-0.002798959489604753
211,0.000422,0.003931734781384329,0.010964234179285036,0.09536561038102606,0.02553856724534367
212,0.000424,-0.021217935898543906,0.029069936108275737,-0.010854976112530244,-0.014692505487036274
213,0.000426,0.027258040796763337,0.0009325676331345835,0.008357277435354181,0.00041955665595877386
214,0.000428,0.010097493798163042,0.012748976923084476,-0.058109007981162454,0.019997180058286008
215,0.00043,-0.029460582594909017,-0.04326897406678234,-0.0017523373157604732,0.002519430099433628
216,0.000432,-0.020805184937168424,0.02493095573003923,-0.04026525499112721,-0.012208312463176768
217,0.000434,-0.01754622404799002,-0.001397618110180181,0.008365928539417164,-0.03023678848870634
218,0.000436,0.021728480323686846,0.0018900710500409919,-0.056758387599357314,-0.05875774321191093
219,0.000438,-0.00036957878787933704,-0.006629019533590622,-0.003102603407239005,-0.0008394736959065394
220,0.00044,0.006766795185305421,0.02842948829544899,-0.033333147027526745,-0.035159147787023844
221,0.000442,-0.03279971573662147,0.008667500015061207,0.03734842135939336,-0.012940183147185313
222,0.000444,-0.07505099532478963,-0.051119785878311265,-0.024991101683880346,-0.016731866624856442
223,0.000446,-0.012251658817641791,0.0011574336894275119,-0.009352389924673413,0.03148018831630221
224,0.000448,-0.02028051917044106,-0.02586953878426629,0.014366266155613847,-0.04606926209778358
225,0.00045,0.011690751159600065,0.0030765955117880057,-0.004423274697545022,0.04764828321447787
226,0.000452,-0.01866622335884154,0.06180894511572235,-0.006762943476842979,-0.03831049334910684
227,0.000454,0.002097587429844759,-0.03228735600956304,-0.022552675434405006,0.011910999000464734
228,0.000456,0.016667462659503744,-0.018665031007627744,0.029622154351392017,0.034725232740634014
229,0.000458,0.04308905269689873,0.015882402213771664,0.04090286136257096,-0.056423952839221726
230,0.00046,-0.009537196458853876,-0.026010157689702787,0.0035767758338217624,-0.01714347657590212
231,0.000462,-0.0049847352584919714,0.05646524640612148,-0.005091593892611349,0.012413769515706417
232,0.000464,-0.006968079897727056,0.00227139863870501,0.00018050041308214376,0.013449721979194784
233,0.000466,0.03495922606641531,0.04942181992809988,0.009288602457275004,0.017686406581068063
234,0.000468,-0.03452593527556701,-0.002636302272468617,0.02820868394650767,0.025979059152514597
235,0.00047,0.006348291983851506,0.026591818787038573,0.014723001269814566,0.03600918774777965
236,0.000472,0.008680774708713333,-0.01067094946713104,0.010075237707990709,-0.08791783127558327
237,0.000474,0.011486572091551484,-0.1094523847564435,-0.05170390222216254,0.013553058028229524
238,0.000476,0.014325880118003858,-0.034872863404197915,-0.021363061256368162,0.04111622965842396
239,0.000478,-0.014520903947180284,0.06728760937208955,-5.759559529038447e-05,0.012241085306438004
240,0.00048,0.04850623195495823,0.0039308134858025865,-0.030070319420724037,-0.0032918235508287035
241,0.000482,-0.001068322085702728,-0.04094224956604696,-0.0076749621402247,-0.0222657628199231
242,0.000484,0.02773073271562302,0.0010383562255576685,-0.008483872474427102,-0.003185457918677288
243,0.000486,0.006693660552184984,0.018504425990693393,-0.02999136686008144,-0.031247628978638156
244,0.000488,0.0331403764620759,-0.012370106166141917,-0.04250526277790622,0.013314381281493138
245,0.00049,0.013901094180980606,-0.04592145771770119,0.0068844514639081885,0.022067492772851208
246,0.000492,0.011231593551187892,0.018959444512841858,-0.04212807294272247,0.009931204649885868
247,0.000494,-0.009078592784113396,-0.014483704761739344,0.026116668282591796,0.044378235320226896
248,0.000496,0.05383110163801077,0.03944423614517715,-0.0032920254489055105,0.010581604890790292
249,0.000498,0.02300468615352731,0.0036353384789838588,0.003922925637346331,0.024712593956285462
250,0.0005,-0.0017784793807779664,-0.021878608091209843,-0.012434191975075755,0.01901731133201227
251,0.000502,8.979873599867196e-05,0.010206299306050135,0.020102377266065695,-0.011245243886928288
252,0.000504,0.02268744490889418,0.011365278103751833,-0.03704439260734436,0.04326914373558733
253,0.000506,-0.015022342312707484,-0.04965286029555551,-0.03135131128758907,-0.03063135482034966
254,0.000508,0.001565199559726004,-0.008215515166387116,-0.010104959029217786,0.018591058964474366
255,0.00051,0.010196260835781113,0.009481436119328586,0.01229485371986078,0.018484040040067148
256,0.000512,-0.06323860025332328,-0.010933147567933836,-0.06540630193468422,0.0010817978039338624
257,0.000514,-0.0001389891667303596,0.03136596824369041,0.035629031781633624,0.00608325144757102
258,0.000516,-0.015010832321906994,0.014554833376372135,-0.015837529119729406,-4.177954330046697e-05
259,0.000518,0.029584089508823033,-0.016733140379682706,0.024170359177275027,0.02032204106076907
260,0.00052,-0.028643754513924643,0.02921682384652203,0.02095699036114515,0.003057776621179723
261,0.000522,-0.022869703740829566,-0.0257761805572671,-0.016129877307090673,0.016277833898758802
262,0.000524,-0.028668755022041935,0.013125367458596097,-0.03725266586635178,-0.0061220575331654686
263,0.000526,0.003289432637220259,0.0733539043517675,-0.04131946966561102,0.044160436994704
264,0.000528,0.0044952724196184015,0.012335157540478894,0.0035504374016461352,0.01334180454585699
265,0.00053,-0.004610553130860532,0.04362150544372374,-0.013694134326741672,0.03396703716537743
266,0.000532,-0.019331013606390685,-0.0018075553920386086,-0.03215887656870658,0.013650711610425597
267,0.000534,0.04335377870779601,-0.0023206853946256224,-0.005906570961117286,-0.0334385088920378
268,0.000536,-0.0068787796065692425,-0.047783827791645826,-0.027386339601564818,0.006803581383274062
269,0.000538,0.03957039593224188,0.08427632583688509,-0.01759755255212702,0.0430590046993632
270,0.00054,0.007312574412049437,-0.004537429402391276,0.012977833551784565,0.0018574945103987754
271,0.000542,0.003311871768366556,-0.012249994884800075,-0.04194328979396552,-0.04630875607566245
272,0.000544,0.019597346498436807,-0.008301002702571402,-0.017882666989685,0.00025516880169460703
273,0.000546,0.023847967587468825,0.005410918290791945,-0.01968164809922902,0.03678878866946849
274,0.000548,0.04737556508944896,0.0148366996596856,0.029209905340322702,0.03725879990441433
275,0.00055,0.03390297949213541,0.01842297531337871,0.017950411412246483,0.015589817200395078
276,0.000552,-0.032920130236411306,0.02102169470578757,-0.040674419133796616,-0.023837983653751647
277,0.000554,0.03910695203424262,0.025206604880825923,0.044621948690575876,-0.008150231510618767
278,0.000556,-0.03456746523830302,-0.007213115912110285,0.0030609389172172262,0.0023696614902002904
279,0.000558,0.034010414362701046,-0.010838112750103365,0.010561034154087727,-0.02965881448303818
280,0.00056,0.01350951834131439,9.325650556910235e-05,-0.022494400148535522,-0.007074880865245584
281,0.000562,-0.0055252723954566495,-0.008104653880112885,0.0531402372680305,-0.0029533800692363886
282,0.000564,-0.007316883305320132,-0.06292352872830424,-0.026826220559384318,-0.007892202733690585
283,0.000566,-0.020575580285299284,0.04145122780133391,-0.004948133261886559,0.03865332747954757
284,0.000568,0.0018511390215110407,0.001116835092647299,-0.0026638934313750282,0.00011388754864377397
285,0.00057,0.05156385009149578,-0.06958832180253655,-0.06004637233316036,-0.016295124931683416
286,0.000572,0.0004358364581270665,0.02070313274292037,0.014192615940824254,-0.011527377386417105
287,0.000574,0.03057131079725287,0.03090586209458193,0.005521734938146966,0.028879727174605237
288,0.000576,0.008179357902963863,-0.01684449080348651,0.020934505170000138,0.0033183936773603312
289,0.000578,4.019540263460787e-05,0.044188607165687226,-0.07352616385620259,-0.04253052510478709
290,0.00058,-0.0356121127912311,-0.010897819427064168,-0.0076382450929809035,-0.04521976943319142
291,0.000582,-0.02955474096932479,-0.025825250355707104,0.07372272276227675,0.054052258432414395
292,0.000584,-0.012352482530539478,-0.010907498709203968,-0.03447611991564882,-0.057243912396758
293,0.000586,-0.003506405592255721,-0.02993555949732077,-0.002545515949860293,-0.04800617547130432
294,0.000588,-0.022859233749307734,0.004458812859084926,0.010986287933518121,0.012524158762260436
295,0.00059,-0.03961466952471112,0.02564057190406685,-0.024006350898055508,0.018985737438219193
296,0.000592,-0.0003191602985457944,-0.04129162497233844,-0.009485931137435639,0.010960912261913027
297,0.000594,0.01838896141423797,-0.004229636923332558,0.04595336671803158,0.030225323129596766
298,0.000596,-0.007699623491992585,0.022503654364108335,0.0580138045556456,0.058814538023490806
299,0.000598,-0.03683999642467492,-0.027795993334714518,0.044547563602015526,-0.031748431525129114
300,0.0006,-0.039676233998750365,-0.014585823920971406,0.012606801284237572,-0.003071901198332891
301,0.000602,-0.019516908612167764,-0.020226373851735268,-0.02137011193238126,-0.026385288859768277
302,0.000604,0.06844898631828185,0.008925332135566648,0.026602771632142155,-0.01467232404356771
303,0.000606,-0.005578700315581465,-0.02140661944111065,-0.07955125004757606,-0.04134027830543598
304,0.000608,-0.05431856039941184,-0.06749351333854822,-0.03586076922894308,0.03974867038144892
305,0.00061,-0.0013330850311306325,0.038716912869635224,0.012329477307026259,0.023476764771454776
306,0.000612,-0.027026909859137253,0.015718528625780125,0.021861427022230377,-0.01729941876701079
307,0.000614,0.01678621111848499,0.016985632757244986,-0.016486578633902484,-0.033683052968129845
308,0.000616,-0.03552384995694817,0.0025951662576438536,0.009810296063679445,-0.023775774913737432
309,0.000618,0.0007975602397829591,0.01711611108415456,0.018545721439959025,0.046556403603674655
310,0.00062,0.0383094249659413,-0.03003874298269632,0.050507586286140674,-0.01592929513667144
311,0.000622,0.031346184373632825,0.0020395987815326655,-0.012364481353709027,-0.054230905793247984
312,0.000624,-0.005146935306490446,-0.046781497059168266,0.02901897707528317,0.04550377971417744
313,0.000626,-0.023907329678900708,0.009059122275578134,-0.02176174566023926,-0.018854541904103687
314,0.000628,0.02323484111596114,-0.0011561478553023753,0.05218944125793035,-0.01446697436108763
315,0.00063,0.029980089974234674,0.002922402388733459,0.023873340292326996,-0.013414729719898402
316,0.000632,-0.0014867651265474814,-0.0034649663789680426,-0.025081713445373615,0.019862446037452578
317,0.000634,0.019507470167350924,0.017806640847167,0.04610896961752934,0.0434803440370891
318,0.000636,-0.011248340695474061,0.011191569553025346,-0.01870802067774638,0.0007006594834366637
319,0.000638,-0.01799248347356594,0.04860210927408153,0.010910944510288885,-0.0065408738431326635
320,0.00064,0.035808557155691305,-0.06511846229386234,-0.06042307784595869,0.023875159656593217
321,0.000642,0.0018140534435210417,0.007513389007822819,-0.03979188309955646,-0.000697011325510986
322,0.000644,0.06010528231204026,0.024725988593875887,0.005091196354284363,-0.01317161730314813
323,0.000646,-0.011837185556081814,-0.06387593667600053,0.007729212627634817,0.025364493254455618
324,0.000648,-0.04726857981511845,-0.01984250676920448,-0.03472393896700266,-0.028960535844262905
325,0.00065,0.0016044488046570065,-0.06253206464965423,0.018428113150711918,0.022615652098010468
326,0.000652,-0.007533077641107375,-0.07442125529953625,-0.029892558780071687,0.036987058023080895
327,0.000654,-0.08333982842185716,-0.010425702365805577,-0.03540002335401777,0.024137109047545097
328,0.000656,-0.020253418564303842,0.012118620622068347,0.01696381257507279,0.0550867751919006
329,0.000658,-0.006088258310261106,0.01128133108867834,-0.044551664373823074,0.03571240689881232
330,0.00066,-0.02281526544214094,-0.016822624922632368,-0.0006674338454763221,-0.04688653036019549
331,0.000662,0.00686310086786814,0.029023988187750323,0.008788014704918747,-0.04766692692536175
332,0.000664,-0.003714278829889787,0.02226086708938472,-0.05633966297897723,-0.03224298041453142
333,0.000666,0.0262963081224456,0.008102863025918595,0.012359147463802615,0.055784844228699344
334,0.000668,0.014056583355186078,0.01973664031299538,0.08132236581654978,-0.006414136742714721
335,0.00067,-0.02393648290855485,0.01283389194741398,0.013169730881666846,-0.015801461758386245
336,0.000672,-0.030971910586645425,0.06929533266270234,0.009805304111640687,-0.02196856144206227
337,0.000674,0.027477909068387957,-0.0032743545468400348,-0.007586443389534938,0.016868186157434798
338,0.000676,-0.038756468046950696,0.01057881611751517,0.057388644231952564,0.013985329865919322
339,0.000678,-0.011286363113503934,-0.015213158412847259,-0.01231019920035328,-0.007618880341433432
340,0.00068,-0.011334195982748159,0.027489343232237,-0.051996273096269495,0.02586000151236402
341,0.000682,-0.011390595754276834,0.011308433570861167,-0.03380963730602591,0.03985893200548308
342,0.000684,0.03736904880515619,0.028787715772502206,-0.04544264327380618,0.024873632131981585
343,0.000686,0.012145652629071265,-0.04815813741397703,-0.0007289215131244647,0.010936034670997876
344,0.000688,0.016682258214694524,0.005317841008465671,0.00873694250542139,0.04420834176759286
345,0.00069,0.0367810172973204,-0.0860116486134823,-0.00952315664513046,-0.004939530826318538
346,0.000692,-0.05256295718180913,0.002825491746969365,0.037462733172315195,-0.03259703578771771
347,0.000694,0.01009202816069617,-0.027474704318893133,-0.020157360710390305,0.04432180902510105
348,0.000696,-0.01627673460335475,0.01386637467031874,-0.05613654348182961,0.0558695268418464
349,0.000698,0.018079573389194966,-0.00547499527950785,0.017266395299996844,-0.04229458286843431
350,0.0007,0.035475922252579714,-0.009719543264892905,-0.006122085451453041,-0.014749668448964533
351,0.000702,-0.01741954208236754,0.020840118348852257,0.007677205503126686,0.019552444242091196
352,0.000704,-0.0002638406845671436,0.01539599433231543,-0.01256546231775115,0.06689195524228644
353,0.000706,-0.04703791249291495,0.03782811970688953,0.04103722352162912,-0.025564764178967813
354,0.000708,0.0668782083166792,0.029864708488359544,0.029134170204687344,0.0008406656107763006
355,0.00071,-0.006516784746560293,-0.006282264811188243,0.011715917889585516,0.04203558825101688
356,0.000712,0.005439426535842588,-0.027343308694118707,0.024732811871549392,0.027634522391843764
357,0.000714,0.01963978585343358,0.02236496719574948,-0.008127843904734242,-0.027869675013917385
358,0.000716,-0.02604580291922339,-0.04906389745373574,0.0071084583463784925,-0.0025034634967978082
359,0.000718,-0.013199631135891262,-0.08866856473035209,-0.037419524090825065,0.033625219542095006
360,0.00072,-0.01993878000189393,0.010817750329705242,-0.041720562899257685,0.04316116447077693
361,0.000722,-0.004320829801640292,0.008701211894506055,0.06977339375645054,0.04549320301768211
362,0.000724,-0.009196968638611733,-0.017796605546110775,-0.009766350345585954,0.01529694745429607
363,0.000726,-0.003156724027526134,-0.01185732435010415,0.04401543752127127,-0.0034262967533351067
364,0.000728,0.06898767279111957,0.0027222769125651906,0.053559551826741825,0.010719582681318804
365,0.00073,0.028888817197483433,-0.02173833154553173,-0.02561277667762235,0.013791178650449624
366,0.000732,0.029656597273959456,0.001207695060013886,-0.038591800052510915,-0.04080775098867981
367,0.000734,-0.042814092065587235,-0.05302866338818143,0.0032845607834126253,0.03375131765124076
368,0.000736,-0.00040247360774426304,-0.06781244272013556,-0.005722813810036461,-0.004883969898978213
369,0.000738,0.06287996250676318,-0.043714137387586685,-0.011720328077975871,0.05117558041633692
370,0.00074,0.01349935024039644,0.01689939220549274,0.0034375331107163462,0.009898306159717936
371,0.000742,0.02332828590835608,-0.02428458956678299,0.026341757367245994,-0.04119009050656618
372,0.000744,0.009851039184946144,0.005362228898589815,-0.01848879264576324,-0.0006805582597694021
373,0.000746,-0.01867620457996659,-0.03215103980585233,-0.01060844224840933,-0.033119659061149845
374,0.000748,0.009683923922797443,-0.034502564824570904,0.02135931068973154,-0.0354443720378646
375,0.00075,-0.01698884746743019,-0.01873810224645537,0.03975440186624517,0.009908698368497755
376,0.000752,-0.006352014076331828,0.014961583232091699,-0.06321577041989064,-0.0012940076892272233
377,0.000754,0.05992542533414288,0.003970395192080177,0.002037395075080065,0.016443851389265882
378,0.000756,0.026868157299430366,-0.05992400078669579,-0.0504697944537308,0.006308738732584396
379,0.000758,-0.02144629685692529,0.03936075786659742,-0.009455231696556717,-0.058035922071393534
380,0.00076,-0.03804041750531991,-0.08249028058891726,-0.007023766118487376,-0.005651523817931501
381,0.000762,-0.012733881293456933,0.03236637117089216,0.03595559509550081,-0.005111652700683336
382,0.000764,-0.06404081002430567,0.018518447414767752,0.016660806855257265,0.00928174710470835
383,0.000766,0.02944439247924347,-0.0349448428938312,0.06026266158555416,-0.028782832594256038
384,0.000768,0.022476687816025638,-0.050620430832400545,-0.027907940618101524,0.045491059401760084
385,0.00077,-0.007826994690025497,0.025197678153983938,0.007108661661577383,-0.0031487446800051804
386,0.000772,0.04091550974798069,-0.00709976473955701,-0.05342214322690411,-0.02409720275855115
387,0.000774,0.016535751861050826,0.011865273190875244,-0.04701174750706315,-0.02173027558224603
388,0.000776,-0.017451640476067398,-0.010964087823426751,-0.04127740765804654,-0.018851133243584357
389,0.000778,-0.02185831455778582,0.02314599779285758,0.024273639329707313,-0.00437431374266448
390,0.00078,-0.011761193876121945,0.004197729361173402,-0.024497253223667248,-0.034404962465023226
391,0.000782,-0.028206636267771507,-0.0190443949191437,-0.034904213993768134,0.004861786771886242
392,0.000784,0.02189147021351125,-0.04761294902394725,0.0007538613364810005,-0.006598073857990067
393,0.000786,0.010245260566104086,-0.0003881630431076418,-0.04360797839794892,-0.037871678965714965
394,0.000788,0.0008827072675491816,0.03086342759236528,-0.06642562113129008,0.010371797394047397
395,0.00079,0.035688660158629294,-0.004590776286186393,0.016506074880793222,-0.021092072426934064
396,0.000792,-0.0035809859783063045,-0.048627405549244544,-0.07033029925256622,0.028282974036758255
397,0.000794,-0.029549847831733256,-0.013665835350102915,-0.0415932675981058,-0.04229909109251627
398,0.000796,-0.00521513100283849,-0.021887315824069394,0.011339129939840953,0.013576152569387757
399,0.000798,0.009625489389738215,0.00715802372785331,0.04733304614795658,-0.03202781307134658
400,0.0008,-0.0016480459860875325,0.03398069461558766,0.03793619428014109,-0.04265290948033718
401,0.000802,-0.009370663249676097,0.040743632876017816,0.015242373155971958,0.005857890944393183
402,0.000804,-0.006530540803039702,-0.011514027771232362,0.008646571892709726,-0.007571223749534501
403,0.000806,-0.0012773586313333254,0.002357961183451121,-0.020342145854804976,0.01596388121644315
404,0.000808,0.08742733945246259,-0.05330959917978225,0.009720375725699396,-0.022805702658567167
405,0.00081,0.017322077325577497,0.0013967241998358276,0.022855643221273904,0.03526519729526339
406,0.000812,0.0057726335330454395,0.03396156865242534,-0.07032893681366031,0.047713568937480695
407,0.000814,0.011251864556770203,0.03233530067235545,-0.036596272345245644,-0.02492309644816007
408,0.000816,0.004378148824343224,-0.0005111366801238905,0.008492057640299687,0.032535454827898984
409,0.000818,-0.05295660945908547,0.02921457215151927,0.00024845729873781053,-0.006113455833736432
410,0.00082,-0.04413345703154671,0.01509146005130595,-0.07242323553093111,0.01945182033716138
411,0.000822,-0.04476317506418975,0.001603737378524221,-0.0035750651198376126,0.03508614441881651
412,0.000824,-0.005359655070416705,-0.02082415683436997,-0.01519808087913609,0.03818648306263991
413,0.000826,0.01608890907542681,-0.01156889944569484,-0.007093392598935403,-0.04701531271756341
414,0.000828,0.01165422602554623,-0.05279447123086397,0.02255389397506368,0.003858647774737975
415,0.00083,0.07160855398721767,-0.03300406661172917,-0.003079862731218988,0.05394863102769188
416,0.000832,0.035741689208742426,-0.02088636154739699,0.006719022851203432,5.998069245261699e-05
417,0.000834,0.008458676021824716,-0.020960413079544892,-0.0026796120810220355,-0.04794157125830141
418,0.000836,0.004053703556042462,0.013500620202654962,-0.00682258237931652,-0.04845152671754363
419,0.000838,0.029655955885543872,0.010935751139784069,-0.021780452931029304,-0.008418013405141919
420,0.00084,-0.04502008208345516,-0.03076230383333713,-0.016134340390714184,0.03685262436840454
421,0.000842,-0.019185101726624267,0.019206409779862762,-0.016149486085847393,0.0074384268255562455
422,0.000844,-0.0042418650643140645,0.0261916980027823,-0.016044340146556736,-0.047175847500073226
423,0.000846,-0.04145847094090898,-0.01595632481828272,-0.037471799120341584,0.012306360470386538
424,0.000848,-0.013973044945742334,0.07123819650079294,-0.052131437854113956,0.006108995361294036
425,0.00085,-0.03383859070517007,-0.014802040211480356,0.004242584200216325,-0.0697611412462286
426,0.000852,0.007104783503640824,0.05708722386822503,-0.013603148951057785,0.007794235704165284
427,0.000854,0.030747650793761978,-0.004918605000809896,-0.017428805655944495,-0.06827209211165257
428,0.000856,0.0192297215818492,-0.003395052291866917,-0.03038051554164485,0.003797901308330807
429,0.000858,-0.01751041070418544,-0.01585278393346577,0.018188734683261244,-0.04015147233971533
430,0.00086,0.031419458582212755,-0.04193058489355211,-0.019881042250657913,0.05768838582199732
431,0.000862,0.033820642849272664,0.0029281197748632056,-0.028215906465036494,-0.015878169200996797
432,0.000864,0.002198259437570892,0.0011256969701879526,-0.0027261278887788856,-0.0009249754225255299
433,0.000866,-0.006431253291153422,-0.043259362069200384,-0.015495322264824984,0.027438721619605394
434,0.000868,-0.041050028926533526,-0.0056866653461783555,-0.02459261786312532,0.0033405128819433394
435,0.00087,-0.011658995432004545,0.04432180994924007,0.015197494625707613,-0.039354094973316336
436,0.000872,0.020136840348410956,-0.02323955568786189,-0.017309891141326007,0.009414570603213655
437,0.000874,-0.014752422591904043,0.026785674489688657,-0.023235301845401863,-0.018568396577740894
438,0.000876,-0.019691126806443266,-0.016969162450651165,0.03297574666643439,0.018863888808309092
439,0.000878,0.05129831862036213,0.06802932611697764,-0.030921510957970192,0.0021125738198186665
440,0.00088,-0.03528600949930299,-0.023328177832448012,-0.018902475307670082,-0.03171464622414823
441,0.000882,-0.031556618186952407,-0.004328531355607646,-0.03650155255159221,0.025263808774128982
442,0.000884,-0.027532606122525425,0.08428706910289176,-0.013541533528931855,0.0021605292575115663
443,0.000886,-0.038860235533981054,0.05118275274382918,0.03358502042408749,0.008907476122083376
444,0.000888,-0.040404076463386965,0.006320006331738608,-0.033642931380517646,0.04387065790420082
445,0.00089,0.02427584195559518,0.0028631711546320835,-0.07309126989741967,-0.02950247935977092
446,0.000892,0.02063283394799617,0.036386510751694676,0.033275094344763945,-0.04776039006724366
447,0.000894,0.009046569204387121,0.030465456494487883,-0.04975006696746735,-0.00023713546119709042
448,0.000896,0.008215271949253687,-0.009022937545402046,-0.05556485566203605,-0.00977094330221186
449,0.000898,-0.00981916290765072,-0.004442172136432626,-0.016904142762752088,-0.013290364597244019
450,0.0009,-0.001191188470409337,0.013273638149091334,-0.009132802885700016,-0.012289467851040056
451,0.000902,0.002770621147633742,-0.057627477776855444,0.014311053816793741,-1.6892913688764246e-05
452,0.000904,0.0011908057979268547,0.028822029227833917,-0.05858446590144744,-0.05921501609576891
453,0.000906,0.008214115359705586,-0.00021350565385547317,0.005105308295757966,-0.013863812255173366
454,0.000908,0.019930610227197935,0.0279791652897336,0.01451946881854581,-0.007824853752137494
455,0.00091,-0.06323068162843208,0.02307708624111384,0.036651859986527785,0.0193367523595194
456,0.000912,-0.026389272821025194,0.020213831810032733,0.025815891238843362,0.04676448743397257
457,0.000914,-0.02628329772683873,-0.006793637536324154,0.022418161534303656,0.0017223021431447335
458,0.000916,-0.03351982806153824,0.01243848855080109,0.017359849014455,0.0026388868899300593
459,0.000918,0.006587547815398324,-0.0077611770505719045,0.04434836807148178,-0.027020765511380294
460,0.00092,-0.017619622882913365,0.00032956540582576864,0.026368620831026778,-0.0449211951028361
461,0.000922,-0.03930890249296318,-0.06113185523204153,0.0009808567575981236,-0.033549174516196316
462,0.000924,-0.011536503300537501,0.01984134569675124,-0.019246281623485396,0.006938460682300937
463,0.000926,-0.008980137232551661,0.020163429452893105,0.014253842020440263,-0.0207580108852383
464,0.000928,-0.005059552602013579,0.03131230193161483,0.01180130610762291,-0.04190886173253394
465,0.00093,0.019668541835141478,-0.032538318673087145,0.04237539209883018,0.030722965195230746
466,0.000932,0.008696564277552023,0.004716985303085802,-0.0062709676808226,0.020355718542000842
467,0.000934,-0.01112334508386185,0.007067096119196816,0.02615803099558353,-0.01685419630576769
468,0.000936,-0.018485782199720836,-0.03583096442173377,-0.03193418238378517,-0.05485185934324507
469,0.000938,0.021894863670465888,0.05426743626248312,0.04275986830410917,-0.04878253465879549
470,0.00094,0.021745640146686,0.04266319049770669,-0.01370429942215992,0.0030434229195014837
471,0.000942,-0.06023679152414011,0.008002085039299245,-0.03190679188304152,0.005989050537345436
472,0.000944,-0.04683608766566641,0.016285746734327877,0.03073538026280069,-0.023495395851455027
473,0.000946,-0.03410767744231303,-0.06468069127649943,-0.007992406022255311,-0.017447818028448154
474,0.000948,-0.046530582370441644,0.013590562689365149,-0.013499111455939475,-0.03227207875935697
475,0.00095,-0.016637172169213413,0.032139136167888466,0.018088108312656666,-0.0039007818449546946
476,0.000952,0.018573150553945577,-0.03482735869160217,0.0009711030218109159,0.004419669914594117
477,0.000954,-0.014095095254961805,0.013063750078722534,-0.023413003639333536,0.015294621233283536
478,0.000956,0.01655576314593876,-0.08751479642091198,0.03570917110530353,-0.09142897696058262
479,0.000958,-0.018481470766683758,0.03076044102773265,-0.00951860175757322,-0.04398557947408626
480,0.00096,-0.03281211185150012,0.03080717238961859,-0.057645135916459145,0.03386973302886052
481,0.000962,-0.0016530629712686801,-0.035771859913273,-0.01749345216908073,-0.03051673023304924
482,0.000964,0.02598675602575586,0.021972834292885147,-0.0515748340162814,-0.012107763555580022
483,0.000966,-0.02589556987032831,0.038805299053781106,-0.04050297354379263,0.04812687314055041
484,0.000968,-0.0009988421855081269,-0.03485803219140263,-0.020318225520278337,-0.024048565223053518
485,0.00097,-0.03823855206046518,0.00284480579191127,-0.0368374665207553,-0.06541098626214566
486,0.000972,-0.011390294125445191,-0.05408568589253648,-0.02256482604202561,-0.027273086658100677
487,0.000974,-0.026136482160774424,0.06002889304770461,0.0016923470150871228,0.007361130269859965
488,0.000976,-0.053291948890268837,-0.019618894009107657,0.006459078898245359,-0.03073586738739019
489,0.000978,0.02724188530553956,-0.0360808975770309,-0.008590984075955268,-0.017581549199266758
490,0.00098,0.004929619781457479,-0.019214702155662778,-0.00812680881212812,-0.0070839027533395665
491,0.000982,-0.02203163272173903,0.014552816054913379,0.007151651245122758,-0.002658418357595019
492,0.000984,-0.012913750003858743,0.02389632091559991,-0.007075027314425441,-0.009200918634778116
493,0.000986,0.0031407008966437802,0.05089760048912552,-0.04021068624063612,0.02309570679166064
494,0.000988,-0.05679513483714315,0.006518194746858718,0.04725248482826192,0.014660055734019213
495,0.00099,0.005118752356193784,-0.016813484064092266,0.0009314160146566272,-0.007561884462100688
496,0.000992,-0.02357929823794066,-0.008696268464246095,0.005951434818793186,-0.02301651205591921
497,0.000994,-0.024188454620540523,-0.04080730312776523,0.011721750782666882,0.016359697859011813
498,0.000996,0.006949813327095523,0.028955114781859973,0.0026360291124218256,0.011760328120972701
499,0.000998,0.009115122769126885,-0.002746200582546236,-0.015924654843889417,0.06642457847375734
500,0.001,-0.013558529395605255,-0.019976331333613092,0.013020294703503209,0.007555632458850154
501,0.001002,-0.04214374642830982,0.033680347636912154,-0.002825837260524999,-0.03332793285647161
502,0.001004,0.03566352343061622,0.018770267147884618,-0.037936259758437424,0.05331548520773173
503,0.001006,0.019763921050985782,-0.0003058834687513839,0.04770656416865338,0.004778933514889217
504,0.001008,-0.0008424922531209593,-0.01980900348065967,0.017455513179212356,0.014298089019719396
505,0.00101,0.0004404041966913386,-0.02369959061602809,0.0038978956249822155,-0.0020939635728641362
506,0.001012,-0.04000422956202603,-0.04415437053972557,0.01695460136429308,-0.07805664945155066
507,0.001014,0.006162315808837799,-0.014342491732614733,0.039247398206397305,-0.014804046274616272
508,0.001016,0.01978452642755688,-0.011907415237133748,0.0034124446045843033,0.022105095927601535
509,0.001018,-0.013876671489737404,0.02989664653495212,-0.029810936313194494,0.008837785276751373
510,0.00102,0.02767919168363558,0.019801124753710046,0.057493346302062306,-0.022903179519319816
511,0.001022,-0.04137447754045764,-0.02983005325485358,0.01981327699645311,0.014937688028081358
512,0.001024,0.0030676997894224733,-0.033688711473213895,0.02300601879987182,-0.03674114332951621
513,0.001026,0.034768487471306994,0.08572315269419595,0.010993534397146515,0.01749324406973229
514,0.001028,-0.014785793066866781,-0.05430639963260449,-0.018081580890906668,-0.03278685723296248
515,0.00103,-0.04341013729245047,0.05167079825986948,0.008185875540773189,0.01139062741841951
516,0.001032,-0.009270670955887485,-0.005186132473303091,0.02893652046718,-0.0009701135608564631
517,0.001034,0.01592081814074198,-0.005880128935350475,-0.010264586721961415,-0.04220742496805586
518,0.001036,-0.05933247187101384,-0.007846857031992054,0.0016949007597969808,-0.03858390110126372
519,0.001038,-0.0010342459510389863,0.0016125768897150606,-0.06468024018178137,-0.027453739784385034
520,0.00104,0.012217916812064055,0.011611761881872316,-0.03461024749199282,0.004753441514992049
521,0.001042,0.030672216760814164,0.023312188769726946,-0.0028585736104180365,-0.01403928939972877
522,0.001044,-0.018880334530035132,0.014034593487289712,0.00585311919428664,0.01888212018306601
523,0.001046,0.003956214393634559,0.024562918510423255,0.002837775988731005,0.023540661483950592
524,0.001048,0.026124683110999167,-0.024135798906744405,-0.05424432140612238,0.0463047856804366
525,0.00105,0.00769976192136785,-0.05143457686488365,-0.02141458491656133,0.023156228771094852
526,0.001052,-0.00839030493398679,-0.015361842579573811,0.042026455809389,-0.03141861439151431
527,0.001054,-0.023944600732645014,0.006341594251448026,0.011713647961616468,0.014890291030221945
528,0.001056,0.027337141337068403,0.005957358620445505,0.014681518168152274,-0.007776277779452496
529,0.001058,0.0018809490971014272,0.0032260254016090325,0.006452944074571082,0.02317619422748282
530,0.00106,0.01665437045834493,0.001326510087005493,-0.024273779548231195,0.0020301377418812864
531,0.001062,-0.000840533546872318,0.00579544739439595,0.06619575921421206,-0.01571318335623706
532,0.001064,0.012668670573760785,0.032053862017328946,0.0029400574229814865,0.07013535357516495
533,0.001066,-0.0113411787519443,0.009722676669601412,-0.023964172346789457,-0.010545742054298793
534,0.001068,0.007468017311899737,0.02538912186923189,0.009572845020707226,0.03777344548004208
535,0.00107,-0.0028489593177801523,-0.00996505589517016,0.08111955321838159,0.011827129483260923
536,0.001072,-0.02158444637935643,-0.020827912867442063,-0.028280397435940213,0.028097080675703635
537,0.001074,-0.010931318786797255,0.0038208742696945685,-0.0019052602331480614,0.02194477223822804
538,0.001076,-0.0254023227865206,-0.03226716858429046,0.006728919215447828,0.01802877854099691
539,0.001078,0.009975969392929222,-0.024283611872919827,0.020324545262741814,-0.022315827812869025
540,0.00108,-0.0156461593435915,-0.028318605741660067,0.039034750459560924,0.019002646230820475
541,0.001082,0.0181498012703662,0.03741634263427351,0.08437947744716169,-0.051276783117304665
542,0.001084,-0.022151297426313242,-0.018485252525235713,-0.025524588671480785,-0.032327497428111376
543,0.001086,-0.008989591921660968,-0.03649811145868215,0.010051271026122395,0.001550949642858439
544,0.001088,0.014430859942909659,0.015231853549147575,0.018090205602800294,-0.01120226810471647
545,0.00109,0.06363430207901001,0.007032933494462932,-0.055874542578743844,-0.030071272372986523
546,0.001092,-0.05221508967083447,0.0005200388745392198,-0.003654156721600009,-0.014052770936983735
547,0.001094,0.06032778337201542,0.016469486222307324,0.021782950843390034,-0.027932204638263094
548,0.001096,-0.029974346739930366,0.0011041649729086425,0.005190214189566775,-0.055689347013433706
549,0.001098,-0.0054092106854860215,0.0004221624862051442,-0.006454474973133868,-0.024401712370400293
550,0.0011,-0.0161860554576342,-0.005305775807183881,0.002724000708301433,0.01814374747651704
551,0.001102,0.03242568614852614,-0.008830431705817494,-0.013684685883460735,0.013129670206029186
552,0.001104,0.018325347492325627,-0.013026012997766567,0.023711804308985167,0.02938756023467919
553,0.001106,0.03875059396976019,0.053349627201594675,-0.025992484159783166,0.0004169462799753357
554,0.001108,0.00033833089855980417,-0.0029422070559752276,-0.019477887588304085,-0.04456686009693214
555,0.00111,0.0027803833808701136,-0.023050669786437376,0.0025798044224287497,-0.0238213062509656
556,0.001112,-0.032989750375330244,0.0070289508113069304,0.0045276458041948785,0.01737845913962799
557,0.001114,0.06557591299252875,0.008318685936325404,0.014552453011923887,-0.03232683986601976
558,0.001116,-0.03860722321609123,0.04748488340320001,-0.02770439339799911,-0.03131832214405926
559,0.001118,-0.0011729676364965894,-0.0027057724013216508,-0.02707519519329875,-0.009149196561393
560,0.00112,0.03688127152950313,-0.024179808264953927,-0.04181017453098515,0.028277808626993767
561,0.001122,0.014768907358141101,-0.018615558619459845,-0.04746501048380754,-0.022338700693156893
562,0.001124,-0.0016411331054781392,0.034970162696514574,-0.03109745924608971,-0.002535596445344203
563,0.001126,0.02025433979684694,-0.07143802020365762,0.031013585038166994,-0.03547351716619312
564,0.001128,0.009959864803708036,0.0074004944883223215,0.03253759174391535,0.01652773142680621
565,0.00113,-0.07131871475189942,-0.02354337741467974,0.004146153880598402,-0.005849396583593608
566,0.001132,0.014328321892703113,0.02368099667009116,0.018253552092890372,-0.006428248276633956
567,0.001134,-0.05539011033361441,-0.013664437465644517,0.012491044444168655,-0.032713417576514324
568,0.001136,0.018938241903647287,0.027251798918019134,0.003806009288875277,-0.09191339598937187
569,0.001138,-0.0383426508813541,0.05658567475668245,-0.01639613379085134,-0.059524296693869876
570,0.00114,0.03705742164930817,0.00040066774631018564,0.03314821466873176,0.008308760256580958
571,0.001142,0.013756774086365064,0.010890277431435497,0.02092464935763,0.06832291345668294
572,0.001144,0.02913019007877564,-0.04741017953536605,0.013399845458367102,0.03424442304309653
573,0.001146,0.03608102419608438,-0.012798149491772987,0.03494833335564383,0.027832271986536154
574,0.001148,0.0771755231090919,-0.022500052087455345,-0.015222017292012757,-0.009183571453798616
575,0.00115,-0.014706664501163258,-0.02670062249290809,-0.08288026517021228,-0.013040984211694024
576,0.001152,0.011080741790997132,-0.01479665536517732,0.05806143550587329,0.00040127438147587733
577,0.001154,0.038730871655524066,0.007842612381899051,0.024792219296797736,0.008377246618006868
578,0.001156,0.04106353895710688,0.0016781805039720215,0.014883621242663571,0.01098998800950131
579,0.001158,-0.008648563743819565,0.012149469567740304,0.06703158738593046,-0.00811190826286326
580,0.00116,0.012583946785597449,0.037733368526083284,0.034207598428328406,0.00035149253158095754
581,0.001162,-0.07150166108872084,0.015501084559453987,-0.06658422775869158,0.04409811692823693
582,0.001164,0.005084216135797817,0.029990220596159668,-0.027063334145431533,-0.046575224199001626
583,0.001166,0.007822631524235015,-0.0010081031986842594,-0.01474622478471497,0.002539838421982913
584,0.001168,0.08302307676096779,0.02503576642107173,0.031484958175899566,0.025318106746600667
585,0.00117,0.044383864315565784,-0.005702150187022347,-0.06164283923025881,-0.0056575839901802935
586,0.001172,0.024352071299895053,-0.029094011853452208,-0.00529097851467991,-0.020753092290069393
587,0.001174,0.04506087755529391,0.02248371046219691,0.01954621861931877,0.018648039393629138
588,0.001176,-0.0011174775765638084,0.005926688475825105,-0.03555553741596953,-0.06559325936251703
589,0.001178,0.004502433910350722,0.009719707688164332,0.036277937052761326,0.047140074482471025
590,0.00118,0.047099954549968404,-0.029940707798816333,-0.010567951048493078,0.014410028876441387
591,0.001182,0.07595714033226532,0.044402976111417476,0.033581914859951406,-0.011633638666478718
592,0.001184,-0.026495988934653734,0.023667236501497182,-0.0330198379270308,-0.007153090529409079
593,0.001186,-0.0034433384700576788,0.04778736267368423,-0.010640919088790326,-0.07317748915717846
594,0.001188,0.015133339429874049,-0.020970655593117792,0.0012789307331324043,-0.002601141025263709
595,0.00119,-0.008211119874533048,0.023710217453541117,-0.04598594635058122,-0.015510426748630806
596,0.001192,0.020521137393521436,-0.018422543260331044,-0.048264201278099154,0.020056660297702075
597,0.001194,0.03369283891324617,-0.00134985622929019,-0.05882536795408597,0.021179092400964484
598,0.001196,-0.049796636442590636,0.00926397830544497,-0.026623914742264793,-0.034795178573008956
599,0.001198,-0.013257300512390706,-0.005498926692817795,-0.019326247511593446,0.017661098346454518
600,0.0012,-0.013382081353765013,0.029405726150154656,0.008435194969304383,-0.02092671619788924
601,0.001202,-0.025978196514968577,-0.04942488897142316,0.008721995336004672,-0.010637626417540742
602,0.001204,-0.07116586584190543,-0.016071446183082004,-0.02703102087764856,0.04727032776511981
603,0.001206,-0.05108335835679929,-0.043240523992021614,0.03329908929317099,0.04070289472391889
604,0.001208,-0.022349488161769245,-0.018962574684267326,0.018487061896599384,-0.06981299390835931
605,0.00121,-0.05583581053516668,-0.008422002025521355,0.04649671698387378,-0.013071902645002187
606,0.001212,0.0030281037520546385,0.03401367817692036,0.06320654199834438,-0.017305454194449375
607,0.001214,-0.0005051017120027817,0.05466165664028527,-0.04566597825574285,0.03082743211661465
608,0.001216,-0.03054946597083775,0.0030741710130947016,-0.007278571422008228,-0.028740348021036876
609,0.001218,-0.029493057829748252,0.008292430927612634,0.02986617984488046,-0.003892086095655096
610,0.00122,0.0021033947619964913,0.017135221988731415,-0.029148563190388794,0.02219077525238769
611,0.001222,0.02458029291179241,0.07810878896251229,-0.011283125716787468,-0.013742454050043828
612,0.001224,0.023068976147212365,0.02457312506736415,-0.01605261460130136,-0.012094880307901465
613,0.001226,0.016233925146541213,-0.02482752722203984,-0.012316019640450447,0.0026877830210530395
614,0.001228,0.029878160544667742,-0.018137958485386223,-0.05527153386092016,-0.05749792402554633
615,0.00123,-0.037782392001184,-0.03939503154599812,-0.00463832275859727,-0.03566640460792815
616,0.001232,-0.02108264879463612,-0.023222576549461492,-0.013215235825439802,0.03967512994569367
617,0.001234,0.0198584276829155,0.0004838824582801162,-0.013830788417425143,-0.012996979698690635
618,0.001236,0.009832394098558486,0.017525072200568703,-0.02722852518301801,0.0010944226684269445
619,0.001238,-0.060948587059890806,0.00635141352511791,0.02286447725876058,-0.008402058806426263
620,0.00124,0.05449580988420316,-0.026437153423081512,0.006523212459097838,-0.0010747423999786642
621,0.001242,-0.00300893002330225,-0.003429665040142429,0.0032131509002841503,0.025438762303910994
622,0.001244,0.04133208708824233,-6.750733512472172e-05,0.024459482165148993,-0.021053008388003475
623,0.001246,0.02297866358178699,-0.02285974571480971,0.03271979808264396,0.06631922632179718
624,0.001248,-0.0036625166391417536,-0.06577630472422226,-0.01644218799734469,0.036956254028679095
625,0.00125,0.016592303610757347,0.007467407960250886,0.03026005067864517,0.01453360317745266
626,0.001252,0.03653175562353409,0.027582710299409566,0.04565101358210876,0.01076388251718763
627,0.001254,0.02715778204481864,-0.009213812192573561,-0.018043824346770175,0.051203029212569195
628,0.001256,0.00648614028968064,0.02414641697587137,0.0037122004323417047,-0.01759546952759893
629,0.001258,0.0003294867774720397,0.04307982053303142,0.01665720222838272,-0.05134419479191377
630,0.00126,-0.006457333697284641,0.05346881378114136,-0.006413905855498682,-0.05401436075202542
631,0.001262,0.05679146656267631,0.02047177529438378,-0.0021003857643840116,-0.011142532082462058
632,0.001264,0.03247055789375206,-0.016259502006785775,0.034447692735479644,0.01626585857172768
633,0.001266,0.007340457764620498,0.0043654441600678605,-0.005249041101425343,0.03136920360627797
634,0.001268,-0.025960284963055025,-0.04865775380490628,0.018433203686774237,0.01893714984201443
635,0.00127,0.014407234575353,0.012231851088541164,-0.009616211350126434,0.023624481131565758
636,0.001272,-0.0013667438026362263,-0.014613406824455341,-0.009356739367661997,0.060619190963274956
637,0.001274,-0.05204928246136298,0.014993643128873965,-0.05037331282871151,-0.0032470001496891967
638,0.001276,-0.01300882455462563,-0.06255084890039633,0.01167112771301289,-0.011401141865765876
639,0.001278,-0.06297619027683732,0.02518704272322756,0.04305018533966805,0.04470373026889716
640,0.00128,0.010768693219544134,0.0013817441573134646,0.039844698626873905,0.050471507560202945
641,0.001282,0.03400706108626875,-0.02824612806689403,0.006040345596447657,0.013185484328742858
642,0.001284,-0.05428850906751687,0.014080819788623224,0.06818975477938168,0.01919808497402374
643,0.001286,0.044202392443252685,0.005487441903861152,-0.0021965497195146444,0.011438141702429265
644,0.001288,-0.024474799439532978,-0.028913255617031657,0.037989136715080966,0.04117027028599555
645,0.00129,-0.029733189467620512,0.029039964136615932,-0.002608799268180627,0.010194257234712916
646,0.001292,0.013806559183051901,0.02983051404372955,0.002481546055895666,0.042304859859058075
647,0.001294,0.009282385192797742,0.018725528174085977,-0.024997877746117392,0.06475977032114502
648,0.001296,0.01409474769614899,0.021389922760352977,-0.04824557433634624,-0.024681060692373028
649,0.001298,0.03713651063756191,0.008606733548778141,-0.05741339204486778,0.031148697869514567
650,0.0013,-0.0163134841305817,0.04233950957630136,-0.00263507035811099,0.006141200580615898
651,0.001302,0.03536863735774945,-0.026924789125639868,-0.029785404235018187,-0.005894952611943219
652,0.001304,0.024815183988636663,-0.039926317578404716,-0.0500410379966729,0.02471162781131377
653,0.001306,-0.01808934937701011,-0.011766780387608491,-0.055704312058204974,-0.020369379430559463
654,0.001308,-0.00022701889893451908,0.027911335728686763,-0.023136904987039162,0.0497212836069749
655,0.00131,-0.02053668072539402,-0.02049275404755524,0.04612072655693406,0.006343804570917514
656,0.001312,-0.016560741870347298,-0.004653993935417803,0.04059220732626178,0.04398608458877045
657,0.001314,-0.02450379537810768,-0.0012730143023732465,0.002704704830027192,-0.029587203315497926
658,0.001316,-0.0016705515794998291,0.00015968581355101463,0.034206284368102066,0.03622275084933602
659,0.001318,-0.009876281950770241,-0.00641859431582435,0.019928769061669068,-0.017555653467810343
660,0.00132,0.01765920455212208,-0.002637194621076442,-0.02908195733215862,-0.028705101386389396
661,0.001322,0.043411760880933056,-0.0046926443742989574,0.04921062281694933,-0.015409087821447303
662,0.001324,0.008736156033944802,0.07178030169054725,-0.031721602339898375,-0.05693443499699329
663,0.001326,0.038597703938616994,-0.024804273161792206,-0.0006211909231870133,-0.017577546313547545
664,0.001328,0.008044883428659482,-0.028516086215572264,-0.005398202636499183,0.013494459796696025
665,0.00133,-0.03024926658822786,-0.021002520889376666,-0.010421485007955953,-0.04286446302678835
666,0.001332,-0.012676829483962392,0.003563896197087055,-0.011986468247652853,-0.008141294787951737
667,0.001334,-0.0005970501271975607,-0.019672303872969418,0.020731876976006314,0.04307934374405327
668,0.001336,-0.013931411765863454,0.014555946944331212,-0.007188514663039407,0.010964620351155141
669,0.001338,0.04697338593609763,0.015259786290542964,-0.05320243616429042,0.013619868943408768
670,0.00134,0.03698591229927028,-0.006647885099943081,0.02986904418353497,-0.020703466234558376
671,0.001342,-0.04456617478566821,0.0042350705649792045,-0.052694301622389424,-0.007193130386807752
672,0.001344,0.038605267879365086,-0.057292887172388424,-0.038384903877416936,-0.030960967354847324
673,0.001346,-0.001899595791328799,-0.010971503569386276,0.04197409145088262,0.028630449872750922
674,0.001348,0.014858188382057939,0.004368909430316544,0.01179689330954482,-0.025859470659401248
675,0.00135,0.025716310606698368,-0.03336132763077603,0.025061309817066925,0.03558427506356493
676,0.001352,0.006325938062642616,-0.005286391768859275,0.012009297249290198,-0.08584555110302018
677,0.001354,0.009067746554563837,-0.003400619935194211,-0.0015188433917097306,0.021195975386934823
678,0.001356,-0.0022430676469418344,-0.03420620569953474,-0.0042420801247613415,0.002026664522424734
679,0.001358,0.003448017347430382,0.0048575810185520416,0.0311810713475566,-0.032581036591024425
680,0.00136,0.005271013684945498,0.038697890958547226,-0.052038344908115854,0.005389400423401606
681,0.001362,-0.017561355059191302,-0.011121311534193148,-0.02714422509643266,-0.005086521471013322
682,0.001364,0.05523766843280713,-0.03793291083531641,-0.03508830007436482,-0.03905803710490514
683,0.001366,0.05182254859884303,-0.013870191165638607,-0.0007691718104302264,-0.01208348823318719
684,0.001368,-0.028332686352092743,-0.007054519398433062,0.07374730817209679,0.041762127629227645
685,0.00137,-0.025588134533768167,0.019427223091850573,-0.024945683179991292,-0.053291029165386625
686,0.001372,0.030585327529938883,0.03480278539930652,0.03138156753143698,-0.014095957476587182
687,0.001374,-0.005003272020059586,0.022492966609743696,0.011744881120443215,-0.011809124138911328
688,0.001376,-0.048572154603544936,0.003416255824260368,0.0323702891770834,-0.035927648671024714
689,0.001378,0.01916278145027931,0.009946250854010779,0.02250444789697001,0.026159264991570216
690,0.00138,-0.020833957257760587,-0.04850878200494838,-0.01600558577048638,0.02667381952581022
691,0.001382,-0.01626011710577913,-0.020821299715729255,-0.05464051025773915,0.05257942663652817
692,0.001384,0.024771409242759296,0.023096879438242932,0.02903176160338421,0.01730125084630205
693,0.001386,-0.007329865655385872,-0.004912923123666049,-0.012826930937763744,0.07904222263245
694,0.001388,0.016677360938983275,-0.013914013240543036,0.013964903224988395,-0.030326067535689522
695,0.00139,0.04513520155767681,-0.019832072874214204,0.015032562978673971,0.03197932889229403
696,0.001392,0.011543056326149784,0.002834099754589146,0.0003240625456804547,-0.001693232906613214
697,0.001394,-0.017300954667825066,-0.013484502893091126,0.04438771120952805,-0.0032560989805547
698,0.001396,-0.023573888081483193,-0.015488927905845256,0.033011120420916695,0.02026819899493435
699,0.001398,0.016809875346967706,-0.007725635967293744,0.017200874105188352,-0.01930683374851944
700,0.0014,-0.007788420940373236,0.029094134621752362,0.02622833036757193,-0.029457295378524095
701,0.001402,-0.025665793587257273,0.00326106458440229,0.0517839712400853,-0.05746695493406982
702,0.001404,0.008349988187115128,-0.04128129994719444,-0.019029929805766368,-0.010932852541927243
703,0.001406,-0.012615250303106727,-0.016013878189776252,0.00021621181129110454,-0.01605766699891735
704,0.001408,-0.04387372154562458,0.023396088375683292,0.022586165014466413,0.025295229300680067
705,0.00141,-0.04622203488792245,0.008967544577524524,0.0202793656742077,-0.030936062053187552
706,0.001412,0.0002751974454638743,-0.0034879993593109723,0.05526451975704791,0.05773488111037719
707,0.001414,-0.04993069179990602,0.07481781017183968,-0.027456771634599714,0.02942019882982277
708,0.001416,0.029114939425911923,-0.0298707068052542,0.01479803381517297,-0.003226012327981919
709,0.001418,0.01662990013897172,0.0069201690714187705,0.03589018456110741,0.0022619862943818675
710,0.00142,-0.005036222082789337,0.03288192699171541,0.0174118789457581,0.021954401829626637
711,0.001422,-0.019937600167757905,-0.03135788344195422,-0.017031664297581045,-0.01862464157041766
712,0.001424,0.02358597805958743,0.029279521508821554,-0.004653908685972011,0.042927570564730566
713,0.001426,0.04105408181295389,0.007301967492016176,-0.0246567531462912,0.047261299483066205
714,0.001428,-0.001830520530852247,0.003784955892929238,-0.010188150768197058,-0.026693709788915925
715,0.00143,-0.044059182909458754,0.01898604970671864,-0.02350203161689861,0.0917859368699047
716,0.001432,-0.03258220747837437,-0.0377214742494411,0.015304161468403235,0.045879404369018856
717,0.001434,0.0019376897082966494,0.01716727260561823,-0.055306422523761285,-0.020325346370753002
718,0.001436,-0.03220847187412701,-0.05685137549843643,0.0035094070207166085,-0.067284828648313
719,0.001438,-0.03966587898262346,-0.01611581382040254,-0.02493857507853229,0.01189225506621203
720,0.00144,0.0091674057570744,0.026813962378063706,0.022571511981380344,0.03422438368084142
721,0.001442,-5.75520002716247e-05,0.009104007024500092,0.015345411057575739,0.004249700921730771
722,0.001444,-0.011915829297512216,-0.009973276030193106,-0.024526751949898964,0.012648504897294889
723,0.001446,-0.002820455222554666,-0.019895212519102947,-0.01986734457973778,-0.036311961833483654
724,0.001448,0.02936524023711599,0.0023585300859536268,-0.025884000587198103,0.024256432488060548
725,0.00145,-0.01681346429383119,-0.042195018810366976,0.030636668676573987,-0.016112909686983392
726,0.001452,-0.012266972706263684,0.0012354006104753244,0.03427767668370345,0.0006011187259893509
727,0.001454,-0.035973513784356904,0.016316310123365405,-0.01454969172785172,0.05663771914588398
728,0.001456,-3.3591659936705114e-05,-0.06705106493695999,0.010720949164670219,0.058337933767806854
729,0.001458,0.047277608656361686,0.05492862866269696,-0.030592805561443906,0.027364571879303363
730,0.00146,-0.02165983619210135,0.006728681982507734,-0.038188572862191975,-0.019333672946481487
731,0.001462,-0.020287400920908458,0.026956658404278484,0.02402157365008966,0.008304591879924623
732,0.001464,-0.040512642541661564,-0.0093491830184916,-0.02238349448828178,0.02609027270083473
733,0.001466,0.03534554558451553,0.03169156758092649,-0.022656582582510614,-0.08218599366868437
734,0.001468,-0.05300885694390163,0.04264880934246625,-0.012037648179594717,-0.022521738547953373
735,0.00147,0.049279808803087015,0.03795479836464981,0.0007334616575935995,-0.008802092731919215
736,0.001472,-0.003963036384393757,0.006814883951623982,0.04800141843958824,0.0126740227271168
737,0.001474,0.02178087099117424,0.035078103272105136,-0.035090280030732564,0.022645856774221287
738,0.001476,-0.00883706263984834,-0.07548285587318297,-0.06384508625957436,-0.030543528345560567
739,0.001478,0.015936696857777443,0.003413986960208893,0.00553100121526992,0.05852830448060076
740,0.00148,-0.03807268844579437,-0.0008230006255117078,0.009133065684414467,-0.022088193496150064
741,0.001482,0.0008498023524882289,-0.04799848002253035,0.04229718651825083,-0.020448436575913012
742,0.001484,0.06094200494335508,-0.0009742297175236515,0.030841606961975493,-0.0015990860697346313
743,0.001486,-0.0009223149678158945,-0.017520879996660233,0.0035737178809883284,0.009539960832421422
744,0.001488,-0.023527755267455396,-0.0037513324757965263,-0.01830296598171341,0.06898992208844516
745,0.00149,-0.002691923097348556,0.04635696455089677,-0.0058686699242306494,0.007778629246047239
746,0.001492,-0.03964092214935808,-0.013412177756035938,0.006316040123677403,0.047580114928796
747,0.001494,0.006659483330288135,0.04151161083578997,0.019221873306087607,0.048822040183940575
748,0.001496,-0.0017712665191516627,0.07170668131955413,-0.01456188608742369,-0.022993855025930068
749,0.001498,-0.03630158549067102,0.06993074014674211,0.024583427178536926,-0.010023622001409254
750,0.0015,0.03747068090620485,0.020630765553533457,0.05898382414126771,-0.046434984982197336
751,0.001502,-0.007960803249427635,-0.013875641518284763,-0.05921048029225804,0.031809816143390825
752,0.001504,-0.008111896674100753,0.022188936149596866,0.07079315802988835,-0.010597310754828249
753,0.001506,-0.012634589479714655,0.00355992509171988,0.029617420589502286,-0.017001390759304496
754,0.001508,-0.018928847913963917,0.03171567810724098,0.011359179715141067,-0.061341847890144616
755,0.00151,-0.03676175398407324,0.04503707591481631,0.012057848492364374,-0.02286587793111747
756,0.001512,-0.005112289717049464,0.0003971001840501061,0.022072000808404914,-0.040747901845763684
757,0.001514,-0.025228474160113742,0.008188672645901665,-0.0029950374148635097,0.017155775479101295
758,0.001516,-0.036885221920787935,0.010713860288139632,0.032747508581324164,0.014604556414478501
759,0.001518,0.004173352192847757,-0.0028765080769791265,-0.025045534583145054,-0.002159957773193654
760,0.00152,0.03779117558641218,-0.003570855198003757,-0.0266941196804523,-0.014767412662961589
761,0.001522,0.006025508918277904,-0.011205419915425407,0.01455909849189422,0.01568531282247091
762,0.001524,0.026669495412139445,0.042706784167950984,0.029875761731170822,-0.028027171924438796
763,0.001526,-0.027106033397288166,-0.0022731442937947324,-0.013535260717182434,-0.03414980180882828
764,0.001528,-0.013250753825189827,-0.01423538800857117,-0.020155432192836175,-0.009473684584650168
765,0.00153,0.035353525509549934,0.005977141237477177,0.07415427228166407,0.00511524558058948
766,0.001532,-0.008701973218117552,0.00012398647964598276,0.007694759353306199,0.013057618715131909
767,0.001534,0.06230133977577071,-0.025359613949327058,0.025771381745332066,0.006232517928423715
768,0.001536,-0.047132932277118525,0.023120963462842897,0.038028706824117145,-0.025715292113322893
769,0.001538,-0.0002680160367591208,-0.051760627860231105,-0.037764193790530094,0.031440887328517575
770,0.00154,-0.013992495180223035,-0.03326408924814118,0.00688381093375289,-0.015672372942930696
771,0.001542,-0.014124649733266083,0.022179780770247095,-0.0348520007680304,-0.027160956380454966
772,0.001544,0.004622399764466059,0.029082293722446157,0.03714480904469549,-0.01995185161084869
773,0.001546,0.028121309007589437,-0.023524268804112264,0.05478628040720399,-0.03401313076259185
774,0.001548,0.039854364323751924,-0.019694583204561716,0.060397393643838004,0.01773962186557453
775,0.00155,-0.030480495882246657,-0.015667154386275202,0.02343543615671225,0.03157933252846684
776,0.001552,-0.002121467751733878,0.0013397484289039922,0.022750590979321965,0.003953952810324598
777,0.001554,-0.03880514578015127,-0.02438922073920542,0.007053598294549952,0.03646447249493081
778,0.001556,0.04847947272486143,0.023385882623143506,0.008618722831090912,0.02246441657947431
779,0.001558,-0.020002525506205668,-0.0045969288077464246,-0.024723921640184297,-0.03746227832123134
780,0.00156,0.010006470349086147,0.0055653991975423076,0.020629574535270385,0.016383354926773414
781,0.001562,0.00727932813971586,0.01669849997032663,-0.001280492886824299,0.012386741856672018
782,0.001564,-0.021784332080590788,0.011091177769173902,0.02005253055858028,-0.020090442842166094
783,0.001566,0.0015549629697854017,-0.01870807528888079,-0.015795200895483447,-0.03374788065306464
784,0.001568,0.037973247754996664,0.03197055524160143,0.016123015626820114,0.059165878558314414
785,0.00157,-0.005677370897051751,0.09095287245331903,-0.006825882460896611,0.0076558005526804924
786,0.001572,-0.011933337418206244,0.01116976680180915,0.025068447836587335,-0.0034174917915925176
787,0.001574,0.053301595413528614,0.007174478539003821,0.008114561583305974,-0.027269930835411522
788,0.001576,0.012554972236511534,-0.004020816624280968,-0.018247191880118606,-0.023294232244450916
789,0.001578,0.08015290139270055,-0.007904317505371062,-0.04370956262343803,-0.020946643791977176
790,0.00158,-0.0015470351842864077,0.01640001097849455,0.016643895651759402,0.020298436553295763
791,0.001582,-0.01934580919911989,0.010213213305046364,-0.026281783923317353,-0.01858928949042035
792,0.001584,-0.02753126923500778,-0.03565166563794808,0.03192628466574026,0.02065835102936663
793,0.001586,0.029299961099343897,0.0011793919807288893,0.023304230965954395,-0.052838682139276345
794,0.001588,0.025892625541360653,0.005313594900150906,0.018813288004474966,0.011400698971458394
795,0.00159,-0.0296116546361066,-0.0449411932617314,-0.021361624985488898,0.016947518438187367
796,0.001592,0.020702742455261863,-0.041038268321455885,-0.029432981024046435,-0.02169707057822518
797,0.001594,-0.01071915180800447,-0.04086152492557957,-0.042661552984203974,-0.024655058892226616
798,0.001596,0.00258761508675017,-0.035417830192604714,-0.003474105299152983,0.03175658448425446
799,0.001598,-0.0390533921224053,-0.006193372752316184,0.030742702012523177,-0.012548051710914278
800,0.0016,-0.017210090725752566,0.03490487442919421,-0.009186062369146434,0.03313485075616703
801,0.001602,0.012868961733815963,-0.010285339587295102,0.01439071591792591,0.009613485415381134
802,0.001604,0.03062648463007422,-0.016450366135950554,0.0012361820034485905,-0.001845470388139122
803,0.001606,0.021124444249193543,-0.03075537583332527,0.030509311447135676,0.013989863165112497
804,0.001608,-0.03950775220898839,0.03624788476441501,0.06702279242393194,0.030055019086482233
805,0.00161,0.04280954301679408,0.002561141448077643,-0.0498451475921553,-0.05532361353502575
806,0.001612,0.007652461316032753,-0.0177593642318994,-0.027437288349820538,-0.0018824005190602603
807,0.001614,0.018467558635838644,-0.04358272640286441,-0.013466328608411543,0.045296120493609454
808,0.001616,-0.03225865140664124,0.026092835614948687,-0.014541922846469817,0.01637381279549858
809,0.001618,0.03291982521608602,0.022238453009550647,0.027274788066416294,-0.03454780600223868
810,0.00162,0.03340979120223896,-0.025580793439044597,0.007786252967146152,0.007747385609916807
811,0.001622,0.014553676766087428,0.010108700281805716,-0.025314299355741695,-0.04049602236887148
812,0.001624,0.026170460398853058,0.005575037325567466,0.034481305228734535,-0.0013419880256360394
813,0.001626,-0.04215493082030881,0.028983890430123182,-0.011111118289833211,0.010260103722630635
814,0.001628,-0.019423782854385577,0.049329051307010714,-0.026296944725495906,-0.01012289262318524
815,0.00163,0.003223461080919491,-0.03276546981260874,0.009915585857627853,0.0483573143240247
816,0.001632,-0.014713864820811313,0.011854284570951765,-0.08248306158115666,-0.0011678760145452196
817,0.001634,-0.00939126857778616,-0.024554928072311546,0.032443514088855964,-0.009787310448714845
818,0.001636,-0.005324324612807623,-0.011315786243672134,-0.057504476152952295,-0.03395959320230883
819,0.001638,0.028832804583606486,-0.06329851940639915,-0.022989460488471166,-0.011991601688692914
820,0.00164,0.05230865601874696,0.02305811296489107,-0.016715115811592986,0.039135410913466534
821,0.001642,-0.02221547461503359,0.030272994112020165,-0.040766317377690466,0.032197734953674714
822,0.001644,-0.012184009364129568,-0.03085512722823809,-0.006514308392289421,0.008320325391606445
823,0.001646,-0.014842452915771364,0.016618605179859712,-0.017489816509922023,0.018611171817940735
824,0.001648,0.013266661861097985,-0.0018276916412380507,-0.013241469370978495,0.004546223872957985
825,0.00165,0.016507612291010977,0.06185397458194825,0.02818261265394543,0.02927969849447524
826,0.001652,0.09265536584580851,0.015478754303035323,0.014539305339351069,0.021120452229649624
827,0.001654,-0.03026897932764759,-0.013317049092562686,-0.015185078000770019,0.01942841931658685
828,0.001656,-0.00522523686663596,0.004146702764229084,0.032623638604453935,0.025894522161124162
829,0.001658,-0.004851630091237411,-0.020099852906346673,0.034058241949595655,0.02321673542729597
830,0.00166,-0.04818770454886147,-0.009394618167248424,0.004965463860502872,0.02336489151363094
831,0.001662,0.027303044848193136,0.008517180035264204,0.01755742594076568,0.0019241040713446087
832,0.001664,-0.02021555064541682,-0.007837931731237618,0.0005697355992032481,-0.0010403775005576963
833,0.001666,-0.056567187133304116,-0.011924500047882937,0.0016861695926745559,-0.00844109975717103
834,0.001668,-0.007404713865347572,0.014639741124137622,-0.032368715611459015,-0.04884126641853633
835,0.00167,-0.010445093725100245,0.02292343216505369,0.050626591184599154,0.023463847172842202
836,0.001672,-0.04404791279606542,-0.006971017181303135,0.007699031432445882,0.005327733507707766
837,0.001674,0.016179136588286222,-0.027511468393822822,0.0019482926265222784,0.01260968489328387
838,0.001676,0.02477012859910978,-0.02417154499838376,-0.01035470601728694,-0.08111453040220021
839,0.001678,-0.018643859027333225,-0.015732446789131292,-0.030587535245023292,0.004968364506979551
840,0.00168,-0.0016783629613580469,-0.06777641632732834,0.006465239079052694,-0.02784972392367082
841,0.001682,0.014570668775715454,-0.03845553743185996,0.0009001961559282036,-0.008494899866595178
842,0.001684,0.00909305654850991,0.003740918329540405,-0.007654925250643633,-0.04608816942132734
843,0.001686,-0.04431623890383095,-0.017516608172766568,-0.0002483965178876091,-0.01824743841597351
844,0.001688,0.018756357917383965,-0.00837662757635051,-0.02895038174338531,-0.008342888789637279
845,0.00169,0.006775795089496571,0.009746541564737532,0.05635137395979388,-0.02006728020010258
846,0.001692,-0.002204359847712011,0.012783718404582792,-0.0007026887760244597,-0.015018544379659595
847,0.001694,-0.04647771529032731,-0.015325036771590465,-0.03221107238153403,-0.051798200433713346
848,0.001696,-0.02387036525011759,-0.03141275162299363,0.017513596358788443,0.01803275512242881
849,0.001698,-0.027116378687426244,-0.007806858916893634,-0.05574727986337606,-0.014830198505480823
850,0.0017,0.011969457021070369,0.024748136688423083,-0.021391412450739413,0.031555645815825595
851,0.001702,-0.04547075764540415,-0.03742883397431378,0.02128985596913629,0.050133636856897416
852,0.001704,0.014802959645510861,-0.0012102715960203728,-0.06585551239566625,-0.06067341168130438
853,0.001706,0.0038822861068760683,-0.010741880087135235,-0.033175055464563535,0.0019659774249015213
854,0.001708,0.0034539410252342876,0.028332476056208176,0.004098068490381023,0.036851831050031536
855,0.00171,0.00023982088646440087,-0.0034600498442200834,0.031929365587415465,-0.029353226401243035
856,0.001712,0.08443342359798484,0.011257724345002074,0.011424877585130193,0.015752879219177927
857,0.001714,0.05631409425994927,0.023775222350178198,-0.0481516793701177,0.042104111543025124
858,0.001716,-0.010226897383350518,0.0032146521851797037,-0.038377619165257996,0.015786060543716868
859,0.001718,-0.019541228702026566,0.0030050891398042123,-0.00852297016082349,0.057750384052075554
860,0.00172,0.05946780900436768,0.0013953951064422415,0.0019193313410656423,-0.011203288990485451
861,0.001722,0.033180188745083584,-0.009867596110001315,-0.012640118239370978,0.029357785909948933
862,0.001724,-0.016148972859499483,-0.0011326510334559174,-0.047439323445329785,0.021125710353695006
863,0.001726,0.05822600817545606,0.02163676118399376,0.04385397502641915,-0.025383064085319925
864,0.001728,0.00708972846084602,-0.028294797731081685,-0.006832966367440285,0.023166344320575145
865,0.00173,0.0030546183930989586,-0.042379230678036645,-0.0394508731661326,-0.04143491794472321
866,0.001732,0.014743577698187708,0.06191683606970005,0.040873747320006384,-0.05687955597438193
867,0.001734,0.04263227814209351,0.028092012510439412,-0.04635899836586273,-0.009096048501314924
868,0.001736,0.03286567234487429,0.01651300532804356,-0.039272851571639567,0.018322264673885823
869,0.001738,-0.06412501788241763,-0.00668466527271634,0.03413870308200146,0.000551826467139595
870,0.00174,-0.014968126498858376,0.026680387613170476,0.029242554452597443,0.03930119078600851
871,0.001742,0.02623027285339162,0.0324412438181144,0.021987256723126035,0.007965859473494158
872,0.001744,0.0026852699929144227,-0.00711779157292206,-0.03637104879179177,-0.028659345264594262
873,0.001746,-0.00846043445805629,0.007243564788072879,0.043224377940127894,-0.0012539168362653758
874,0.001748,0.03010428872632992,0.03237946969296362,-0.00694340393066373,0.017840706341105513
875,0.00175,-0.007305841251745845,0.0396640768223543,0.019075300147977967,-0.03571451264065066
876,0.001752,0.004845739564615402,0.049443364854716385,-0.005436931036401035,0.013431450902852044
877,0.001754,0.01637636513217436,-0.031098686974938013,0.015321238476405418,-0.04181505456103877
878,0.001756,-0.018768723192041883,0.03227168902482576,0.01070268870925074,-0.00913433423239581
879,0.001758,0.013393830637355622,-0.0018027674326539433,0.00037735507055499745,0.01970455580160413
880,0.00176,-0.021821032219773957,0.0012100921666407208,-0.009368045838199586,-0.047568101238007664
881,0.001762,-0.027613672687478993,0.04704619341191496,0.011541699437557021,-0.03970764904204167
882,0.001764,-0.046210631275452316,-0.003364917003317518,0.046835595995294466,-0.005602744044130579
883,0.001766,0.03920998660212048,0.010557923124559722,0.014137513735376809,-0.04007161527913708
884,0.001768,0.028125687652492726,-0.010047961118208215,0.025892773608327247,-0.02442509945958339
885,0.00177,0.005311480425297375,0.010560088618128944,-0.004620999497275995,0.0121363557925847
886,0.001772,-0.007991912255775262,-0.01947179259123838,0.048164501483818935,0.03146858599084327
887,0.001774,-0.022825942351445302,0.017053329167838385,-0.02228036564103459,-0.03554053930986972
888,0.001776,0.031014283241969285,-0.051122988769422166,0.027805677407296236,-0.0075816693771917545
889,0.001778,-0.006346398092415859,0.01229253658869869,0.017435964359827572,-0.024790295304867246
890,0.00178,0.021531768262501902,0.003401116140756702,-0.03768164378604114,-0.005096234507392176
891,0.001782,0.04143837046676777,0.05029784394737089,0.02152045372826032,-0.0357103046450511
892,0.001784,0.014718207073676647,0.025525827115775782,0.02177123949956166,0.023548628660637543
893,0.001786,0.010897892377425925,-0.002172370164916311,-0.01825102487712055,-0.05693806555504489
894,0.001788,0.010189253001400524,0.005581585309565656,0.016727275284744485,-0.04012631079878682
895,0.00179,0.019350500679451807,0.06163635283862331,0.00235350392333734,-0.0018499595761962248
896,0.001792,0.00927007068257103,0.06097011074131013,-0.030709432850996726,0.006096208001817148
897,0.001794,-0.023989722668929323,-0.016410141625349848,-0.0014877092364581801,0.040419697248406765
898,0.001796,0.0540297180206621,0.01344426433880119,-0.011297841690704559,0.07478216599915555
899,0.001798,-0.012826634439885605,-0.01713407743079212,-0.0532482913373618,0.041882747077342304
900,0.0018,0.02904736777113882,0.07253416608349338,-0.041685700566543776,0.04374512422437329
901,0.001802,0.0021040655509838215,0.02418300650400409,-0.04943331423313413,0.04404245467995892
902,0.001804,0.02359550253995491,-0.0011673010435865256,0.01935338062983364,-0.022964859031267475
903,0.001806,-0.01738320256745098,-0.013903338408761887,-0.05558183585070834,0.025852754826101013
904,0.001808,0.035747808425476986,-0.02104032449291525,0.010446090478344564,-0.00796621423887709
905,0.00181,0.009848218862430914,-0.018827317236330875,-0.026502754682629075,0.03156224658071227
906,0.001812,-0.0019161175537347776,0.06066326852560427,0.0013892989438241989,-0.027782341210514767
907,0.001814,0.036808226293078165,0.018924004924380594,0.021806185910892707,0.03571802036603756
908,0.001816,-0.019583888815373835,-0.0038175992695586264,-0.005143494944633797,-0.03872239610746855
909,0.001818,-0.007907704504747304,0.04009138373630473,0.00712014311381541,-0.04038183983534963
910,0.00182,-0.046675182349948045,0.04994328176244814,-0.0027095703076538994,-0.01942230617104852
911,0.001822,-0.008219752946910092,-0.044319232629519964,0.04269285448534859,-0.011791588127580887
912,0.001824,0.04102204583215266,0.0015495514334194545,0.04288595923705319,0.007700834971292561
913,0.001826,0.025596979886072277,0.021572791382650103,0.01869873198755912,0.010438034315481317
914,0.001828,-0.006985521483467546,0.057463040747185806,-0.02720810955287702,0.00012922927029479075
915,0.00183,0.0004465762562278635,0.012073222600305644,-0.012884179376835033,0.009442389167687634
916,0.001832,-0.005065277556088984,-0.047458575523136974,0.00028656858770539364,-0.03301695999090455
917,0.001834,-0.052031572873467026,0.004106199620681548,0.014636500260586993,0.015800941263137292
918,0.001836,0.017015121210590824,-0.05797767062821831,-0.040830507837224084,0.05920564310441012
919,0.001838,-0.03141626280231108,0.018325230934100673,-0.02060812864997538,0.0023901821780269337
920,0.00184,-0.01899762606820782,0.016846234638589343,0.004103223519500971,-0.013448693209327008
921,0.001842,-0.03150516359042131,0.008033225924775332,-0.0363815639712777,0.012824431263625154
922,0.001844,0.078794547271107,0.04050510153786036,0.021550436606824885,-0.00256821893223443
923,0.001846,-0.05816257881010576,-0.03966859187700553,0.0384837856830814,-0.023692682403743393
924,0.001848,-0.0209775629449214,-0.004969514270520643,-0.03186138776539664,-0.03680306203654909
925,0.00185,-0.0015142221834426547,-0.026745883640161085,-0.022230557393366844,-0.023435730784410178
926,0.001852,0.015670806415034058,-0.006963770714860718,-0.005357159036815611,0.017908376919266496
927,0.001854,-0.004261188246988204,-0.008347613053715185,0.014113510667105124,0.02004593530672893
928,0.001856,-0.004412204985258125,0.002418233268615648,-0.02345370689199984,-0.025820491294935764
929,0.001858,0.02307442505900423,0.013348261876338651,0.013658953152497282,0.008425630461765667
930,0.00186,0.0013860982744486072,0.020892356724683075,0.028053262830683514,0.027336840155719428
931,0.001862,-0.0030233374783796047,0.04160978189726514,0.006853820451969635,0.018971285776973955
932,0.001864,0.008462636725046392,0.007410201224525223,-0.02207255970750959,0.02104052515034478
933,0.001866,0.08535883184722917,-0.011243852243702498,0.0021298414627484445,-0.01338615793041787
934,0.001868,-0.014640597046858035,0.04633348434356018,-0.020189130531823942,-0.014222414200990838
935,0.00187,-0.04762478471193904,-0.02272835173626742,-0.05125199678860043,0.018954140976357864
936,0.001872,0.08399091665511928,-0.011000363809515664,-0.05000273798970712,0.026999989932891995
937,0.001874,-0.021807748767904703,0.03898040791660621,-0.008460871433698341,-0.01895447067248342
938,0.001876,-0.005338726672370594,0.022733302828085614,-0.006822618922669693,-0.014901741083811162
939,0.001878,-0.0059649480893661545,-0.03815565553502655,0.011910948068819404,-0.0536017978153473
940,0.00188,-0.01332364363096546,0.022781556264922297,0.009091448487981503,0.017709617189591707
941,0.001882,-0.0019513701815642732,0.0350923854295655,0.027740975903093757,0.013384230127430237
942,0.001884,0.02782637331940629,0.0225127066321073,-0.013183905400406707,-0.04031696735074001
943,0.001886,0.012610863775278714,0.01638267692494286,0.032714159734156964,-0.028089638251358805
944,0.001888,-0.0271929317783149,0.01379700798923311,-0.002135009665592599,-0.05657284831713384
945,0.00189,0.011253244912625722,-0.05557268744966864,-0.028357696556201285,0.04055044118580321
946,0.001892,0.054746370534213454,-0.03646969105415885,-0.009881746122380828,0.0012786756923611794
947,0.001894,0.05343680782744704,-0.014786068434732047,-0.014306520690998342,0.04646176675388585
948,0.001896,-0.011243674581547741,0.021666051268993725,-0.044314288953372825,-0.005136982322769787
949,0.001898,-0.04978790514979214,-0.03166301342867113,0.0251760406545679,-0.0014971617326013788
950,0.0019,-0.00957317221658924,-0.022462488719427527,-0.0066196821972384825,0.009033395013020808
951,0.001902,0.029487486193852854,-0.07875440052290407,-0.02495283522788429,0.004772887265670172
952,0.001904,-0.0029658934788685757,0.01210128727580175,0.008026208583796615,-0.009146035889802217
953,0.001906,-0.01580559587961531,-0.007365044692065027,0.03446227049468228,-0.021960237987171432
954,0.001908,-0.0018842016943186645,0.00550026641995263,0.04681052789623374,-0.009009247747089397
955,0.00191,0.028764199680328825,0.03695938209795067,-0.0019126279497194475,-0.006321569372302875
956,0.001912,-0.009871610161446482,-0.00767469402727747,0.025627195817304983,0.0069302993176654165
957,0.001914,0.007058691275096082,-0.03375670531139505,-0.029024702321257034,0.0643034047433094
958,0.001916,-0.0053347717586606875,-0.023243159867350805,0.042932974967678915,0.008454256460506562
959,0.001918,0.017344647505935645,-0.004141412258446007,-0.009560192717304124,-0.00508759117491871
960,0.00192,-0.0414821451089588,-0.0026378222825969243,0.00888099231127852,0.05551389701531261
961,0.001922,0.0025799719501564647,-0.07002531126630915,-0.0028195629835386423,0.08218512399324918
962,0.001924,0.02599098704955119,-0.02432666831425766,0.017733195432916703,-0.02226040274669221
963,0.001926,-0.040614225586405726,-0.010451080897022165,0.002745793177165836,-0.05616466507300187
964,0.001928,-0.034474778716159074,0.00031006689547064177,-0.012245195279668624,0.011844338134382723
965,0.00193,-0.036440049819256845,0.02142341245659902,-0.03551277291180585,0.049282029058128896
966,0.001932,-0.0514727485313495,-0.03277662811150238,0.012521124090954875,0.049926997544929144
967,0.001934,0.009451291083485122,0.016885737605471733,0.0005261070501917544,-0.0307919536234558
968,0.001936,-0.014704150447181378,-0.0363572915994383,-0.038361299033306144,0.012052467579592392
969,0.001938,-0.03369533946263885,0.00958662020170084,-0.03905468256663293,0.008891490603502639
970,0.00194,-0.014660477068888875,0.042198466009519334,0.009711566867371948,0.03707348678982424
971,0.001942,-0.022669401492755776,0.0016843002073250184,-0.02943261474348835,-0.012408157282332544
972,0.001944,-0.007863126682338873,-0.021775746620614177,-0.03646508576537085,-0.042405519709579585
973,0.001946,-0.07019244347122192,-0.03169039390510373,0.018824816900155333,-0.04795495596039849
974,0.001948,-0.04104368538759915,0.05372695713698745,-0.01909488149544762,0.009631380274945074
975,0.00195,0.01926951439501484,0.019875783893438408,-0.04566942691824179,-0.0069317903969847066
976,0.001952,-0.048546818085551766,0.0733895357673097,-0.047846257920468004,-0.0314352065660946
977,0.001954,-0.03121802564524514,-0.04489981430168641,0.04057781729269636,0.07267343703250487
978,0.001956,-0.01427247357937852,-0.0396126944053323,-0.06710776496178063,-0.007323261555663044
979,0.001958,-0.009490962694843315,-0.019538883790804335,0.006641257619286852,0.011855194284464588
980,0.00196,0.00969249773813702,-0.009483746159054616,-0.03304865488722786,0.019974992934201474
981,0.001962,0.0003754127826459136,0.026650725745039506,0.02370226648416694,-0.042652862071413465
982,0.001964,-0.0430266662237281,-0.02266622156221585,-0.03168796224872004,0.02265755327928302
983,0.001966,0.010539290279637532,0.03297551981355932,0.011894604522327549,0.00625948745620107
984,0.001968,0.03599189341032511,0.014091820192051454,0.002043028903131564,0.04441359101792056
985,0.00197,0.0034554264945837014,-0.00913021814753765,-0.025134697763329487,0.021090763771362337
986,0.001972,0.03711151625527406,-0.001517622043002902,0.03923746871339516,-0.059100450959147274
987,0.001974,-0.0016636012442374439,-0.0012028473631330858,-0.02180983117222041,0.0715158311394562
988,0.001976,-0.001985778980662835,-0.012231923148132998,0.0007788634030051505,-0.06008441215577488
989,0.001978,-0.022796037760347453,0.029497199083362124,-0.01886836064798324,-0.024866254884008145
990,0.00198,0.03928576909543201,0.04020763202855487,0.015509714164834253,-0.013653520021160017
991,0.001982,-0.0071841319534897054,-0.02412449884724877,-0.029843193570859343,-0.03133249464925297
992,0.001984,-0.018541632203556226,-0.03104162972054235,-0.046911153556294466,0.006582080092617172
993,0.001986,0.007037867426803112,0.0510237827528495,-0.020050151050641077,0.008883017688698118
994,0.001988,0.00938137737824405,-0.007615126833765992,0.022330007662490284,0.02325687560552143
995,0.00199,0.0098223328559262,-0.007669191151433866,-0.010725903256636051,-0.04103261696391178
996,0.001992,-0.024177533358530748,-0.018660225717050637,-0.03371915287288302,0.013197719000629927
997,0.001994,0.0358988360696103,-0.0272418729698745,0.008503243072339114,-0.031023334185891305
998,0.001996,-0.009147665128174864,-0.020709887375333275,0.018056869458193243,-0.020363645215265347
999,0.001998,0.0303498124111994,-0.00737162320986597,-0.019488111287844924,-0.037599157870354886
1000,0.002,0.007596135308860493,0.026856552066785406,0.008199637696106226,0.06716494999243272
1001,0.002002,0.04289362357411254,-0.009225832941510468,-0.009540823014212078,0.014090901584560596
1002,0.002004,-0.025140575412770552,0.0349886491959746,0.01084801565530751,0.007693767325755984
1003,0.002006,0.02060861003312449,0.05168489650107177,0.005128660565625155,-0.0033912111261415307
1004,0.002008,0.04526158869967735,0.02902651247973406,-0.009629395211511668,0.00015559345977060257
1005,0.00201,0.005861427478163957,0.010854388338149485,-0.040697995528173415,-0.0462745382340468
1006,0.002012,-0.026621700660073612,-0.028942153290340267,-0.019314720419175077,0.019041319262700127
1007,0.002014,-0.0050678746897421505,0.005891838150305648,-0.03672910230126785,-0.013849266087628355
1008,0.002016,0.01761772985234521,0.01784857374530405,-0.02173721484563724,0.004849871591386608
1009,0.002018,0.06596543560446996,-0.0005279378776691441,-0.02079560838427336,-0.005212871680864807
1010,0.00202,0.002765313225804991,-0.004535051420716482,-0.0009406410202950537,-0.043303403908105186
1011,0.002022,-0.028878914252578537,-0.004480057112144926,-0.004958039100673101,-0.016985678245800016
1012,0.002024,-0.005310407582293108,0.0018304456624261606,0.026682403695735758,-0.0029763520567815263
1013,0.002026,0.011973096158947595,-0.01624800904301763,0.01716287170795446,0.0112719089283707
1014,0.002028,0.025974510095394584,0.021403813873334634,0.01766206868643438,-0.0029525222597334075
1015,0.00203,0.007348176811334045,0.03190526785354579,-0.019562237082083832,-0.018852233360905968
1016,0.002032,0.005442941938510859,0.012458390707963604,-0.024723194977920134,-0.002242876902399251
1017,0.002034,-0.0028199632268635436,-0.06645840346810412,-0.006587819677762791,-0.004719534985453988
1018,0.002036,-0.0048087882846905745,0.042477428237318045,-0.03647394895526626,-0.02473867713613838
1019,0.002038,-0.07836587394958001,-0.01442749998522422,-0.011869306623780027,-0.015299315290027685
1020,0.00204,0.0332303201845128,0.025818525670108894,0.002335701728019124,-0.011118391606195866
1021,0.002042,0.030785690043205916,-0.0005927357950755489,-0.024548101167553734,-0.05148746032453654
1022,0.002044,-0.013239434816870479,0.022639308515178258,0.06829616068629268,0.0018483103856842774
1023,0.002046,-0.022960665453609128,-0.035548956248526414,0.016558646889167965,-0.05293848157152805
1024,0.002048,0.016510353042146646,0.024531348187887367,0.013088383596985921,-0.0065898501581567225
1025,0.00205,0.016948219606404438,0.005128151133848999,-0.023343715255817753,0.05551236967125077
1026,0.002052,-0.010550381388315488,0.02327256901349728,-0.07255842848087143,0.03829412648342787
1027,0.002054,0.04406291233963745,0.0008950136137991466,0.016763131042132753,0.01675545544822688
1028,0.002056,-0.019283507089221726,0.016413669163180208,-0.02425891409617666,-0.018262707709359782
1029,0.002058,0.03380829429636896,0.02923973072100608,-0.021191265063473776,-0.022007290305031218
1030,0.00206,-0.019367898073730162,0.02197918699396472,-0.029999543424311912,0.010701379171078577
1031,0.002062,0.02240540431902884,-0.002647363508793003,0.03030191090594783,-0.009129305084693774
1032,0.002064,-0.006415668029817432,-0.029317386933955695,0.030515320428606156,-0.02299561340936611
1033,0.002066,0.010493154531451776,-0.002139482013778043,-0.03158349189334988,-0.01827309431469962
1034,0.002068,0.04148616717122202,0.006049726279034415,-0.030274510241005255,0.009159848620460754
1035,0.00207,-0.0043834209478363535,0.10362139206732544,0.008553715240268172,-0.011418745411990935
1036,0.002072,0.04260083753361313,-0.05523108501878536,0.0028296046914329234,0.05983285484043218
1037,0.002074,-0.0034859785307926215,-0.051999031339442364,-0.011877538932317931,0.0436355412287711
1038,0.002076,0.011282087889623134,-0.025165683285375533,-0.02055728421537072,-0.0167910081344944
1039,0.002078,0.010835936521619885,0.040145883988159596,0.03157269038397513,0.013680365463273853
1040,0.00208,-0.0399493428017245,-0.03983797541980324,0.0159975606364129,-0.04036413293798683
1041,0.002082,-0.006767010632058128,0.00912451338558531,-0.03412781986088066,-0.030727870030765905
1042,0.002084,-0.00282363193703456,0.015109508625721614,0.031845563112412704,0.018211603043116555
1043,0.002086,0.002209697849765836,-0.02238584260671148,-0.03212720987533557,-0.015326312649874427
1044,0.002088,0.012298067549417015,0.010098711198820286,-0.06299705957175367,-0.023570310848025088
1045,0.00209,0.03613522654818468,0.0023764514341241827,-0.04251026739308958,0.07067463544794454
1046,0.002092,-0.0008682519694429392,0.011530018779402238,0.011985742681354035,-0.011027863984805581
1047,0.002094,-0.021827210454641827,0.0636502495519782,0.030096176088532517,0.024658116033260295
1048,0.002096,0.01728867575154632,-0.030099521710850535,0.03832590575220821,-0.02529397974035248
1049,0.002098,0.008498603944519371,-0.04918169716393706,-0.06122576551942559,0.009548736079593442
1050,0.0021,-0.02427297801584724,-0.059675027138918195,0.016218285088412266,0.06360242313152367
1051,0.002102,0.04168680775740185,-0.007719536557970175,0.0002653592009083716,0.026631187703517398
1052,0.002104,0.033663840595047206,-0.010306071564770961,0.0010253314717372287,0.009018444202936094
1053,0.002106,0.016616289608364955,-0.003992293260338007,-0.003602557352062328,0.041394969892631646
1054,0.002108,0.03628562107328658,0.014322317203082647,0.05157327210068786,-0.01159337286679251
1055,0.00211,0.04868920345888141,0.016275463306066513,0.09813078366643768,-0.03577445780347433
1056,0.002112,-0.020680357566520247,0.01256393484601643,0.011917021589369756,0.05850416952525055
1057,0.002114,-0.020051240498986014,0.02714755556081653,0.03487389014045987,0.021139434966619425
1058,0.002116,-0.0288298902577296,0.04223276415762594,0.03687974793946241,0.017987535593711322
1059,0.002118,0.006130430616268624,0.006783240301331138,-0.0023620737671813316,0.019223554027579255
1060,0.00212,0.0009340455883493266,-0.02545574926057924,-0.03145774934482776,-0.02256108760956876
1061,0.002122,0.006663967276483553,-0.0008086750930562196,0.006460313798662476,0.01502439400638333
1062,0.002124,-0.018819627777506367,0.04396980505036043,-0.008031324811424231,-0.013002809543445269
1063,0.002126,0.014471587119973572,-0.05509530607125218,-0.023716033491687577,0.029432183960754987
1064,0.002128,-0.05212265787186332,0.03352722590799467,0.045334096990774043,-0.01108366013471245
1065,0.00213,0.008754383022789301,0.033572612545530796,-0.01400367564130559,0.026033265615785443
1066,0.002132,-0.020134463853920148,-0.01432806879999538,-0.023980093929749213,0.010279415975844102
1067,0.002134,0.034739071576966485,-0.005523387963514929,-0.038137474797372097,-0.03248120466860447
1068,0.002136,0.01183798264111621,0.05532349240182808,0.011811749979431926,-0.01160689651953758
1069,0.002138,0.022985519005508524,-0.00718495906760239,-0.011348556520926192,-0.028753773170857908
1070,0.00214,0.042253465327390674,-0.0761762375248699,0.02393577600837808,-0.013912348133926106
1071,0.002142,-0.012310221943548381,0.050769454683534374,-0.02142393276600154,-0.020402074620852303
1072,0.002144,-0.003911827167585911,0.012415421574367147,-0.013255673468786082,-0.04721576791607656
1073,0.002146,-0.025970945426452962,0.03844001569393558,0.0022433036740653433,0.01353261851111466
1074,0.002148,-0.007842636215191127,-0.019784930885198088,0.05032708349626233,-0.0056457557115324195
1075,0.00215,-0.013301096385813805,0.032884270990660186,-0.021670810766021557,-0.0178418203132199
1076,0.002152,0.00030740052050694006,8.10312264539105e-06,0.0077883404370964315,0.06275007268186464
1077,0.002154,0.010087447390571113,-0.07134161888252401,0.009788968302946828,0.0011363998346879648
1078,0.002156,0.0013035007305437296,0.007378419281885121,-0.0008603486302439813,-0.00157836279166167
1079,0.002158,0.018391326293123584,-0.016262423915835027,-0.02843059006917527,0.09071344357867173
1080,0.00216,-0.021475723313437,0.003004287373802294,-0.04486980752626102,0.003494052451542657
1081,0.002162,-0.02799676652068005,-0.013274188285500328,0.031351939973133715,0.01416028705134221
1082,0.002164,0.01705228573724457,-0.05313614515175588,0.05510685509487038,-0.03575643932825625
1083,0.002166,0.045856824428815945,0.030646315979444585,0.0173199822535404,-0.025649543427251443
1084,0.002168,0.004547695344585687,-0.014127642319345794,0.0008711871451587544,-0.007496167772566796
1085,0.00217,-0.06115831519717225,0.03365352452953764,-0.0024332146964808348,-0.01454401198506711
1086,0.002172,-0.01680981698489303,0.010753787291003045,-0.026812690148834164,-0.0676552667542213
1087,0.002174,0.012213894096248283,0.01557308993870465,-0.005988954740328987,-0.034437086255700265
1088,0.002176,0.00266806622667856,-0.043935971049407656,-0.03081691790062978,-0.022520938095124836
1089,0.002178,0.025318172126746682,-0.010878328513107513,-0.013435992353293817,0.05864077546233738
1090,0.00218,0.010573874915661417,0.010169835314244782,-0.011091022356263245,-0.017891150029103332
1091,0.002182,-0.06559219320051451,0.029062215957706746,0.013449291172691374,-0.0053749797964024
1092,0.002184,-0.004116801055087672,0.02208432786783165,-0.04664130219239559,-0.017696439946614163
1093,0.002186,-0.034089085886775915,0.05314527847460238,0.02626966595559902,-0.06608077923406093
1094,0.002188,-0.04541284879919927,-0.003970370200724589,-0.01417320636217274,-0.03973146624230665
1095,0.00219,0.058342867129514676,0.009376197419477376,0.014244489685892744,-0.020760448476966415
1096,0.002192,0.02166822441534007,-0.011412982829460353,-0.008500295211224982,0.018330058794757794
1097,0.002194,-0.04886992695180899,0.047910835795529474,0.005471676441716274,0.03842832626341273
1098,0.002196,-0.03226259269856455,-0.02769495372084579,-0.03485700664799436,0.007508930179945166
1099,0.002198,0.0019794990575473827,-0.013932354576935415,-0.03042207578655838,-0.03799788809192527
1100,0.0022,-0.0014545170141196794,-0.013967603387658003,-0.02056820977074787,0.04641268458394829
1101,0.002202,-0.002469770345782017,0.03810128801780776,-0.015997565480480896,0.007343288513959706
1102,0.002204,-0.0016642804876900467,-0.050928669285543675,0.04285014918791738,-0.004054608210972477
1103,0.002206,0.022392546588988815,-0.022560861673846782,-0.0049453314473929385,-0.02600557079770064
1104,0.002208,0.0370799544829018,0.00934228042352027,0.011011605800426644,0.04074552441314937
1105,0.00221,0.03469023890697069,0.02296027608408856,-0.04265182041112388,-0.020870373585500507
1106,0.002212,-0.03011664408034058,0.021826010808773975,0.005119558252501542,-0.04171537300891784
1107,0.002214,-0.005662326390336826,-0.044823370071563354,-0.0015946946420927963,-0.04966117511961554
1108,0.002216,0.015864824801538387,0.011338878781022205,0.057238454800406444,0.02543619868492027
1109,0.002218,-0.012687427674675083,0.02454210279823458,-0.04192991642835535,-0.028874178110432563
1110,0.00222,0.0099942759622533,-0.06474748988243782,-0.001114823548016491,-0.03060789876355262
1111,0.002222,0.0030392116545979063,-0.0323320907414179,0.012727444123655661,0.0005798227100216886
1112,0.002224,0.042010977506439916,0.00020203602304866362,-0.02305928414884399,-0.007406575674818487
1113,0.002226,-0.04032709191050194,0.012184117641163198,0.017695507389458166,0.07407588110078453
1114,0.002228,-0.018655079718132142,-0.008033837210255482,-0.017272755733146468,0.006363411033936722
1115,0.00223,0.011450716034388408,-0.0016012453328553232,0.032589777506190964,-0.018509385112643325
1116,0.002232,0.029585221436721362,0.016154935609232476,-0.00036089759696839567,-0.009448099222714362
1117,0.002234,0.07280003276194108,-0.024510259522262382,0.008937995309052439,-0.022506572107263974
1118,0.002236,0.05356862245863917,0.02660478986397611,-0.02035049636523432,0.015377849802936851
1119,0.002238,0.0077308716382966615,-0.015498742859242161,0.022744926516845197,0.011679161733132304
1120,0.00224,0.0064709614165785675,-0.0012575913372698628,0.012931634777989537,0.006881629844773783
1121,0.002242,0.00177279999075052,-0.019230477479626903,0.05081298722287477,-0.03151259830045641
1122,0.002244,0.01282908656639235,-0.009607222269042986,0.05278641808347899,-0.02710447611671522
1123,0.002246,-0.02205789785280996,-0.029094541897854757,0.009703951528518308,-0.041191519787059254
1124,0.002248,-0.014355854842732987,-0.06457097468562854,0.0072126406238427155,-0.015006445762687877
1125,0.00225,-0.04464170231795559,0.03256828208922176,-0.03923000695154818,0.02390831070084646
1126,0.002252,-0.02103122471963413,0.048047141336862775,0.022486516167784385,-0.030241436126220843
1127,0.002254,-0.027512476566309188,0.018165756156729298,-0.007871343921305004,-0.005080275210640966
1128,0.002256,0.03816716585316293,-0.022460666201098694,0.0027388131652636345,0.028638833809569178
1129,0.002258,0.024273524651568006,-0.0047883800256201745,-0.008667176425579747,-0.052164463875627946
1130,0.00226,-0.031687349779955874,0.009550776797242007,-0.0041364656682670855,0.0022478123569867913
1131,0.002262,0.031177608289021816,-0.03561969327186823,-0.007085409066979498,0.005661328902336531
1132,0.002264,-0.02112479812723548,0.042944313417822504,0.027257604048394425,0.008703999812662665
1133,0.002266,0.053826953379857594,-0.04496685838830426,-0.00023178843317045314,0.01099010906802183
1134,0.002268,-0.027436651403817663,0.00902143625453185,-0.03319747481363634,0.020716719548227593
1135,0.00227,0.0317350430438672,0.008170002033849849,-0.05558393445194837,-0.029003805634981037
1136,0.002272,0.016941300096394822,0.000635959305370974,-0.08082007853077464,0.03728491151604721
1137,0.002274,0.004099695187614971,-0.02457223992000135,0.029848667926999924,-0.020326200387206967
1138,0.002276,-0.020653563528126438,0.010750579530421085,0.05343115377726884,0.04870761533918659
1139,0.002278,0.010791344967123199,0.013871569765509592,0.02374496796254475,-0.03770951026108047
1140,0.00228,0.019324450114559473,-0.022022204044305844,0.009554342003897421,-0.0068240288282201194
1141,0.002282,0.01503624981342643,0.0035431039501938027,-0.092190908124639,0.0053667513511554184
1142,0.002284,0.01926458856897788,0.01337785045015361,-0.003077578386257389,0.04926485075791218
1143,0.002286,0.009341193873649832,0.01313019900579319,0.03133475682151706,0.010877789990897963
1144,0.002288,-0.026940532602426105,-0.07315012241338867,-0.014313627060542443,0.022828365776433494
1145,0.00229,-0.010592889942534175,0.024035351168451884,0.00446184527760819,0.03864198210786554
1146,0.002292,-0.008856501213619833,0.01402844479703064,0.015176551936060776,0.04504805617893579
1147,0.002294,-0.051199119190028335,-0.013752248236594726,0.025455483161655114,0.046376894393359444
1148,0.002296,0.00720214537926241,-0.008781124932644609,0.02271355106023334,0.02606108025695049
1149,0.002298,-0.010789850360019216,0.009909219365326386,0.03541581787235908,0.05671376979823355
1150,0.0023,0.022278148777058755,0.0013241668999677937,-0.001622255281137246,0.016721896715808687
1151,0.002302,-0.003470185274383505,0.005689214970671647,-0.03173628793592624,0.03891171589473477
1152,0.002304,-0.03420554181446035,-0.012963352813590377,0.0029277978255544145,0.05972960639665916
1153,0.002306,-0.01268048954556982,-0.01998047441881189,-0.016524507520013814,0.049766915028339374
1154,0.002308,-0.08437040980518064,-0.030082140364457607,0.08193866127478655,0.017726462204749105
1155,0.00231,-0.033179548480176596,-0.0012575394652431459,0.00202363698203585,0.025383757377168175
1156,0.002312,0.055185060084676905,0.011656550438376463,-0.016193649090388822,0.023612533262946128
1157,0.002314,-0.020947580905885832,-0.031000124879670878,-0.05279726615869335,-0.04695385183501202
1158,0.002316,-0.026893354683728155,-0.03533369303102613,0.00939709582124152,-0.03598205477472106
1159,0.002318,-0.09430998906074231,-0.03131735323768397,-0.01415578943164258,-0.018163484636158963
1160,0.00232,0.04558574037927553,-0.018406276778674503,0.026427703895975936,-0.0005694779904258512
1161,0.002322,-0.001269141770177962,-0.02506140866544111,-0.0017634795474230146,-0.022952883806922505
1162,0.002324,0.005100729427637115,-0.007087488978710646,-0.028338837995748004,0.029756830191017856
1163,0.002326,0.012805214400642759,-0.013441882024267446,0.0043647914110593,-0.0025146756450589096
1164,0.002328,-0.026027728117898215,0.002114886870634915,-0.018630352644221235,-0.028348015068602975
1165,0.00233,-0.04868301990799574,-0.01075822060615892,0.0170091197875117,-0.02083978060136579
1166,0.002332,0.07562126076473909,0.02657056960958197,0.03912990397981434,0.023857290362212756
1167,0.002334,0.055585949248157185,-0.023610059504176262,-0.07682212156975864,-0.013383768250586492
1168,0.002336,0.016746557266426126,0.004545509152439353,0.008264178329033511,0.03962730008009617
1169,0.002338,0.011461727233874988,0.023967387827730644,-0.028186882255582767,-0.0328618106764811
1170,0.00234,0.048423417690734626,0.0030270460544120355,-0.018696875503384044,-0.018641834806413543
1171,0.002342,-0.019473693649147725,-0.02126877063137525,-0.03849443407810979,-0.045012612066615255
1172,0.002344,-0.0058501313296325744,-0.017787776109611984,0.03321477856329885,0.008792299598007496
1173,0.002346,0.007959530402339493,-0.02229361222663352,-0.0036308524733992707,0.01083003310894321
1174,0.002348,0.02148587219138026,-0.0028167547955509653,0.03237371337972627,0.00023967926723828138
1175,0.00235,0.023785413555530394,-0.014695566257674509,-0.05437765099705925,0.008050769640555679
1176,0.002352,0.021759721894398766,0.017260419954227082,0.0126655998431232,-0.010457608978649618
1177,0.002354,-0.02420238754336777,0.016551848071313414,0.01279342248594825,-0.016826972725314786
1178,0.002356,0.0332827256757617,-0.026485965436428015,-0.017505701363731214,0.04909275637024994
1179,0.002358,0.02605745813201738,-0.010740279176730677,0.008621421289306515,0.004643767335715149
1180,0.00236,-0.08236841594932134,-0.02719421848420145,-0.0015253985132784456,-0.010698344296779185
1181,0.002362,0.007413076944912616,0.033884469388437595,-0.009646073539617824,-0.031729643883685946
1182,0.002364,0.009745549755331357,-0.009798700007034105,-0.004681905024657079,-0.008753211574592358
1183,0.002366,0.06725513400032956,-0.06722112782993835,-0.011650017093979384,-0.00011067076945176155
1184,0.002368,-0.023434274768483362,0.02699477496384849,0.02439773036158918,-0.0014326385546562183
1185,0.00237,-0.008120212660310823,-0.0033587050269494097,-0.0031435996094343215,-0.0023511908437728797
1186,0.002372,-0.005639973045503985,0.007573479437771783,0.02259636194483595,-0.036907804427957304
1187,0.002374,-0.031519916976994466,-0.05245554088450571,0.025991922010727985,0.0075096987957138945
1188,0.002376,0.015158025477983119,-0.04288494715090405,0.05354844368640414,-0.01826552724436073
1189,0.002378,0.005046174213337676,0.025631539820351157,-0.029609392673882157,-0.016389730755380003
1190,0.00238,0.005375153238026227,0.08572419226394118,0.009033742285560729,0.048190834518921546
1191,0.002382,0.03617019435575867,0.011040301094835562,-0.02967587314892036,0.03179260832454705
1192,0.002384,-0.04494331024944141,0.04802625371031276,0.006000159246547659,-0.07950670641894528
1193,0.002386,-0.010215182850955167,0.019618434627688214,-0.007110716191193001,0.021450174329807198
1194,0.002388,-0.025500725031368864,-0.039179471183628224,-0.0021433620914281613,0.0009469700186974435
1195,0.00239,-0.010451530531869643,0.03681873439926577,-0.025506221254171728,0.009394968219970483
1196,0.002392,0.002039099134908757,-0.0467014785640825,-0.03957090551005537,0.00035733048745894224
1197,0.002394,0.059435999960608915,0.01737809435696433,-0.05176904475433898,-0.09331464195358012
1198,0.002396,0.021991607790131394,-0.0028864044878459706,0.034237979085311086,-0.026421537621343243
1199,0.002398,0.010506374935755786,0.02538520389083588,-0.013423909146194454,-0.012782567106931961
1200,0.0024,0.0007578849329517146,0.016280290396809866,-0.00043002013535732814,0.029219890132784594
1201,0.002402,-0.013858055678010898,-0.039851856163893286,0.05930926104339539,-0.018139012096273388
1202,0.002404,-0.017053262511532417,-0.0019740996321655304,0.0020154332896194353,-0.011600509274648485
1203,0.002406,-0.0005230169084702712,-0.0011928669428452187,0.0052445798106242085,-0.07072462376961948
1204,0.002408,0.05642628921023548,-0.004418649406036726,0.01741867858340956,-0.04134304024602072
1205,0.00241,-0.014130007837477506,-0.020169475989612436,0.04409171293525636,-0.017574408205076483
1206,0.002412,0.022742399608202738,-0.019512613580195855,-0.013578568189618322,-0.007366504956020578
1207,0.002414,0.038515353804879006,-0.05669557977090355,-0.03946990665823298,-0.058419154970694505
1208,0.002416,-0.032625063592843506,-0.024348001535763216,-0.04843443762271167,-0.02202443239844007
1209,0.002418,-0.06044143442800245,-0.030539661713030436,0.036012611997306015,0.012107642108433084
1210,0.00242,0.005624030165175832,-0.030083356688373433,-0.04608254877134172,-0.03417468226602842
1211,0.002422,-0.0012962948068804495,0.026045303391800046,0.02707102251405961,0.018918370874499987
1212,0.002424,-0.022126705922038324,0.000736494972119641,-0.009640275901117377,-0.006035692904842508
1213,0.002426,0.061113836908794385,-0.052860007110108374,-0.007040304477667825,0.0363524672158847
1214,0.002428,-0.043976744851006146,-0.019312422757987512,-0.015871154927029184,-0.006698691661619535
1215,0.00243,-0.04787871478818651,0.01785858181014118,0.01998861847539432,0.01525125975053843
1216,0.002432,-0.02611121022873244,0.0025953237236188537,-0.026983207187072623,-0.00997789982314538
1217,0.002434,0.06460403781512633,0.002870861327887679,-0.0356257972796152,0.005410060219917415
1218,0.002436,-0.04055387778189929,-0.03597031177545035,-0.031233694078463728,-0.013329283565870506
1219,0.002438,0.028109069867676046,0.017351945940505174,0.01568985984741985,-0.03296773696771627
1220,0.00244,-0.01623943066306946,0.008160033206495651,-0.018849599561652386,-0.008350993209032952
1221,0.002442,0.013240760775898485,-0.01046318043603906,0.006781787673060757,0.04778185368058705
1222,0.002444,-0.005155763969609926,0.03538013429157619,0.016781102019220746,-0.044017259804603
1223,0.002446,-0.03306411087790573,-0.025007876492096893,-0.0256450475079835,-0.002708692383204426
1224,0.002448,0.018439321442454668,0.03765475250114168,0.009245252661752468,-0.013370386681596293
1225,0.00245,-0.06246723730889622,0.002117687262520138,0.0007731058108497385,0.00548786260616873
1226,0.002452,0.06318720893109998,0.03721789638579216,0.023551827547499574,-0.028862313902147992
1227,0.002454,-0.015389842475902304,-0.002845338207855065,-0.023262213720310607,0.015013935749553542
1228,0.002456,0.010707265476471136,-0.032649233791640773,0.03590450127288373,0.003069310014265809
1229,0.002458,-0.05187213440226754,-0.0015402857503490836,0.008436193677687144,0.029183770843072214
1230,0.00246,-0.010124292093798488,0.024838148023416214,0.005614259603106471,-0.03945163827112738
1231,0.002462,-0.042455003204475414,0.03367679610448046,0.03587952535145307,0.009687276912141688
1232,0.002464,0.044871201635400856,0.0316982954712482,0.020508861884391633,-0.027339344662010153
1233,0.002466,0.0519428625309703,0.01608904296624819,-0.01157516323834865,-0.02004810015915894
1234,0.002468,0.007703513445415706,-0.05013177254515364,0.020990198260585877,-0.028607124440820805
1235,0.00247,0.011118243264728602,-0.015648610120744783,-0.007932561381741109,-0.022707296182951944
1236,0.002472,-0.004836882935424045,0.056681386380520615,0.04155178881145922,0.0106343686498637
1237,0.002474,-0.0007588279669485709,0.02532603572078655,0.03389911182322669,-0.024894551466225875
1238,0.002476,-0.002323166028966066,-0.054658746887042406,0.03369306330782684,0.06195072773102566
1239,0.002478,0.002402478738692565,-0.0637503037470905,0.01826671549731093,-0.02712267498447241
1240,0.00248,-0.0199004832499338,0.018797291693730116,0.0076366237653817315,-0.01464326326015805
1241,0.002482,-0.01948816897804993,0.0037750816566249823,-0.012283966575371024,-0.03327711400809022
1242,0.002484,-0.009976895444350802,0.010187778697655523,-0.005343104004589001,-0.042405257947445554
1243,0.002486,0.02967193864126618,-0.08216434310830001,-0.013390954650853056,-0.018605953636617475
1244,0.002488,0.0044453663361424455,0.016849854234082064,0.033802944247831056,-0.021372146200564806
1245,0.00249,0.01759747012000445,0.005874551636443833,-0.0513461812554967,0.05701620766302329
1246,0.002492,-0.04316325381720598,0.012584918169291448,0.01169879832593243,0.008269103469872313
1247,0.002494,-0.014837306464848224,0.024817579534215067,-0.04681102421829286,-0.0019748636602176873
1248,0.002496,-0.016916240296573754,-0.020318938262010946,0.012862433623606373,0.03232435628159049
1249,0.002498,-0.010297672855105982,0.023420432697773323,0.0014922199633379543,-0.026781966277140256
1250,0.0025,-0.007738562797231914,-0.008984576723748448,-0.020899797375163395,0.012854487859675013
1251,0.002502,0.007039385631142777,-0.04771949094808254,-0.04954577985718073,0.01274053359617263
1252,0.002504,-0.02445859286383604,0.009061234653009719,0.02342794734327565,-0.038128585122166776
1253,0.002506,-0.04234611763728555,0.050232950471858856,0.01054712348887377,-0.012577219700198128
1254,0.002508,-0.028018213579387906,-0.015313225467218387,-0.03571717008339931,0.026502365222717705
1255,0.00251,-0.023302534608189623,0.03280603764648801,-0.012018867593100337,-0.03130050550851944
1256,0.002512,-0.012789047640414043,-0.0787250033250425,-0.0036230573002202075,-0.005103575733904757
1257,0.002514,0.02474228239643903,-0.056589147839501384,0.03485599082590643,0.02461797884992968
1258,0.002516,0.03756130691095988,-0.0015816412801241224,0.030416905023082662,-0.044137321047207155
1259,0.002518,0.02139142695613599,-0.023134882862998356,-0.049542054972688085,-0.03372421554493082
1260,0.00252,0.00016593415887811717,-0.0247289762465281,0.011282205950873998,-0.05424712665012052
1261,0.002522,-0.06381292630847585,0.041171623024307276,0.02711400388204303,-0.03147890507741422
1262,0.002524,-8.998930411618541e-05,0.030585211806039715,0.012576018248718164,0.004446692885504352
1263,0.002526,0.03285462243937791,-0.021921374256036612,0.000935353459938861,-0.000535459148771749
1264,0.002528,-0.008182861430131277,-0.011694165342622562,0.002186047134854722,0.0010322248795658262
1265,0.00253,-0.03145282927603577,0.024053877297013422,-0.029291556232987747,-0.006547003336415216
1266,0.002532,-0.008858414181601545,0.010743108379776475,-0.06357311820651998,0.026727294447883746
1267,0.002534,-0.020309710428364925,0.03659889884331163,-0.014344947735484632,-0.0014653075720203151
1268,0.002536,0.057413581202052706,-0.008320146263810052,0.03716549654020376,0.0011713525669368027
1269,0.002538,0.012462564908804687,0.0020987576823412353,0.025435548789003722,-0.02056594838559154
1270,0.00254,-0.02952145569057556,-0.019157285711310652,0.0029913112897227315,-0.006624563566509883
1271,0.002542,0.021308246294135295,0.0391419509946456,-0.029275150117050255,-0.022018463748417975
1272,0.002544,-0.043087182549385615,0.06091118972277312,0.009140084973654804,0.014394069601547332
1273,0.002546,-0.040206251550931445,-3.5099670206238994e-05,0.015277439532392557,-0.007582730716032749
1274,0.002548,0.032271168744791835,0.0693549337692849,-0.028411884812818554,-0.030662617379300903
1275,0.00255,-0.026332681965857297,0.04818597480049472,0.03127065951089053,-0.004065834533809454
1276,0.002552,0.0010967899320262283,-0.02449630878590164,0.026700814732295523,-0.011397054723256611
1277,0.002554,-0.007802296183649979,0.018263693145877703,-0.005639848142496635,-0.007048979804935391
1278,0.002556,0.0003172561658722522,0.023860662413792297,0.04939479226451499,0.01756458696738246
1279,0.002558,0.024099426708728007,-0.005995621863033732,-0.021233935895061506,0.019619586967053453
1280,0.00256,0.005137224738017141,-0.042678859462492474,-0.00984208870276794,-0.0024869107044466075
1281,0.002562,-0.01531373601085436,0.04445206783626382,0.014395171107066502,0.041195247536659436
1282,0.002564,0.007902757849564786,0.002441635092752331,-0.028097934528307476,0.0003578859958970016
1283,0.002566,0.00039161777026320584,-0.041013416521026996,-0.016185824093111846,-0.009698477955490871
1284,0.002568,0.012404386321671644,0.013840503359571184,-0.017439554458956143,0.014066088076256545
1285,0.00257,-0.00546236788045551,-0.0860886007456487,-0.01454106095854627,0.03236965920427135
1286,0.002572,-0.05045417269883039,0.0033807360124662065,0.04755783642555861,-0.02281838859031442
1287,0.002574,6.447241283057582e-05,-0.03912048771683763,0.048816934249907164,-0.0024999788098984286
1288,0.002576,0.0013988052838205445,0.040629013965168666,0.019844351839364432,-0.02626886197490219
1289,0.002578,-0.019418337722619475,0.014847939135698958,-0.0187236316518882,-0.0635172993636158
1290,0.00258,-0.0015972239591723336,-0.04440637983374428,0.04848845260691178,0.0053036291328945806
1291,0.002582,-0.027155251702307263,-0.020958972439873613,-0.05668192763621761,-0.03298385660341511
1292,0.002584,0.030489696076220974,0.06695358436477174,0.021791895395968753,-0.002761276158630875
1293,0.002586,-0.012958781269617498,-0.028694874407290866,0.06179297698019221,-0.005662461055931246
1294,0.002588,0.06346889490187513,0.041805585288301826,-0.052223892940388206,-0.019978571872778753
1295,0.00259,-0.02007135372521467,-0.002395390923172184,-0.0018094275934126044,0.08988717286194428
1296,0.002592,-0.03231683623424276,0.006869098069931699,0.018495232274034094,-4.716013407588548e-05
1297,0.002594,0.0033054173334407405,-0.031344266829197616,0.003194585838080453,0.015341969885231156
1298,0.002596,0.009828017528133857,0.017106027117362744,0.04237823701908696,0.02810899625743025
1299,0.002598,0.0021388384049231086,-0.03515275055649834,-0.01800015824133358,-0.00658893455752246
1300,0.0026,0.00757037494024342,-0.014349982844981853,-0.028071995975530548,-0.03564596067361011
1301,0.002602,-0.04953533277166593,-0.007048521113237066,-0.04408996326210915,-0.030015770524721763
1302,0.002604,-0.011817056185329074,-0.04007751928174302,0.011392565654960909,0.022206691908170616
1303,0.002606,-0.016482810593261954,-0.013110819228300052,0.016122893104172323,-0.02141985291704037
1304,0.002608,-0.02348201734791885,0.03589495434558871,0.02652563216138361,0.018046500070317585
1305,0.00261,0.027769338641822783,-0.059318361761020885,0.04061506640379322,0.011761863497512265
1306,0.002612,0.030323441520172047,0.011614853373490878,0.0014677447404046857,-0.008259276370861638
1307,0.002614,0.011014331306586163,-0.009352437267136563,0.026036283001953372,-0.04759369933656601
1308,0.002616,-0.016247275853828333,0.06134469745429939,-0.018782413907171773,-0.00716051169190434
1309,0.002618,-0.026477428000502286,0.010075370186574716,-0.022087946704265844,-0.0055683280442115025
1310,0.00262,0.025465996081052118,-0.020962902564444476,0.023658333577956624,0.024666879466810693
1311,0.002622,0.03164868284157881,0.004216229847541208,0.09723777230930357,0.03163601089626246
1312,0.002624,0.009746328732204795,-0.026277732422452054,-0.0029117737762242293,0.04278980930700102
1313,0.002626,0.05128603846878806,0.04434987301320688,0.023555769201888586,-0.03766980618886716
1314,0.002628,0.014614854534770102,-0.03724207134158993,-0.04462413580142276,0.0071747605373171566
1315,0.00263,0.015695983418092512,0.02710131295442414,0.014914087211582818,0.015947579572282447
1316,0.002632,-0.029539577549771292,-0.0031493005405399906,-0.045213503569034634,-0.06010107388200587
1317,0.002634,0.02221928129529222,-0.02259373181372876,0.026174955064291603,0.033250427336401156
1318,0.002636,-0.01857951973869593,0.017709332836658973,-0.019834701858409246,-0.055376366238804715
1319,0.002638,0.0036992821332737518,-0.014126216391472822,-0.013202670317613952,0.05926029353536576
1320,0.00264,-0.045775709481980155,0.011486134061144132,-0.029844217114342545,0.02724784227801973
1321,0.002642,0.008952937085251973,0.011380330475418407,-0.028346688528067796,-0.022967637398649703
1322,0.002644,0.027817515220376583,0.05312393165182688,0.014409234516725614,-0.026922621623142982
1323,0.002646,0.010168155673862046,0.07282416133012828,0.003072684321567351,0.043855225781807984
1324,0.002648,-0.02220988097516136,-0.0012625815490916034,0.018586956183766275,0.011919849247885922
1325,0.00265,-0.022991660403334824,-0.024285523713917987,0.029659844908807957,0.03574652437950435
1326,0.002652,0.0453643067436576,0.05411791449758603,0.004524758685854551,-0.009335977326947801
1327,0.002654,0.04052972816335407,0.0213920784555476,-0.027381877058606025,-0.03100906996556734
1328,0.002656,0.014757906040689273,-0.0053182398445199884,0.003686132176095318,0.03217600094130584
1329,0.002658,0.02277111434955107,0.03989619745255295,-0.05184417076743093,0.007601937516636024
1330,0.00266,0.020840655671916203,-0.04579757570063052,-0.01484739145346129,-0.02521455486986757
1331,0.002662,0.0006509451317974856,0.048835619060821914,0.05958718344859169,-0.024428626592198466
1332,0.002664,0.015796717514807223,0.016763935564269455,8.495039878227487e-05,0.011969389042177021
1333,0.002666,0.009112275073539842,0.05062710362419259,0.008925193153684848,-0.03180461692794801
1334,0.002668,0.02387163242641648,0.026771201235343562,-0.0248817630523437,0.03394273111508188
1335,0.00267,0.005642221028971116,0.006014031632287522,-0.03298424991268026,-0.060547322573990064
1336,0.002672,-0.0024119518171762198,-0.02004751723363712,-0.06227181996172429,0.04302054854218568
1337,0.002674,0.015126225556033733,-0.0008949324283364342,-0.020345024570081693,0.008885087538862206
1338,0.002676,0.029743082799525394,-0.024808975306408222,0.029526446932586686,0.026041994965535175
1339,0.002678,-0.0580800338725239,-0.0017270928721621211,0.05149084300881235,-0.004014895732651019
1340,0.00268,-0.015048856691157088,0.004128738156218868,0.14731928597268046,-0.00971767421785653
1341,0.002682,0.008751330272823198,0.05984239255227338,0.07804052019441308,0.054440260467869074
1342,0.002684,0.00015969019881321704,0.05345688677594779,0.09479279862824509,0.009213250877472651
1343,0.002686,-0.001968920456597596,-0.018721243196376317,0.02539821274916481,0.026920843770600725
1344,0.002688,-0.0003933429299001172,-0.00949868415185573,-0.05162127141516769,0.029774298407491597
1345,0.00269,0.036754843652995674,-0.02001451541305111,-0.1331268579812998,0.01138076759001337
1346,0.002692,0.04582596194271764,0.0343797092493768,-0.2012733371745209,-0.007922279099755862
1347,0.002694,-0.027918106640685367,-0.008025375657457747,-0.1296031269120563,-0.042678019463490514
1348,0.002696,-0.0485659587984057,-0.02485662460300807,-0.13584403859054398,0.018622644619222705
1349,0.002698,0.013123453045845996,0.03527056209693049,-0.11824714829680777,0.03565009615076811
1350,0.0027,-0.009362859601388744,0.02194482929414603,0.004862183594192701,0.0001487009102721053
1351,0.002702,0.007088123117670407,0.03467253112495254,0.1115380528627962,0.0009225764560471248
1352,0.002704,-0.03255705873426429,0.015164881326248252,0.2702291726692955,0.03861510727524263
1353,0.002706,-0.016050883629251233,0.02781679457066371,0.32074899243776783,-0.049297409095664005
1354,0.002708,0.018370347602953516,0.02875533761340318,0.2339745578031628,-0.036323207325753254
1355,0.00271,0.028288672683289894,-0.0359852648267327,0.1284480337869321,-0.0012037217340998708
1356,0.002712,0.02146614155111998,-0.018798946785375976,-0.04343491581619361,0.0029674643628933273
1357,0.002714,0.030191714328592474,0.06862350001959441,-0.23668855811227899,0.009460260533597343
1358,0.002716,-0.032596050787028756,0.03056433729620228,-0.35582924569061136,-0.020239446545469712
1359,0.002718,-0.017678125771919885,-0.0022859681615941168,-0.38176120491073245,0.014511041808255408
1360,0.00272,-0.0001730263854834973,-0.03989673067321744,-0.3365598750675692,-0.0015887599098908377
1361,0.002722,0.03485204370044096,-0.0212321633843981,-0.27599218077852594,-0.001020780080492258
1362,0.002724,0.03887858064852794,0.004828264098481524,-0.031711147620974885,-0.026110410529722995
1363,0.002726,0.05273299400042467,-0.03088807784654338,0.17920905640143892,0.017101025882520684
1364,0.002728,-0.05568062069660369,0.03823771996144019,0.41303542861350717,0.02697693215433329
1365,0.00273,0.016743510358489623,-0.004833705523691102,0.46872268517779936,-0.004202263236748819
1366,0.002732,-0.029257089352579042,0.014584659302291504,0.5093622278969516,0.04430425893594623
1367,0.002734,0.011153029216585895,0.027737260697855586,0.33397557147107776,-0.014348314140245842
1368,0.002736,0.014210156724504043,-0.011594186181507263,0.11002273684060282,-0.03183576568006263
1369,0.002738,-0.02644883047428903,0.019062279030548704,-0.15495896072752177,-0.029569685069000415
1370,0.00274,0.020118429315192622,-0.01598207019105824,-0.43611943230659905,0.04250833247371941
1371,0.002742,0.024224617020688455,0.023876159640665785,-0.5379184233025871,-0.021116380231493932
1372,0.002744,-0.029576249249776372,-0.021663668106857718,-0.6180187404028908,-0.0706365184287568
1373,0.002746,-0.006222847100904311,-0.016337121956847358,-0.4465824470258366,0.0105725813703012
1374,0.002748,-0.01802089883308011,0.017698825360887117,-0.18036999275548765,-0.023056373693742322
1375,0.00275,-0.014790727661472554,-0.06676089561293948,0.09852670639511513,-0.02227408681270735
1376,0.002752,0.002224985298180653,-0.028361480380794456,0.43190362239726915,-0.03675992044747797
1377,0.002754,0.005133416955938119,0.012771437837547228,0.6761743708516079,0.0003708339571577799
1378,0.002756,-0.046232189895041825,-0.018598609916785525,0.7093661843690865,-0.012098859387618758
1379,0.002758,0.0022494365396950908,0.042766241171130565,0.622630063203817,-0.029625533395460837
1380,0.00276,0.020352086258899005,0.019209071029972085,0.2942295889747099,0.02546597767906317
1381,0.002762,-0.004811299078357901,-0.04229860470043334,-0.03881666174674686,0.006508854708435728
1382,0.002764,-0.0068303288755748315,-0.0011235925494989852,-0.44465073353546747,0.018303915113913282
1383,0.002766,-0.0013035190352677787,0.004993465318446837,-0.6883057434511562,-0.03463756843278975
1384,0.002768,-0.02682849065646156,-0.06629833378848628,-0.7901776016156952,-0.03636630071240299
1385,0.00277,0.003977091296869569,0.011129646748186584,-0.6968701659537284,-0.03612050741508178
1386,0.002772,-0.0019548485442207313,0.05010841262363247,-0.38889541740510425,0.029619692820808525
1387,0.002774,0.010124794164565186,-0.030153191665361324,-0.026606297409014486,-0.0047406368624052266
1388,0.002776,0.016815848258185332,-0.0189853036455635,0.35989492131121803,0.004924420802292742
1389,0.002778,0.007388342744815752,0.014811681433807443,0.6780362688721598,-0.04029853356330608
1390,0.00278,0.04874355119699384,0.07467762507070073,0.8711771977612148,-0.03971976284190331
1391,0.002782,-0.0231958535052863,0.015273527071529071,0.8483555833481974,-0.036386719036255684
1392,0.002784,-0.0037299846254670367,0.0058779619333190715,0.5815161636735281,-0.01030803283201138
1393,0.002786,-0.04691444073965774,0.01863592678358707,0.1945144578344032,-0.0024777438523548205
1394,0.002788,0.012157202739192937,-0.01423473688281212,-0.30418776012561366,0.03079277041641656
1395,0.00279,0.011624875434433827,0.014711057982056476,-0.6081664385726526,-0.03164527002955719
1396,0.002792,-0.016560788044782664,0.004738000465040866,-0.884850559518298,0.023494096058173503
1397,0.002794,-0.005621976627119522,-0.02977598422491569,-0.8659306213450718,0.005110163124203638
1398,0.002796,0.02804046188688991,0.01179422709442273,-0.638175278613358,0.009608750520216744
1399,0.002798,-0.005646675638757912,-0.02148657345333794,-0.2648067338242655,-0.009993742976509219
1400,0.0028,0.05069467861323046,0.04026546884319656,0.19235960524454973,0.011354008178789567
1401,0.002802,-0.002638771529435313,-0.03783371194041405,0.5704239898318785,0.0030420010021577006
1402,0.002804,0.006883694233339868,0.014086091010474781,0.8641131542845575,-0.020764622150786012
1403,0.002806,-0.02049226821627034,0.04352570039229476,0.9109353579444899,-0.011723128263999636
1404,0.002808,-0.003216335068567103,-0.003081418400246956,0.7201107909491882,0.014180492767158394
1405,0.00281,0.07604978238299494,0.005692696834879573,0.3939034949805237,-0.05059430118570428
1406,0.002812,-0.01454699978336505,0.036864450081498155,-0.048171713619575646,-0.1316734375459451
1407,0.002814,0.0202206960694859,0.05754493183886307,-0.5346491444300522,0.04558163026936537
1408,0.002816,-0.08315866891877784,0.028139968351602398,-0.7671024448831438,-0.07049913645733849
1409,0.002818,0.013384134817193595,0.034525192474561754,-0.8547396446600753,0.017544829111788392
1410,0.00282,-0.01235028337017185,-0.05584169265663066,-0.7289601286700998,0.05249261758338887
1411,0.002822,0.03388742562682377,-0.05963627488804038,-0.49692705052562747,-0.025379032253920214
1412,0.002824,-0.0477892635384043,0.001325697586681173,-0.03648623493151715,-0.04290759849727103
1413,0.002826,0.023313853778265847,0.01803311832060042,0.34145058548791934,-0.0051756595795195235
1414,0.002828,-0.05849403526959095,-0.009967864688612223,0.6667960997909367,0.005062427856845687
1415,0.00283,0.011366307360605217,0.007327252296917167,0.7959550183273874,0.0085858482766295
1416,0.002832,0.030060959799307438,-0.002864942199289331,0.7499953983050727,-0.0055851318799235525
1417,0.002834,-0.019402767494387137,0.015686390007528125,0.48100777964870217,0.011584407029765717
1418,0.002836,0.0008476611453013653,-0.009118040295604297,0.13092701269271334,-0.015243629772470605
1419,0.002838,-0.04937403516267041,0.011486852854850762,-0.2316612172196671,0.02549010757345481
1420,0.00284,-0.015943707069203845,0.05686150876430002,-0.557691911533116,-0.026253289265840876
1421,0.002842,-0.029810547595279943,-0.052017672096889865,-0.6632169906956418,0.04113202172305985
1422,0.002844,0.01802235488654274,-0.026882664233273394,-0.6384375219463655,-0.010551574845649678
1423,0.002846,-0.008070774936799571,0.04311777241308228,-0.4885248997460835,0.0660330941626378
1424,0.002848,0.007461667809570587,-0.011910923987361743,-0.22651672662135863,-0.055409885315718804
1425,0.00285,-0.008357873184186133,0.034337800164821415,0.14678582287235625,0.0006092401968121743
1426,0.002852,-0.029848033314489875,0.006806190540382117,0.44868405174257175,0.012921577694099535
1427,0.002854,0.005002055089000775,-0.02390872959843618,0.6176678068973938,-0.09395714456232543
1428,0.002856,0.01148537126595435,0.07710965942833796,0.5671117946535954,-0.00724108364104098
1429,0.002858,-0.00023732970374179226,-0.013877484421697311,0.51462035758654,0.01417353043065903
1430,0.00286,0.004569011176419578,0.0239181768350784,0.2455289727034657,0.09539593466470542
1431,0.002862,0.004540408009702234,0.00585846295469113,-0.08974831038749938,-0.016303509819102713
1432,0.002864,0.03442133045399429,-0.040063705510796174,-0.3595783327032044,0.0009694641356272446
1433,0.002866,0.04112233522424934,0.0012714368608837691,-0.4734026171876061,-0.055754638132229396
1434,0.002868,0.0135676236810658,0.019838253266491346,-0.5619818785981616,0.034035973460916566
1435,0.00287,0.022970865776763272,0.03396947827642036,-0.4104383032613116,0.019610481264339556
1436,0.002872,0.015621626961052166,0.02605416964503587,-0.30479739304094333,-0.04503178300864544
1437,0.002874,-0.02208023700569315,-0.0038946051501765975,-0.014324471778968482,0.009740449596865501
1438,0.002876,0.03351317434368094,0.034454858957410524,0.16042421995504713,0.007157283301514137
1439,0.002878,-0.025434946431655146,-0.005647411150607,0.3462882405767552,-0.10226136229415071
1440,0.00288,0.07233732118919053,0.016992260321924253,0.37500755386048573,0.05782109265690684
1441,0.002882,-0.010422935114585832,0.003975581574841732,0.33523623183326345,0.04955975512330018
1442,0.002884,-0.003149541189176411,0.004484523022185277,0.2631748738564925,0.017554183723832297
1443,0.002886,-0.001630441954022158,0.03331172917072389,0.13810309761437845,0.00952231346398264
1444,0.002888,0.0035028026361769915,0.005118812508572447,-0.061832869353236015,-0.017975932050987672
1445,0.00289,-0.008349526791349829,-0.046123288473799234,-0.25827050364207066,-0.015534000080939112
1446,0.002892,-0.0016781098218126814,0.05307249977310358,-0.2616516800725144,-0.027362355305693812
1447,0.002894,-0.02183941456092346,0.04124246049691963,-0.2263289599267037,0.0008444973067260918
1448,0.002896,-0.013275793966164967,0.03374798507113928,-0.21246014770228056,0.011760911941725691
1449,0.002898,0.06817976972679994,0.006160670467543724,-0.094717560414969,0.012311061080146133
1450,0.0029,-0.014100261570460427,-0.04182347531260243,0.06317031926966887,0.03353503201649167
1451,0.002902,-0.00932720016217718,-0.0113170702228882,0.10124118838536694,-0.0044980680140269975
1452,0.002904,-0.016871051487695726,-0.030330980601097665,0.23122668356261145,0.01399478450248522
1453,0.002906,0.01717185324088057,0.026501987067972813,0.19383064305115635,-0.012393298583901443
1454,0.002908,0.008176578689144016,-0.008070914527819809,0.14015221162455788,0.010250726578744927
1455,0.00291,-0.011479807825926057,-0.03987896168765397,0.06480052679933887,-0.006128084634218967
1456,0.002912,-0.05671116743126275,0.015229853066661525,0.0201013328014483,0.07585069425626852
1457,0.002914,-0.011735925099619831,-0.01616135689647203,-0.09652020133745456,0.006259257194610212
1458,0.002916,0.006069545416750653,-0.024338890043602474,-0.09721968365621528,-0.0593599700066807
1459,0.002918,0.027791302434997396,-0.023120377790165004,-0.09390685761360378,-0.04280080263893337
1460,0.00292,-0.0174706079838472,-0.008387734605525816,-0.07173548988153858,0.014391975465675354
1461,0.002922,0.0431722525045866,0.021981328283080685,-0.008968804826169931,0.04338312329829414
1462,0.002924,0.017091236445680922,-0.0011012158685698601,0.026748670234429114,0.0321902785788497
1463,0.002926,0.019456975138981057,-0.04363882791108308,-0.002760061955162405,-0.00824562312091452
1464,0.002928,0.023388630622076977,-0.0006403925721167924,0.06963807528791585,0.039457098862328434
1465,0.00293,0.035975114060316185,0.0361662169344086,0.004631405040447224,0.014479064983673273
1466,0.002932,-0.018225871228662486,-0.04947198994077595,0.01826229016625481,0.03974210896881754
1467,0.002934,0.013822260303553904,0.06053428114817676,0.019689417076776128,0.07343408260778722
1468,0.002936,0.005325636765511537,0.0006744088846120909,-0.03525651760953109,0.03331688220878303
1469,0.002938,-0.015063753868214366,-0.01941142918226181,0.03454607582879724,0.03474668006387871
1470,0.00294,0.03396154101632037,-0.010865734021649434,-0.007668438302145916,-0.0017956319308755435
1471,0.002942,0.023475545420171943,0.04660694005482689,0.006051960764838687,0.05924673256072075
1472,0.002944,0.026915832540991842,-0.007043981823432547,0.022254134598307832,0.051178208361263196
1473,0.002946,0.05994866950024003,0.03560674033797242,2.4330015536747703e-05,-0.006500797621677614
1474,0.002948,0.017282085106841726,0.05021923485813139,0.012967797453190757,0.013635956156064326
1475,0.00295,0.0015419356295127693,-0.009836731878936373,-0.004864035199317534,0.0040627795573659
1476,0.002952,0.051542999887194664,-0.007191413355924053,0.001578362277341419,-0.025961329812195257
1477,0.002954,0.021498931994194656,0.04100037536154848,0.04873493537870267,0.006100935740871312
1478,0.002956,0.017230628498377067,-0.004606509665101141,0.015840560390835676,0.009418954574976433
1479,0.002958,0.00174793161754462,0.004132610768313884,0.013557668501809462,-0.008824573045366928
1480,0.00296,-0.007274903762340999,0.051220860410146604,0.08131640306539148,-0.03613100845602131
1481,0.002962,-0.03778413613128176,-0.028714584834244494,-0.003098652451156652,0.026873415331117707
1482,0.002964,0.017737588261448157,0.00516093410341405,0.015868066408736968,-0.020762584698851082
1483,0.002966,-0.007323683152578567,-0.0006028364512739045,-0.04752649016615558,-0.03483930614167788
1484,0.002968,-0.033646981838329766,0.02292324671051323,0.007360648457172491,0.018331836002218292
1485,0.00297,-0.05518964969407393,-0.04450700058154809,0.01989646320769486,-0.08336008924998152
1486,0.002972,0.03673888072799414,-0.0546995143056837,0.02530034675774935,-0.02665753874270888
1487,0.002974,0.031467111455147474,0.09624482741749484,-0.06819532890363376,0.020861314435819452
1488,0.002976,-0.05424488140781219,0.012803067666525123,-0.006203164906556817,0.0038934696738552985
1489,0.002978,-0.027350588289847107,0.02341623328489501,-0.04345073513911143,0.0372491178869622
1490,0.00298,-0.012277509198305479,-0.04208072032209269,0.047848104700220946,-0.002020279584274594
1491,0.002982,0.057229079113260785,0.03664068387940026,-0.02394437114359305,-0.002549694028102467
1492,0.002984,0.0036311381899072296,0.04578909599959318,0.01312553140101345,0.005288778632893778
1493,0.002986,-0.00599638761294923,-0.001516711075639173,0.03913776257034973,0.00011116052392423046
1494,0.002988,-0.01184991813894524,-0.016935214968410606,-0.016612954615084857,-0.04206287988128295
1495,0.00299,-0.02251125924979437,0.04495260826950969,-0.006197977817024897,0.02113235005668295
1496,0.002992,-0.07436269553702503,0.017049339268976373,-0.004840581131073412,-0.014443200686715263
1497,0.002994,0.005428798722633951,-0.014874757614360834,-0.06371624759665068,0.027667438235158118
1498,0.002996,0.007290526840445791,-0.009418273642435554,-0.02898556116217312,-0.04409572548321405
1499,0.002998,0.006716781212041728,0.04840322880676077,0.006094994302231146,-0.04148284818278478
1500,0.003,0.006753501811152076,-0.0016002888674018377,0.02592130878222691,0.018201995322351793
1501,0.003002,-0.0895746760232977,0.016357266132853706,-0.03010438228512251,-0.042651862243460965
1502,0.003004,-0.0056542023112069115,0.012329133270900346,-0.04922203830860473,0.021137292511726545
1503,0.003006,0.022900165425947996,0.0014092858889849322,-0.026028708906811457,-0.029381340125678758
1504,0.003008,0.03077796394740682,-0.045336680594877145,0.03193411382457535,-0.004955974773913101
1505,0.00301,-0.0028750349892857135,-0.05124263116239975,-0.0044014989038575975,0.018407565480341278
1506,0.003012,-0.040092302635559435,0.014959076017555365,0.00267036761037068,-0.019312668414969203
1507,0.003014,0.02564019259473913,-0.06606770306935668,0.01040042246231127,0.04858305474219876
1508,0.003016,0.04319829417301985,0.011694201616155675,-0.009050423283925376,-0.019074076696428924
1509,0.003018,-0.009087773817169261,0.016314217437537182,-0.024217314163782484,0.022722714541511427
1510,0.00302,0.06399481554009971,-0.001856497053821851,-0.04033184409849916,-0.040342342389492386
1511,0.003022,0.023296966551347265,-0.0017923853688133083,0.026304926881921587,-0.016009027474780484
1512,0.003024,0.024918706426194946,-0.004748975203491764,-0.021975121659718475,-0.012029954364071534
1513,0.003026,-0.03591163066269709,0.05968078675744834,-0.0028914544067546117,0.019335422660465878
1514,0.003028,-0.01610607398612398,-0.03155783465939469,-0.0070164153275380555,0.03303577600137596
1515,0.00303,-0.015621953741948509,-0.02611595918188246,0.004663927331074304,0.014970678021532324
1516,0.003032,0.04928544506559549,0.010612514351174844,0.01931978035593705,0.021578257107609647
1517,0.003034,-0.03459046145797891,-0.02889996211408633,-0.03251688868816951,-0.039964372670749364
1518,0.003036,0.023863796246112106,0.00870150274991266,0.002384881892743486,-0.07778149546206806
1519,0.003038,0.06166430575855855,-0.02682816012460667,0.06155438267816873,-0.04347724441953948
1520,0.00304,-0.024372034756696106,-0.06608548147528889,0.010863749278280925,-0.03303770462433697
1521,0.003042,-0.03219000462295063,-0.04117542651523192,0.02332065188213589,0.02134390954702641
1522,0.003044,0.054361016732363564,-0.0205711986321892,0.00656458113140401,-0.038680055922058545
1523,0.003046,-0.01005117068205954,-0.015565359398435325,0.013933498724862626,0.03051065419254573
1524,0.003048,0.029732000724944994,-0.025284368166528324,0.029954037138689982,-0.001322554113233912
1525,0.00305,-0.009737906876910448,-0.02125534460456755,-0.016798073830846562,0.052269415385886996
1526,0.003052,0.009222322994820707,0.005238355425036148,-0.007867405756108403,0.07337935834314085
1527,0.003054,0.03915031466539274,-0.02163186344396378,-0.008208451641138726,-0.006427336301127311
1528,0.003056,0.004376159348477984,-0.021036779778943058,0.013164495700850898,0.04356264396117943
1529,0.003058,-0.039408843270124894,-0.03384440211276201,-0.014494756658919208,-0.013103866803234889
1530,0.00306,0.05995397624237792,0.03005127660044516,0.02832967056354792,-0.007930970805402015
1531,0.003062,-0.008589402203604423,-0.04355116241296196,0.02345220684143452,0.014731638144263563
1532,0.003064,0.038579920940348504,-0.006324891400685018,-0.004253374386011906,0.0051013658568190715
1533,0.003066,0.026756927265212862,-0.044106468662924364,0.02208168401215124,-0.0006148668651849159
1534,0.003068,-0.03175911803861089,-0.06253817257962199,-0.004094211356350601,0.0434313894982221
1535,0.00307,0.05024054000224185,0.010661286320102891,0.05886016991526743,-0.0012882324887023464
1536,0.003072,0.028599106549283434,-0.013536926667192818,-0.015437965178524459,-0.02032527350641909
1537,0.003074,-0.06181586841372937,0.038612767798407346,-0.019248973174140486,-0.02404316339265589
1538,0.003076,-0.03539915044838026,-0.00613078309608849,0.05290476931679228,0.06281336552468153
1539,0.003078,-0.049826006274062494,-0.01063343987928847,-0.031030733102810956,0.02965013223634559
1540,0.00308,0.008597806418817801,-0.01909707982139505,0.00217719241773057,-0.014322558642231255
1541,0.003082,0.048427382831246896,0.01640878545048115,0.02009470262749314,-0.08000752434098692
1542,0.003084,-0.002003660364864325,0.062496328771771026,0.03978387210110053,-0.055412687577609095
1543,0.003086,-0.009402774980507822,-0.03604558397756164,0.05133304681088611,0.007328348468277255
1544,0.003088,-0.023033866791943077,0.0010247383062236702,-0.07822096587205452,-0.0325488391036973
1545,0.00309,0.0010933117747892872,0.02537026105359967,-0.05823942361792022,-0.01143465923107288
1546,0.003092,0.030290572155564653,-0.04354359973119816,0.006875485043525193,0.0019792350931801036
1547,0.003094,0.051431409610698066,-0.006904085793349129,-0.005148017951252108,0.025648792594940656
1548,0.003096,-0.03979046004148034,-0.006626496196525759,-0.013671750325215316,-0.004167354381153007
1549,0.003098,0.02545219346888514,0.01662484455246519,-0.022460469255860285,0.004100976099816373
1550,0.0031,0.044713248423015724,-0.024940970963919156,0.004355003411910378,-0.005794820308158857
1551,0.003102,-0.0018901504751033084,-0.04891972866748202,0.04232288562936613,-0.023230557026645497
1552,0.003104,0.030899826571481336,-0.018641298241425335,-0.018765139556872805,0.03647606474077675
1553,0.003106,0.03096547960694211,0.006259976968919486,0.022834516494189595,-0.00785232435586893
1554,0.003108,0.003189305249432738,-0.019848731773914573,0.02712194847900779,-0.018394166078320964
1555,0.00311,0.05055387393919618,-0.00947502504959473,0.0006152569204900301,0.026961269133372448
1556,0.003112,0.007404859807912301,-0.008937249428559306,-0.000900703434254144,0.031496799627284904
1557,0.003114,-0.01670783857207582,-0.0037871102181979434,0.0003086018201242607,0.02816196553024743
1558,0.003116,-0.008709304073321688,0.05424897283481166,-0.004696157331452853,-0.01113026915218341
1559,0.003118,-0.023984411986884068,-0.039499242859740304,-0.031101805402760547,-0.029117420529019278
1560,0.00312,0.0016555282585847472,-0.0009937817808603037,-0.014539325688471195,0.01410248532335446
1561,0.003122,0.005871410392131092,0.03766147382723281,-0.025592699917054727,-0.043322191122055376
1562,0.003124,0.016660839243273558,0.007234190760000661,-0.008028811946882358,-0.004875431166392486
1563,0.003126,0.010064912218097681,-0.017143487127847933,0.006583198758597944,0.013688960214659774
1564,0.003128,-0.023578623141487343,0.0003703637227841945,-0.03343168959152146,-0.021646421041688554
1565,0.00313,0.033235358166313206,0.01431358613638411,-0.009660678859144038,0.01563730859445344
1566,0.003132,0.08726686664110905,-0.034408881847992887,0.012864096535017303,0.0939457636777015
1567,0.003134,0.10293007621797425,-0.006079469799006249,0.011203210596467082,0.012860255648383875
1568,0.003136,0.1143409805382223,0.0930565741123459,-0.0036802866334416113,0.06519176877671046
1569,0.003138,0.0822773053557795,0.04935998004593886,0.02924903533302405,-0.02268983961055422
1570,0.00314,0.011797951337365872,0.07715790435725024,0.018673231402783954,-0.03821086705291406
1571,0.003142,-0.07477584391416424,-0.03842061754023201,0.036984110678065785,-0.08693799049354362
1572,0.003144,-0.15159681836360475,-0.02573340005975543,-0.01639344172643973,-0.06309236980724095
1573,0.003146,-0.19150627824377117,-0.016776074211771602,-0.03435683912660168,-0.19237803982539053
1574,0.003148,-0.22571023402624418,0.0033587772433313376,0.029407013061679907,-0.14853081528706052
1575,0.00315,-0.0809328705096524,-0.021525012666846803,-0.007140351686396379,-0.12202172658197352
1576,0.003152,0.00729087969240164,0.06292531842133703,-0.052854508828085935,-0.02608724270028477
1577,0.003154,0.1439645024555934,-0.04340836564276804,0.01700051720913259,0.11085894093709175
1578,0.003156,0.22705677073587427,0.01650789212820398,0.05282707158382822,0.21574973103665282
1579,0.003158,0.2973143949761783,-0.015971335478976993,-0.027599403332210892,0.2387303124699103
1580,0.00316,0.26161307777544646,-0.007577221139736071,0.0030806931286339783,0.1968463657748602
1581,0.003162,0.23366693488915574,0.07693539954878274,-0.0036479577103962725,0.14462846003418572
1582,0.003164,0.10827258910243079,0.0071875093243656575,0.04318007313634129,0.059409472654274195
1583,0.003166,-0.11523928742381931,-0.05351174664283666,-0.0485920408143522,-0.1305215745420949
1584,0.003168,-0.27420094846470905,-0.040867484396023786,0.037667320977581485,-0.1989993894715867
1585,0.00317,-0.4141053099101711,-0.025315652256130142,0.018667762448106185,-0.3088807262222571
1586,0.003172,-0.4625214272762024,0.035650497618160464,0.010638634823250677,-0.3101199438553223
1587,0.003174,-0.3284372877613138,0.0002679561933209584,0.011490394513550509,-0.2678816311835913
1588,0.003176,-0.10096116673547387,-0.01738859903028675,0.046680489808499315,-0.11981725298108906
1589,0.003178,0.10507683476906077,0.02202670497078409,0.03440555265450137,0.03138603369466399
1590,0.00318,0.3569771314479044,0.05539319552734321,-0.0077607893772557125,0.22833683060094065
1591,0.003182,0.4883707176014385,-0.010393087565552997,0.05134268396797471,0.32272484602918405
1592,0.003184,0.5383220407779533,0.04832702809243131,0.01873645277665087,0.46022103127470926
1593,0.003186,0.4733683340251358,0.003788434117127081,-0.019820308313154133,0.3451160802713688
1594,0.003188,0.22218559034659402,0.020548636699650243,0.009704222504770143,0.19105930401160862
1595,0.00319,-0.03354361852648211,-0.026842619621042986,0.02183138736098283,-0.050415581723046714
1596,0.003192,-0.31776845258227904,0.06223354184428372,0.04456564465932895,-0.27834156924074904
1597,0.003194,-0.5945139544170269,0.012643522216660132,-0.0021084576604305056,-0.446870440373182
1598,0.003196,-0.6784209016240772,-0.0003005068534889804,0.05742976225811345,-0.49058312719632075
1599,0.003198,-0.5960508437164678,-0.038012652093899264,-0.030840278936895248,-0.42011380289910116
1600,0.0032,-0.37491108784740507,-0.028721781782231767,0.0007223221945173515,-0.32664348309181074
1601,0.003202,-0.07332729453354432,0.025107683568723775,-0.013048754974084344,-0.054994530999380044
1602,0.003204,0.27205181622446895,-0.01945075240874777,0.05274332748643015,0.2163497214728593
1603,0.003206,0.5895484675921354,-0.009443158497539749,-0.04792282863499686,0.40330759964995094
1604,0.003208,0.8306353573580953,-0.0042744727315981515,0.05672190528303618,0.5500171804758095
1605,0.00321,0.7655834586113329,0.0192268247562637,-0.08017762746658204,0.5428121533575616
1606,0.003212,0.5465671262967551,0.04458116680545442,0.028940381824908518,0.34961495409060445
1607,0.003214,0.21940769847057998,-0.007869435767429855,-0.027133596788881352,0.13341357546436283
1608,0.003216,-0.2491879825401363,0.04615395942085571,0.010218660854736298,-0.16400366368257505
1609,0.003218,-0.5943919080241782,0.03278614854278136,0.023508152828918976,-0.3924040201724403
1610,0.00322,-0.83669090472392,0.005029543941801054,0.03717516186264088,-0.6011928481803978
1611,0.003222,-0.8789054235887711,0.051647307518907434,0.048657723838656936,-0.6161772475630773
1612,0.003224,-0.6975304436543919,0.043895205006254955,0.024012550737456423,-0.46927928980873534
1613,0.003226,-0.3204370025528309,0.009950897361437817,-0.0006512537966310782,-0.23747672026018266
1614,0.003228,0.15330330552198757,0.007962721369188224,-0.01126185200760693,0.13171719562334488
1615,0.00323,0.6209616627233023,0.02909693080966238,-0.008287451556419842,0.4302823287934319
1616,0.003232,0.8802035172968229,-0.037072379356978546,0.02018188135493237,0.6188892219898235
1617,0.003234,1.0367136125840286,0.0437181258983568,0.02133450470803572,0.67871013580401
1618,0.003236,0.8061949842093482,-0.030110682108993227,-0.05216961681599732,0.5347215483178783
1619,0.003238,0.4395754836598561,-0.06316617834626952,-0.016329653768182472,0.3012765049497455
1620,0.00324,-0.04049696546786005,-0.01985170794564434,-0.010245414431442012,0.027892896639408433
1621,0.003242,-0.48592767689988897,-0.01680902330694449,-0.0020504336508588997,-0.3549038248107929
1622,0.003244,-0.8788101230815615,-0.023073906532315638,0.030315720609801387,-0.6116335533740542
1623,0.003246,-1.0280122850259996,-0.0012942103220832807,0.0035402925938737076,-0.7558011021163665
1624,0.003248,-0.8889156673906555,0.02603939803044781,0.01353688156565499,-0.5544914402034488
1625,0.00325,-0.5215566530307665,0.04346802074252561,0.0840025780774298,-0.36861826839685435
1626,0.003252,-0.0860266570053089,0.029212208802939958,-0.016777093001849812,-0.06041254468545387
1627,0.003254,0.38053498043310635,0.01193953672688645,-0.019557272640594606,0.2593689118119675
1628,0.003256,0.8033687288687439,-0.004131343223417016,-0.05782563407150241,0.5100084634135424
1629,0.003258,0.9503258469761514,-0.02648915718341923,0.012432699884359145,0.6958888546161458
1630,0.00326,0.9657505147178737,0.022584054688253134,0.032157088685479736,0.671906379240602
1631,0.003262,0.658508094444961,0.03298055226862966,0.027582383752202986,0.4678352616471711
1632,0.003264,0.24997169529930152,-0.0703736472751019,-0.008713895224213496,0.13911396345189614
1633,0.003266,-0.24177007790370442,0.04714184990852308,-0.043505381106307875,-0.15111037973522778
1634,0.003268,-0.7256571980323528,-0.03423645736682468,-0.007028571069820941,-0.4929058838800729
1635,0.00327,-0.9755152351468236,0.019496339204777006,0.02038207274179806,-0.6185126538438119
1636,0.003272,-0.947553027337978,-0.0011874814491734601,-0.0009128149470792805,-0.6035446939671955
1637,0.003274,-0.7952658244088971,-0.0287083304696731,0.00016622528375392968,-0.5297340436983955
1638,0.003276,-0.3233190630095541,-0.003782266091097281,-0.019730583263774065,-0.2189645488209142
1639,0.003278,0.16721069829995344,-0.007087993350930059,-0.01359584201906207,0.09888340647743717
1640,0.00328,0.5650825131803136,-0.05220958696003265,0.01384661753883836,0.382183885622373
1641,0.003282,0.8711473989800486,0.01773160426927424,0.035101992126589654,0.5529808289035546
1642,0.003284,0.8788077323889317,-0.037273754623722274,-0.021155736267879782,0.6605276948724458
1643,0.003286,0.7716648209734072,-0.034443998844133794,-0.013748330049518507,0.5066422023842941
1644,0.003288,0.4087342704867936,-0.052794307906094774,-0.04809000244585315,0.2885050551789222
1645,0.00329,-0.08797813100978501,-0.013403922184166106,0.0048627542567652214,-0.008184902661579578
1646,0.003292,-0.43281568631465717,-0.010972701571425918,0.02533712579149438,-0.2914387226228668
1647,0.003294,-0.7279539209881476,0.00113168690046715,0.011495070679685783,-0.44443327838718116
1648,0.003296,-0.7814023096354177,0.03643670567861831,-0.0183182218889889,-0.5792199009665656
1649,0.003298,-0.7084378775647143,-0.00430717939914492,-0.03024074873408671,-0.4529855256495227
1650,0.0033,-0.40488248186736303,-0.009170335839045215,0.019251319470415605,-0.2952811468099736
1651,0.003302,-0.04689325991460293,-0.040329213705768904,-0.004369832195923045,-0.04968282537695477
1652,0.003304,0.31277263313662346,-0.018853128035464,-0.07499792172247188,0.17339336757330415
1653,0.003306,0.5655721257016447,0.0019165267650999476,0.05051244367874953,0.4146648889108233
1654,0.003308,0.691456672810732,-0.0009717383034431302,0.03312550146509079,0.4646042215389279
1655,0.00331,0.6328164590165521,-0.032677743604149045,0.04256718146085912,0.4576924489641875
1656,0.003312,0.412408616525797,-0.003433650309549238,0.015289522896188406,0.2960224534024725
1657,0.003314,0.12117051424313166,-0.01962821057952994,0.010168856977233444,0.08530161464983621
1658,0.003316,-0.18789064794356017,-0.04008185265166217,0.0023292172958150888,-0.1274312442942317
1659,0.003318,-0.4334356177959293,0.0059631203246615526,0.022440067882076937,-0.2756033529774552
1660,0.00332,-0.537820526598133,-0.007220108359071638,-0.017009950078237256,-0.4193991363772612
1661,0.003322,-0.5600478791053315,0.000589502854097087,-0.02358858364957448,-0.37669551454610906
1662,0.003324,-0.4292731468300729,-0.04982975667021066,0.02458218362594385,-0.2944490504058772
1663,0.003326,-0.19776139668795908,-0.03281541423892315,0.012691079241912012,-0.07960803961983064
1664,0.003328,0.06664007407485721,-0.006466901239877452,0.032148955196672165,0.0007992318027797152
1665,0.00333,0.3497319539482756,0.07332300906979108,-0.08119012588260248,0.2005830293951242
1666,0.003332,0.39337904864512546,-0.007943153127142015,-0.012551552088477701,0.3148159946752294
1667,0.003334,0.4252928264296491,-0.027327216425998696,-0.005165554838853727,0.3155124736559545
1668,0.003336,0.3028834274831297,-0.04938701066909941,0.0597822840250596,0.2176037467300086
1669,0.003338,0.1716061157126412,-0.01193386217476718,0.01644263112246426,0.1761923914168901
1670,0.00334,0.004619716305567975,-0.04555095442619973,-0.04152370281025589,-0.020913752522224882
1671,0.003342,-0.1867165421373415,-0.05165853808639802,0.024580227605233217,-0.15765829904238482
1672,0.003344,-0.23915669026344838,0.05461897791617162,-0.00744760597896532,-0.18559983677650918
1673,0.003346,-0.34658004936899234,0.018710289794373433,-0.0149457727030311,-0.24935220254217705
1674,0.003348,-0.26713739717224366,-0.013972440252160889,-0.00975478209011263,-0.15242974618276714
1675,0.00335,-0.17556842604476294,0.05205068999321628,-0.03975178898476061,-0.0579435305906258
1676,0.003352,-0.053524690599958555,-3.0396976098469906e-05,-0.014705883404340593,-0.026432420506066055
1677,0.003354,0.11817951610964134,0.04499480391686432,0.03571574114866926,0.05375146934302698
1678,0.003356,0.1780234276586458,-0.023462336210050862,-0.029746509377240844,0.08635801251869635
1679,0.003358,0.18523181140476327,0.00748816893044826,-0.05735445479254514,0.13746069635257802
1680,0.00336,0.2186092513973409,0.03365733207222375,-0.017555522295799975,0.07928376108411503
1681,0.003362,0.124664830599831,-0.069522847506225,0.03330462347648032,0.07120132124762311
1682,0.003364,0.0878127369711238,-0.051808964567293975,0.027544386756235,0.01999634404323529
1683,0.003366,-0.04889112115934195,-0.041095303956364335,0.017872437201351492,-0.00698760210731994
1684,0.003368,-0.0344021362210735,0.030241507885817767,-0.017816859868672052,-0.09168505670456056
1685,0.00337,-0.14728544985659475,0.044196730369184103,-0.023345228528335978,-0.029954598726507006
1686,0.003372,-0.07955829073431384,0.009897086447818814,-0.009206049376808948,-0.046897128982055544
1687,0.003374,-0.06452995034597146,-0.011076398744064313,0.020880143599446004,-0.04916524249924109
1688,0.003376,-0.04889273420902916,0.017994803263819536,-0.0019195696688569573,-0.002792583240070916
1689,0.003378,-0.0034516202105049475,-0.03627363914042868,0.05205221887542826,0.05351326520099167
1690,0.00338,0.05965082195426426,-0.011634320561228196,-0.009009539194832175,0.06466591455837774
1691,0.003382,0.03054199997702505,-0.018976681090418925,0.056167040269093596,0.02737950032441704
1692,0.003384,0.08940111640563785,-0.041951757320700056,0.015545546483535054,0.08757632756165418
1693,0.003386,0.024885766258136963,-0.007920134768033885,-0.03503255752795259,0.04926556237591719
1694,0.003388,-0.012975640098873857,-0.0028442567816996563,-0.03703506839377834,0.053796579669165706
1695,0.00339,0.03406974045033967,-0.0009475424763939277,-0.03462446806760784,0.04567343826727739
1696,0.003392,-0.01698079256193771,-0.033156145224525556,-0.052863540374176315,-0.023580942482179554
1697,0.003394,-0.05023523334049482,-0.018684625095684738,0.022332262010931456,-0.015879267684474636
1698,0.003396,0.006240182003736065,-0.021700039785966956,0.0019550719909269404,0.054525591040807946
1699,0.003398,-0.012309598485569196,0.011532883128589763,-0.04696581682405315,0.044304672371172506
1700,0.0034,-0.014658470899594638,0.031516009497195026,-0.003695408872767158,0.018107790528750115
1701,0.003402,0.020129064372516686,-0.01357321018538151,0.03275719307285556,-0.02277046183046232
1702,0.003404,0.023338026600826286,-0.011706158824995929,0.010486738458961802,-0.013859790070627829
1703,0.003406,0.0014992792411978673,-0.03224081105075301,0.007426709540663824,0.0013256350487875798
1704,0.003408,-0.016204606622174177,-0.001650838991708885,0.004020134285037297,-0.018490711597953367
1705,0.00341,-0.003862757271890075,-0.030166558226847627,0.07037199116883022,0.03177355980624555
1706,0.003412,0.008192823168946534,0.03516338782430085,-0.05937757430051333,-0.07673039213502018
1707,0.003414,-0.011978731852497185,-0.041356924308063266,-0.007098165733449877,0.006169699217846964
1708,0.003416,0.027612434950218336,-0.0341479195282564,0.01198892058480215,0.0004316907945669756
1709,0.003418,0.01042527929799254,-0.015593158522607994,0.0414940541958636,-0.0031052594528917865
1710,0.00342,0.05322546670511306,-0.023711659610466708,0.022284820198666604,-0.0017900544168158578
1711,0.003422,-0.009832272500002912,0.018969460214026398,-0.008975204375687686,-0.07985896011471984
1712,0.003424,-0.09188604369522922,0.038172664808521474,0.03690775373639087,0.0566202283876784
1713,0.003426,-0.0005258474484653227,-0.038779044059936735,-0.012587515279530044,0.00034273546083938406
1714,0.003428,-0.030211146728553278,0.049457241689216,0.0671850863893121,0.014348421021905328
1715,0.00343,-0.00032591240094587706,-0.038849009354232966,0.04639301688468154,0.0022892043254713946
1716,0.003432,-0.008674931952318367,0.014435222660236129,-0.017571345869675566,0.0044062551936545555
1717,0.003434,-0.043274005525369794,0.03261261567757302,-0.003132331234070196,0.034764025819020355
1718,0.003436,-0.006034085335248582,-0.004085991263519351,-0.036369522848758724,0.022792709190544293
1719,0.003438,-0.026275198620692747,-0.014592671195976858,3.141558247610427e-05,0.003636725510680696
1720,0.00344,-0.05118290820653277,-0.006924175964640495,0.0238569065593114,-0.011350141035717076
1721,0.003442,-0.006741952626399647,0.004872181525281797,-0.003778812976409971,-0.030915465071628134
1722,0.003444,-0.001090383710007136,0.029822195100176883,-0.031535278418012715,-0.01123445668457454
1723,0.003446,-0.041448939718052316,0.028241458514710348,-0.002770746205136366,-0.025505989008175897
1724,0.003448,0.002767968004295321,-0.03610800644686358,-0.03100486594381219,-0.043804005895553416
1725,0.00345,-0.032003377126721994,0.04072012751999419,-0.021993549938477876,0.013986753679544365
1726,0.003452,-0.025089042598677648,0.022786012372896576,-0.030782460027939468,0.0011768378328526937
1727,0.003454,0.0015855392960684642,0.06983416009279775,0.01891275863940495,-0.017787120429878202
1728,0.003456,0.020551468909515418,0.06414523411455623,-0.048889082714528846,-0.025274461277061802
1729,0.003458,-0.007106926773398812,-0.012512646814258531,-0.00998270094989624,-0.03912696796779729
1730,0.00346,0.04211868160650036,-0.042678257954298575,-0.006006384288674972,0.03137491775282093
1731,0.003462,-0.0009055457143755786,-0.02938182500708307,-0.04046026969121873,-0.0068999758808334635
1732,0.003464,-0.022710886975513992,0.0061569327510893395,-0.042043534431725385,0.024391072106628654
1733,0.003466,0.003466485694933939,0.00569509183057431,0.043232303347200504,-0.013133864951155977
1734,0.003468,-0.021774500841996718,-0.016432908850406196,-0.005775797085697738,-0.0027289468437398583
1735,0.00347,-0.024920932098053194,-0.060692557590991764,-0.016827870026371147,0.010794769988606694
1736,0.003472,0.0040877491876047676,0.03598663409477481,0.05866459631891365,0.022780013143754045
1737,0.003474,0.04147561927224678,0.023003314127605947,0.05129697767782151,0.05552560902873802
1738,0.003476,0.028534955123367803,0.02140197549117613,-0.006156965158121023,-0.0012401184289172946
1739,0.003478,-0.010135119940507862,0.019947821517256246,-0.021610441120780453,-0.005733186293397298
1740,0.00348,-0.070655096555349,0.055012939586715236,-0.006614237477589552,0.013667413120097305
1741,0.003482,0.04373360084134207,0.014175782726645865,0.04333031106280294,-0.03725213436454101
1742,0.003484,0.07192129768793107,0.037621181571916074,0.006276074774599229,0.04275237997876336
1743,0.003486,-0.03505904657968116,-0.007548228373389766,0.04332751189207138,-0.05601180542684894
1744,0.003488,0.016813733248764146,0.008904520701068702,0.05907677450466488,-0.04748866259166709
1745,0.00349,0.048288931710948994,-0.03481946091036929,-0.013410283797355644,-0.03666013160879379
1746,0.003492,-0.032635561124007756,-0.016153296937190146,-0.033369957443440665,0.022208530009587463
1747,0.003494,-0.019888981409092604,-0.06933684811778087,-0.015834274390796835,0.010101215752689173
1748,0.003496,-0.008320597857930582,-0.026692257245252645,0.020886223855082518,0.032472643548508456
1749,0.003498,-0.009302859257682929,-0.04186438150168998,0.002282834367675486,0.014119487583122153
1750,0.0035,-0.043821759179158516,-0.009934730293514688,-0.021575606878888227,-0.006234665661611296
1751,0.003502,-0.022831017108803572,0.06936735993912745,-0.04815399604375252,-0.047391560915832735
1752,0.003504,-0.010016664345343871,0.06900549740769378,-0.04363931618574311,-0.018202465279426944
1753,0.003506,-0.012031314522572677,0.07328291080958828,0.004556444498678743,-0.019847366532706856
1754,0.003508,0.044335089000248205,0.08767996729069297,-0.024213405619239656,0.002835344801027189
1755,0.00351,0.0037204595581681503,0.07264142559163354,-0.01801147286749053,0.0230201609316172
1756,0.003512,0.001255634273474328,0.02484436562106222,0.03872674357918224,0.0059093791377780105
1757,0.003514,-0.007868478630481816,-0.0673642958954273,-0.005413500813814981,0.05040921317935005
1758,0.003516,0.0023541023453103596,-0.14666577689358706,-0.013788452582217768,-0.03639106755596122
1759,0.003518,0.016696773842799686,-0.18297754116236054,0.03294444756563241,-0.03878805162004719
1760,0.00352,0.0038172434691975095,-0.10762298834046923,-0.06456741193870909,0.06054796631376558
1761,0.003522,-0.012758555915943283,-0.0792214307318458,0.017143476765490315,0.021783871683466606
1762,0.003524,0.008216518147790465,0.03785786167242077,0.015572121387654379,0.05282643420096911
1763,0.003526,0.015669826285637917,0.17030707168108625,0.027032365207129677,-0.05417250377304788
1764,0.003528,0.07833308035163523,0.1824371729751037,0.04486632045605205,0.0008038032935831521
1765,0.00353,0.031832707728077385,0.22548580126477777,0.01877233629268764,-0.007595716361832163
1766,0.003532,0.04737009334769666,0.24546553354410236,0.028078279239046985,-0.0649223061441921
1767,0.003534,-0.0025671803936587576,0.1665223943859969,0.006708447193191216,0.028834716411535517
1768,0.003536,-0.010977127354123635,0.026748260350580956,0.03543680293244975,-0.06836067010336071
1769,0.003538,0.017680515049150237,-0.13539501774741622,-0.027369543736608642,0.010096326728279401
1770,0.00354,0.03682353890425966,-0.22828692849126736,-0.004053390927198859,0.026272228912828457
1771,0.003542,0.026042036953375324,-0.34168925462057775,-0.020792416559646237,-0.019057020933669896
1772,0.003544,0.02513560046604411,-0.33851704150382433,-0.03138546659191765,-0.050545885065273743
1773,0.003546,0.024954943562891383,-0.26290688735046747,0.00991163266967945,0.0371912072120737
1774,0.003548,-0.039267734305604554,-0.0839808793380575,-0.00512082438656609,0.011392286268838817
1775,0.00355,0.03717479995261304,0.07758063283226124,0.01709393846117301,0.03094571324981104
1776,0.003552,-0.005591311918703481,0.29982526788747577,0.012553481069547668,0.010344512336693645
1777,0.003554,0.017470578221013677,0.4433447956692515,-0.029459169168469534,0.029707994931148302
1778,0.003556,0.03500349486570715,0.4534229921523199,-0.04482465919649001,-0.003442371180002717
1779,0.003558,0.0058321763082170505,0.3203510050837252,-0.010804141907310404,-0.04228108162675625
1780,0.00356,0.01821876674959332,0.16811099023710632,-0.04937349494442733,0.010543945847459418
1781,0.003562,-0.0016952684217087371,-0.06815036175803017,-0.011745973012662832,-0.024044382022290724
1782,0.003564,-0.023125338793734206,-0.34116227003787847,0.0005647528974314113,0.004438753962743762
1783,0.003566,-0.005721596334243085,-0.510606448366995,-0.010542098040164453,0.07523174356520798
1784,0.003568,-0.023121754544946263,-0.57004944004903,0.09881562325104444,0.012630399073816575
1785,0.00357,-0.04139941997711087,-0.44479537230328814,-0.027301166676034428,0.027271845234152912
1786,0.003572,-0.006328868381120443,-0.27523601023453576,0.04827494906482748,0.016992040579777344
1787,0.003574,0.02918968312347622,0.03676648555287318,-0.013333335713792955,0.01834063260774624
1788,0.003576,0.03627646178053382,0.3215814333290797,0.05404927813039518,0.025514616096057256
1789,0.003578,0.0063594764931483565,0.5518267625272145,0.0041171138690287426,-0.037537163567849745
1790,0.00358,-0.002702165874258153,0.6493463410368155,-0.012482553637995861,0.010130310561140846
1791,0.003582,0.000639224710653333,0.6052783169049591,0.019893371431971934,0.0050145986275452374
1792,0.003584,-0.04101638673905995,0.4250822283587671,-0.004256729957134297,-0.0024265936108539524
1793,0.003586,-0.010275625460981631,0.04395812792673674,0.04632174144001572,0.04158132961158239
1794,0.003588,0.013331802107330124,-0.28335221149508605,0.018573539550412594,0.002213909453081182
1795,0.00359,-0.005706687549692966,-0.5493082635378671,-0.013234732408363346,0.007567927920102974
1796,0.003592,0.006126627768649065,-0.6882873743976078,-0.018574108724268262,0.02130409058629622
1797,0.003594,-0.027189344788515153,-0.6967330588395713,-0.015867751774372323,-0.03216155317121035
1798,0.003596,0.030469868501569883,-0.5099571019580377,-0.020967490122200155,0.03766223131459926
1799,0.003598,-0.017117481055609514,-0.16184499355157403,-0.030360870027496073,0.02498853622868054
1800,0.0036,0.025402087325731952,0.23753435227577333,0.01612589484581831,0.0022076733305843
1801,0.003602,-0.015731300008139534,0.516454136769114,0.03869716580285011,0.022944128151797697
1802,0.003604,-0.020799126816012727,0.7384297255996398,-0.009003452789550398,-0.033846321171172505
1803,0.003606,0.005329541298639072,0.7399454322896177,-0.028576099988870566,-0.04437397662425285
1804,0.003608,-0.04691410500617013,0.5684174490719943,-0.002552849112747469,-0.026259024304869483
1805,0.00361,0.01952218282971683,0.25742696562119977,0.0173065593179595,-0.005487323705631234
1806,0.003612,-0.023613529056213174,-0.12606909244554182,-0.03788023536054967,0.016183155619099436
1807,0.003614,-0.02811447619539401,-0.46260716547353187,-0.01015367238725744,0.03187600548929751
1808,0.003616,-0.03367869565764946,-0.7521123627474194,0.011428048405457117,0.03511491280280265
1809,0.003618,0.04999826724944766,-0.7916009080428943,0.055132368923602675,-0.008689936494762917
1810,0.00362,0.032963028670889176,-0.6852231204402032,0.012606015205897625,-0.07025079122569336
1811,0.003622,-0.033647730349593716,-0.3433085012438438,-0.0393731655660157,0.01280848832367554
1812,0.003624,0.0271937436243709,0.016525621590268658,-0.02906858867022594,-0.014225598475642164
1813,0.003626,-0.028974369575525565,0.409516736235812,0.003062718746642453,-0.009180303692904263
1814,0.003628,0.05023077720560465,0.6689574993343196,0.04174299537765937,-0.03123717708936341
1815,0.00363,0.0021833270982464684,0.8319545607716459,0.033940714567599534,-0.012607736931007052
1816,0.003632,0.01665209160214035,0.7173264954141793,-0.016198175357782195,0.018478498114442226
1817,0.003634,0.05587476516157117,0.45346829729729077,0.016990691372120125,0.020164649346021222
1818,0.003636,-0.04382929822065421,0.08156861900428175,-0.030502787245155823,-0.017696608220933992
1819,0.003638,0.06485825343565509,-0.32415608017316494,-0.022205223128826817,0.03457747736704176
1820,0.00364,-0.028430310085271304,-0.6314383084361695,0.037471565039585,0.001283026959238781
1821,0.003642,-0.04684791135379588,-0.7465539559902425,-0.011893976461395263,0.04619554459590735
1822,0.003644,-0.018185608429024006,-0.6860158991275219,0.053270940970971424,-0.02552829671434712
1823,0.003646,-0.005796390622745784,-0.4848237885504526,-0.025720372576625232,0.008108848401234917
1824,0.003648,-0.006747608625179769,-0.1650376583317191,0.001468151781243348,0.0021379414673569266
1825,0.00365,0.0049164230722812076,0.19462230401296218,-0.0166551517304926,-0.0035576276647449135
1826,0.003652,-0.0013427292370738555,0.5088997345774202,0.009718189262580548,-0.0544428524602559
1827,0.003654,-0.02191398776726855,0.6873340320972582,-0.025683455610918147,0.048875940444266734
1828,0.003656,0.0005658554017485513,0.6995243533173773,-0.014496921238963822,-0.00047336761118882853
1829,0.003658,-0.03645760392908202,0.5176817583868946,-0.028110252857872674,-0.008322107542684875
1830,0.00366,-0.07679749698907491,0.19488174727268875,0.04391779213543,0.024911932473226272
1831,0.003662,0.039571180077456934,-0.06997065046027713,0.020189622724934318,-0.01358606056137405
1832,0.003664,-0.03111752838796868,-0.3784340904785168,0.0019370392316217153,0.07482068449145719
1833,0.003666,-0.010952939280322625,-0.5430544419317405,-0.004703753720872657,0.040081457917761014
1834,0.003668,0.05090075211697364,-0.6681289292499593,-0.014549942348726056,-0.030989376770955923
1835,0.00367,-0.03689833464774671,-0.49588109979728917,-0.005898851107470646,0.0015709896957040864
1836,0.003672,0.0166871740491984,-0.3297092380808937,0.03860298011871164,-0.010472824900197526
1837,0.003674,0.01597203918713572,0.04225037374715889,0.041123896822915215,-0.003145721633491006
1838,0.003676,-0.06370912377128791,0.303109536393767,0.006021205744848034,-0.031027825774203516
1839,0.003678,0.00442471963298816,0.48135183784409435,-0.040282618478475314,0.020144546850278517
1840,0.00368,-0.016911754526933883,0.5414500962258811,-0.013877365418612536,0.0370643579239244
1841,0.003682,-0.001227484853201769,0.47992560860243394,-0.01321908463159191,0.013886004667647158
1842,0.003684,0.04047954145352015,0.30955513215301406,0.020606008840045684,0.018186906176530366
1843,0.003686,-0.041407279299334895,0.017303884647241665,-0.006149621807973788,-0.021775921274796765
1844,0.003688,-0.031936110742679935,-0.2544057952361398,-0.040395876394024234,-0.0076957667202780106
1845,0.00369,-0.0020827910045665347,-0.4003814425745253,0.0023677563804967794,-0.013015009227251288
1846,0.003692,0.032717207621215445,-0.4569132681956956,0.020889926442051458,0.006096412868840776
1847,0.003694,-0.042062131177321646,-0.41596562046131375,-0.037068722979860504,-0.0032436251465076367
1848,0.003696,-0.022353924516920674,-0.2662386818829145,-0.04027063012398604,0.00044105475838311604
1849,0.003698,0.017172467476895818,-0.058368727216433686,-0.022925032736526685,0.0005325291662152534
1850,0.0037,0.0055244091873472055,0.15832021410755767,-0.04443990182250411,-0.027333076352131468
1851,0.003702,0.0841338747820824,0.25807975676910905,-0.05672981429709824,-0.01747650430044498
1852,0.003704,-0.08306619664393086,0.3507281899116886,0.024293542808346558,-0.027349871285062596
1853,0.003706,-0.014121717667545204,0.3591722315103024,-0.05250646394538211,-0.039647136365986366
1854,0.003708,-0.006843455451469191,0.2185510402270764,-0.008816006924207634,-0.03791250958219566
1855,0.00371,0.006429404577645231,0.09731230153726952,0.01647571482699098,0.006011985014408774
1856,0.003712,0.006200702174880705,-0.09125134881807387,0.014777746549346165,-0.009925992054133262
1857,0.003714,-0.004997949229488534,-0.13893380699462532,-0.021583066695506855,0.040535529853770014
1858,0.003716,0.043334258981192794,-0.21624742047533813,-0.029418624323022655,-0.06558879736880795
1859,0.003718,0.03236504742779823,-0.2391658048551333,-0.02235592412464387,0.03520687031266808
1860,0.00372,-0.02584676642633428,-0.20067147573276847,0.015746710929509824,-0.03340808494844632
1861,0.003722,-0.0032844272882120214,-0.06272567499887671,0.0063333223086338986,0.03742279010471042
1862,0.003724,0.03400807074017994,0.00807856759687344,-0.07010224129072165,-0.0331731688564592
1863,0.003726,0.022900023371534683,0.048716879442668,-0.009800777657608499,0.010154418410670971
1864,0.003728,0.0440871208728453,0.13031712962500644,-0.01930463127249388,-0.0015733729948650148
1865,0.00373,0.010527389094303072,0.15244348996027987,0.031478050466574314,-0.023974314990854156
1866,0.003732,0.003604828001371306,0.14114692364305034,-0.012006984297175699,0.025191298096799
1867,0.003734,0.004468756237270485,0.0966299781589258,0.005823123241464959,0.01129213714461684
1868,0.003736,-0.018971752705480658,-0.008661531966710512,0.0367318943978633,0.01906531333560997
1869,0.003738,-0.03068895498667205,-0.03806588637585057,-0.07121328160606277,-0.017218204910982495
1870,0.00374,0.028830830298597173,-0.08035399920464299,0.003537380089980937,-0.09049143739560633
1871,0.003742,-0.01176760854408455,-0.07460899003057603,0.01395869626195019,0.028870671340030928
1872,0.003744,-0.006307732553202846,-0.07591212736942171,-0.03996352288229587,-0.006135646175195941
1873,0.003746,-0.037847251871933954,-0.09875168349185454,-0.03255538110331735,0.04526054723411914
1874,0.003748,-0.008116836045398297,-0.005426318330215015,-0.015404887535941682,-0.05371653058355692
1875,0.00375,0.02808339374789122,-0.05116130635438405,-0.01664378030374975,-0.0016384464255018332
1876,0.003752,0.006914689302895655,0.007524048857117927,-0.05513884449164923,-0.024032798770063146
1877,0.003754,-0.02246273962858987,0.009579371007628713,0.029101757706228103,-0.036408083344174266
1878,0.003756,0.009029378233144765,0.03164181109060314,0.0288136523241501,-0.003993956152107936
1879,0.003758,0.023733929015926757,0.011083260522734952,0.013031775797544009,-0.04508823261741722
1880,0.00376,-0.07914834228873326,0.01685466861500944,0.012935493781176888,0.014265069994556475
1881,0.003762,-0.015747975442640373,0.0426793687231505,-0.013796334472110658,0.012626370590171085
1882,0.003764,0.017839086750122354,0.04631744423420911,-0.009510888593695007,-0.019595787186874585
1883,0.003766,-0.044944361532459697,0.04161246643208403,0.012642327211456202,0.013591833176829063
1884,0.003768,0.0935011272397176,0.006775598701202753,-0.03906964215300097,-0.005877107249789283
1885,0.00377,-0.029243472265459595,-0.012941167714506896,-0.012077688082638217,-0.017610731732011484
1886,0.003772,-0.04179847516066191,0.04764192893025325,0.008965441333151815,-0.006764161041007148
1887,0.003774,0.022729134885472287,0.014132018245481728,0.008270721982261425,0.020549942183004804
1888,0.003776,0.004018042312759699,0.02010664370974774,0.022593369026333254,0.004881562050984092
1889,0.003778,-0.006611834804883469,0.045911934043617264,-0.014337046193203007,0.011739408012820373
1890,0.00378,0.012417252322171996,-0.018286735567909065,-0.0242346715593448,-0.01061556062609553
1891,0.003782,-0.014766505595268233,-0.04374391684916596,-0.019544852475578266,0.007986689539036867
1892,0.003784,0.03797830752445796,0.016631740055208996,-0.07798603495110715,0.01923911144271983
1893,0.003786,-0.016744553576871532,0.01359240224063289,-0.0004240577763188422,-0.005780628782604833
1894,0.003788,-0.0030670718388642383,-0.0006727292480934011,0.04033214916270731,-0.0005898056125526227
1895,0.00379,0.03256608399543601,0.028197175975369713,0.02001136642750959,-0.05359856460389032
1896,0.003792,0.0334989796848482,-0.01373703882406764,0.02147181843224317,-0.029175984997212405
1897,0.003794,-0.03555222129909767,0.05929166210493597,-0.028709492005143427,0.03438319917155242
1898,0.003796,0.0035526096430956314,-0.012603601750805144,-0.0013448665299061959,-0.03903283489593933
1899,0.003798,-0.0004126313882769164,-0.032482209416878786,-0.011863313829419568,0.02775898691908728
1900,0.0038,0.007625720296729719,-0.04446511496641564,0.02554464380741609,-0.0002129928572742769
1901,0.003802,-0.01626555805228016,0.02240028911726793,-0.005016205109310071,-0.03496984019717138
1902,0.003804,0.05543429134348813,-0.0005186232867296323,-0.0024415561344665144,-0.012153155151917698
1903,0.003806,0.03539897218372768,-0.015746355244261205,-0.046349395764348135,-0.020360329856879356
1904,0.003808,0.03980323801364377,0.024963964843713517,-0.007650469579795834,0.041197654249214226
1905,0.00381,0.022438266864656477,-0.0079976809090382,-0.004977295653032392,0.009879531958363025
1906,0.003812,-0.024956608489914475,0.00013515196528052792,0.00925540093839871,-0.050608987158256194
1907,0.003814,-0.005679609677036936,-0.009091685560970649,0.030842040598809673,-0.05533490981433102
1908,0.003816,-0.011445180591111324,-0.014452639420937606,0.028802128917648016,-0.0013063970809467796
1909,0.003818,0.053882839369571084,0.019866401457191592,-0.01230668982568557,0.007189760896768764
1910,0.00382,-0.010622064281083744,0.0257818827147126,-0.039965931398730364,-0.02471087929714
1911,0.003822,0.013670697556647637,0.03677269346170863,-0.06605905788417596,0.04123413647971247
1912,0.003824,-0.004204053852840185,-0.05651624885811489,-0.09005183525668015,-0.04588158197424839
1913,0.003826,-0.0005911456753620526,-0.0019769411342665383,0.018996013041279295,-0.016484615326828905
1914,0.003828,-0.03324121639338513,-0.01239259162982679,0.0010083086073473188,0.006923183848658321
1915,0.00383,-0.023674940978172174,0.027043401010060787,-0.018641903151721005,-0.026091520869747115
1916,0.003832,-0.016271745284048695,0.032245205271078214,-0.00398389358821978,-0.020835405092093157
1917,0.003834,0.02778323251345631,0.06428245619846239,0.006290479029268431,0.037015273825963
1918,0.003836,0.031082338517243683,-0.01816919254974999,0.0007990254142869753,-0.038476338891119614
1919,0.003838,-0.006148267990849052,-0.018785711073771718,-0.01208657871526905,-0.022496850941410098
1920,0.00384,-0.008612904245867017,0.015966980587947432,-0.00358475731319987,-0.05593119593266157
1921,0.003842,-0.022383616946954583,-0.04558198057674757,0.007321806779453032,0.015099520921625623
1922,0.003844,0.007696446655624951,-0.02362213179898162,0.0074056178739364854,-0.01410342767306625
1923,0.003846,-0.03414676349250757,0.02225789759126791,0.024540832611713154,0.02846686443250518
1924,0.003848,-0.018250458000973684,0.035380869380792365,-0.014807467539842028,0.01960503964615539
1925,0.00385,-0.015327379853000258,-0.0067194649123731255,-0.07263533572167569,-0.00905739643250747
1926,0.003852,0.0027326990035508227,-0.012301488520915163,0.05268564204255418,-0.03487398255975829
1927,0.003854,-0.016907437113117773,-0.027146178299575597,-0.016913309369864134,0.03094239188822115
1928,0.003856,0.044340953829808905,-0.02102377832756825,-0.0216902262816961,-0.03471385945781745
1929,0.003858,0.0391885615955791,0.033630132207489075,-0.0031794539996636037,-0.0418829758892064
1930,0.00386,-0.03919987696368756,0.005118883511537796,0.016480137553394964,-0.061984344150634446
1931,0.003862,-0.009639297316136481,0.04854887668672151,-0.006525276198908564,0.04468914272371872
1932,0.003864,0.01947138386867051,-0.03252838802506073,-0.008780138800555679,-0.003860827156341087
1933,0.003866,-0.028575347042805194,-0.029096040684328237,0.04520305776355682,-0.02932081859078855
1934,0.003868,0.03235308229226041,-0.013094534350950492,-0.000769179896495173,0.016855332547157178
1935,0.00387,-0.01795676018714036,0.017037129404836,-0.06139289098645146,0.013191221652439106
1936,0.003872,-0.07405590373714908,-0.006805401800953725,0.02562728955955474,0.018668859181751277
1937,0.003874,-0.03895231436885823,-0.03508993188280551,-0.020660161209679045,0.005586475870744042
1938,0.003876,-0.0609579957013111,-0.00039670727545674557,0.009342881214001933,-0.00849111542612951
1939,0.003878,0.015759629041591554,0.00671172474978612,-0.01624962778196686,-0.0580856808077847
1940,0.00388,0.004002392447124686,-0.028592260956899332,-0.017350278745846354,0.014373726538892575
1941,0.003882,0.04252000150303053,-0.00114180370326027,0.016621945093376115,-0.04333438023458672
1942,0.003884,0.007365707429851034,-0.0017971781303148732,0.03687682741878545,-0.016213754280862698
1943,0.003886,-0.007249128514871123,0.03176443401398384,-0.002761013771839484,-0.03326524143861806
1944,0.003888,0.07654899819870369,-0.032357782900102,-0.0019410024464857113,0.010400644680768395
1945,0.00389,0.008028525270933435,-0.005692311120191963,-0.005542811115789241,-0.007047955988638661
1946,0.003892,-0.03347801575774116,0.06450657643268186,-0.00659972753140131,0.017907929784692866
1947,0.003894,-0.010039585730448162,-0.010642910170664505,-0.013663309880089508,-0.04649537363967752
1948,0.003896,-0.004818634203623081,-0.012210229629582906,0.03514573527554331,-0.03590100352753546
1949,0.003898,-0.01731441532664565,-0.026953214002622464,0.043275911820354264,-0.026082253345640138
1950,0.0039,0.0168689953417841,0.0291048442021794,-0.004383687342462246,-0.04130433002821405
1951,0.003902,-0.04092461576291071,0.02579292194388239,-0.03781782056399572,0.011760798331797368
1952,0.003904,0.0034304732946178894,0.011313974529330816,0.014147544235376626,-0.02801012353253705
1953,0.003906,-0.029265845370442238,0.021447814023012074,-0.018880338316931894,-0.08250445476015444
1954,0.003908,0.019462658936515945,-0.031087838642063048,0.014014076337157599,0.041784655479509075
1955,0.00391,0.0005028737178584288,0.02987297494990593,0.0046139304160860645,0.04762287984423442
1956,0.003912,-0.031863213262713186,-0.0002464494124946928,0.020194848151244026,-0.005712352710301363
1957,0.003914,0.03456656989958009,-0.012961186185323414,0.06208113454886665,0.06366592512816735
1958,0.003916,0.00846215988681899,0.016578035410638504,0.03575014306873913,-0.035615921969021004
1959,0.003918,-0.03936000043733372,0.03769256741572904,0.008219654186189982,-0.006795157379393687
1960,0.00392,0.00033369908643483115,-0.07158124417092207,-0.005716869433710038,-0.022591402175796707
1961,0.003922,0.02754214900845247,0.029850923351520182,0.017300407023897315,0.011863759463974246
1962,0.003924,-0.044920402461608035,0.017719292399906224,0.018881938365701515,0.037355779613061905
1963,0.003926,0.06354629437290592,-0.05077682020714826,-0.0116543047685464,-0.02226799911472934
1964,0.003928,0.005175215651552227,0.0004020557465411609,-0.007022462192404368,0.030828130842035208
1965,0.00393,-0.03304242633542351,-0.03123364402177818,-0.030726758132941265,-0.010809827622779607
1966,0.003932,-0.03685770647735539,-0.0014571446639781167,-0.004964705838926007,-0.0235954534199724
1967,0.003934,0.026212987621685873,-0.0017850158486021062,0.03187942092095411,-0.005851495536132961
1968,0.003936,-0.0007258466469406406,-0.016883472140451324,-0.00021139621606453595,0.021366939183961393
1969,0.003938,-0.01234002696810894,0.015552358876039927,-0.024382408831372233,0.022771516965666285
1970,0.00394,-0.01739717481935782,0.02555039619687151,0.0018292962730099506,0.0456286120017319
1971,0.003942,-0.03462203178762627,-0.044285303199356044,-0.018486517379267008,-0.04153832844102939
1972,0.003944,-0.04148204683284833,0.018646522813796276,-0.00012536380237975048,-0.014390429301127765
1973,0.003946,-0.011608877919162963,-0.017917129929790183,0.04951107503457131,-0.0220651712292911
1974,0.003948,-0.03966401694249898,0.02388151852458983,-0.006472668700434626,0.06116321066453656
1975,0.00395,-0.015786169163824058,0.02537952539270376,0.032465919917979154,-0.015640074966060107
1976,0.003952,-0.022287623037271075,0.022240995927927137,0.01724675753741792,-0.042318303021327795
1977,0.003954,-0.033853069089141624,-0.07609290014844015,0.01786160561936407,-0.007854815794072365
1978,0.003956,-0.00486451262925846,-0.050743322931055594,-0.03294307059267979,-0.014338767377026985
1979,0.003958,-0.020169768004434627,0.0035350822655289362,0.017504043798954417,0.06808837707855592
1980,0.00396,-0.000600510900927763,0.033462079892908364,-0.02489918330939324,-0.050248389449260675
1981,0.003962,-0.010569049401303739,-0.04793165153622724,0.00044019501507309614,-0.02341362373525995
1982,0.003964,-0.058628141602637567,0.05208075437580532,-0.016126851393161404,-0.049128579088325935
1983,0.003966,0.02694515371521869,-0.021858430876178555,0.03270498101071986,-0.02200183004034148
1984,0.003968,-0.016226930707883915,0.010344951284311395,0.017796581421123305,0.023054512120217953
1985,0.00397,-0.0026922341618798706,0.0158585016466375,0.022368858207702614,0.006017074157005491
1986,0.003972,-0.004279743397928885,-0.043358848446933905,0.017975224703399666,0.001265210974234526
1987,0.003974,-0.012408475570521224,0.0383329909077498,-0.04283500898739947,0.049321089460946585
1988,0.003976,-0.0006681983590339694,0.009525545355086951,-0.011851323435908124,-0.0500121873756999
1989,0.003978,-0.004188296953973391,0.010042347206783776,0.02028676339207782,-0.005940995953167042
1990,0.00398,-0.06577619523613254,-0.04624984033747876,0.061560588712898816,-0.03277607951316347
1991,0.003982,0.04281148374717625,-0.028022602122527863,-0.005473677291836026,0.01875624778799712
1992,0.003984,-0.02460583339742621,0.04776645407277162,0.0022718507420523295,0.013825525388990094
1993,0.003986,-0.008028210240573774,0.01976160861051272,0.04736378219549587,-0.003938578128696431
1994,0.003988,0.051891383722477084,-0.018347874251373537,0.0229228811805513,0.014673430087291496
1995,0.00399,-0.03205746218047108,0.006414291139119953,0.00022097813551118356,-0.02559576528830535
1996,0.003992,0.010740073025823794,0.004388686383255527,-0.0021776084192165,-0.0020573240717605456
1997,0.003994,-0.002700307767708581,-0.011030988637389823,0.00419502285044945,-0.019317426370913413
1998,0.003996,0.07970428474409998,-0.04227999736395947,-0.017542082317033768,-0.01517226313730822
1999,0.003998,0.06121480242973612,-0.03960403949932498,0.012777668939583294,0.007451821951396196
2000,0.004,0.01000806914023644,0.037090294878328205,0.03647488079241265,-0.013528704795603523
2001,0.004002,0.005820523484819727,-0.05592306096456432,0.0029727902556578724,-0.02381968283495757
2002,0.004004,-0.005591472778815495,-0.05056115594450084,0.012146168601572261,-0.05089706086726823
2003,0.004006,0.004448538203747593,-0.03679516779067648,-0.02548923105407654,0.03464196307635488
2004,0.004008,0.01763753837740866,0.034476094130116285,0.046791813975038704,-0.023185161214192944
2005,0.00401,0.04496914987322615,-0.043965169685367046,0.022383010036347094,-0.014800131437999145
2006,0.004012,-0.02790900427917949,0.018434096019133275,0.028348545755076393,0.027458051599396342
2007,0.004014,0.00644579666684376,0.003958719039877171,0.015805997570997075,0.00911292226551573
2008,0.004016,0.01624067518757941,0.006119983833321427,0.02528351473519091,-0.048816234196512834
2009,0.004018,-0.003938204252591587,-0.04151539481536758,0.00830106052814654,0.04925790527561093
2010,0.00402,-0.014222543458409053,0.003817560908916457,0.022694601447649166,-0.06203168795299574
2011,0.004022,-0.01566331446432563,0.010935469778185507,-0.08690984176971825,-0.02930425479224914
2012,0.004024,0.03302573920143868,0.030089907013521745,0.011229546821103007,0.026465929198295324
2013,0.004026,0.0064531270326439105,0.016661847223269438,-0.009469611265218414,0.003474380487662783
2014,0.004028,-0.01897111159247467,0.0379045003254694,0.04564678228506605,0.0413973840209122
2015,0.00403,-0.012243262850335869,-0.028613221180952622,0.038309209822504894,0.01631721607774238
2016,0.004032,0.009857530245709274,-0.01900896254835437,0.012769914379102945,-0.032558341789858045
2017,0.004034,0.019021870682370958,0.04136660098818631,0.048931366317238566,0.02125572162329448
2018,0.004036,-0.04146064648863365,0.0059199039283806465,0.06419045232173139,-0.026058347713268527
2019,0.004038,-0.0017754471873065102,0.04240573055402932,0.01851401766220756,0.07440468973455314
2020,0.00404,-0.02198608149685765,-0.029692673572224656,0.03672376307505521,-0.03587635884814608
2021,0.004042,-0.005903039664526088,-0.0019693963457872955,0.03107968420157766,0.018428039040757405
2022,0.004044,0.013711947425305876,-0.012072926337050002,0.03645012057245829,0.12077472128181793
2023,0.004046,0.02073846296768747,0.0029901662264050946,-0.03893588912976481,-0.019124443479514603
2024,0.004048,-0.006411307018419122,-0.016038007208013978,-0.00048233503580544533,0.05334048230421863
2025,0.00405,0.03741500752107702,-0.004764981494047628,-0.03624839833997581,0.04012102928707239
2026,0.004052,-0.001471628203840933,-0.05179501276807065,0.021372903554791083,0.03077060052700396
2027,0.004054,-0.07277725214804007,-0.0247366392639871,-0.003313620339231419,0.022035327339258524
2028,0.004056,-0.015472397538725136,-0.024964257059218092,0.021815077490408473,-0.014049671199424773
2029,0.004058,0.01626163951646091,-0.033345469649237715,-0.04056999057709195,0.02265807472711191
2030,0.00406,0.007575597309516416,0.027673671997086213,-0.015977790027643254,-0.023853159074392352
2031,0.004062,0.04082156662622732,-0.045688762919834106,0.03754382127541874,0.039615141224471496
2032,0.004064,0.025802685427982256,-0.02063422551031344,-0.024495715101760778,-0.006301673189945986
2033,0.004066,-0.03885119030494198,-0.0288508199626079,0.01934202874527138,0.019480473426724713
2034,0.004068,-0.03148724479604869,0.020283658059002237,0.013629099172194183,0.045296587637313104
2035,0.00407,0.017074093256025647,0.03175743161203134,0.014312327727906337,0.029397873290915637
2036,0.004072,-0.03861351469703325,-0.003652333713327402,-0.0011694830468258939,-0.007312498408058472
2037,0.004074,0.013316598909501768,0.01903138963487253,0.011767712312134452,-0.005308316436640135
2038,0.004076,-0.022071902395353747,0.03291558222468702,0.010491984498415052,-0.030558415751982253
2039,0.004078,-0.005810626249488713,-0.05229899033122084,0.0010611184304232869,-0.005951398277957879
2040,0.00408,-0.017234008510660134,0.04753800569410588,-0.03468462358626337,0.02119178855047006
2041,0.004082,0.0656012448279562,0.032318037111500636,-0.0009461634629330109,-0.03402205918269982
2042,0.004084,-0.04086186529753366,-0.012346550848725659,-0.020610022017417247,-0.02158640726874397
2043,0.004086,-0.009789403664137322,-0.0030674127865706062,0.014556358429358889,-0.03713388658387288
2044,0.004088,-0.0204673138839915,-0.004790162484674439,-0.005864555802698072,0.05509271122240268
2045,0.00409,0.0069673977817157244,-0.048407694358782734,0.01254544084760294,0.01636991168231936
2046,0.004092,-0.0037538408473421435,-0.03640190023227604,0.05274164085940388,-0.032096517407437714
2047,0.004094,0.019823166192478005,0.0060015158719180575,0.0180243164708931,0.0512057377250199
2048,0.004096,0.016849166164231055,-0.01675992681130599,0.03317976825383883,-0.018932983501323587
2049,0.004098,0.004906740341858036,-0.0387925082404737,-0.030998436820102573,0.001541600113085591
2050,0.0041,0.011042601257426163,-0.05107171868073091,0.014918621040019927,-0.024582869297948923
2051,0.004102,0.038390640470135,-0.010558932864735247,-0.033708668086499576,0.002274136738777568
2052,0.004104,-0.027487050032361758,0.03806835424299377,1.5906225992991512e-05,-0.004550298692798613
2053,0.004106,0.017754030567930235,-0.03014842317600879,-0.03867460965985542,0.012250547383249108
2054,0.004108,-0.03299012124026427,-0.0330003046124837,0.025102680936626626,0.015751923299518196
2055,0.00411,-0.03761488627358734,-0.01857408128824009,-0.0271119466783896,0.05328957894121741
2056,0.004112,0.027180312827118254,-0.012625345380158219,0.017285840680304778,-0.04068558557792488
2057,0.004114,-0.020179384535684786,0.0031458979782565868,0.013566922474377388,-0.002923773765403322
2058,0.004116,0.007440405321426778,0.0023500937985937876,-0.004907322060669521,-0.00888436776572681
2059,0.004118,-0.012787946180333526,0.006958125258857642,0.012324467675983684,0.005950775019565019
2060,0.00412,-0.035357911500031786,-0.029967835534295627,0.011966454178442018,0.04415019902012633
2061,0.004122,0.004572463846762657,-0.012350052374309826,0.0067302136632832665,-0.034104642675402856
2062,0.004124,0.03926829469609391,0.0055978243352408485,-0.02008371639631645,-0.005003863982786253
2063,0.004126,-0.01581108696190847,0.03935009930450501,-0.006067202683411773,0.0046609723834677855
2064,0.004128,0.017211793699538753,-0.022222998112936262,0.005811283984054712,0.008233067081826294
2065,0.00413,-0.04662236463061863,0.007580894663328299,-0.001372861948294175,0.0038989887634799
2066,0.004132,0.0010688914047169973,0.007775096188502461,0.04012029677028474,-0.03538522236255328
2067,0.004134,-0.010264570065012604,0.019998558868885092,0.014427776031837331,0.013782166600262524
2068,0.004136,0.08260731647020012,0.018424065723501176,0.033928133887650744,-0.009212161765575252
2069,0.004138,-0.029787371216918462,-0.009429522877009017,0.021358805140302126,0.012204835644875262
2070,0.00414,0.012097541117966393,-0.006430331603913833,-0.01121407856438926,-0.0053957173287983344
2071,0.004142,0.021734263504956386,0.025221822845112544,-0.03018724949013683,0.022870276782943476
2072,0.004144,-0.01952163692268689,0.0140676495552316,-0.0057589722738746445,0.046973656477169536
2073,0.004146,-0.012542238869434367,0.005358355226843497,0.018197794726782828,-0.026218765503686462
2074,0.004148,-0.0021857116628083554,-0.007997546538694118,-0.015414404502179195,-0.013191690044497188
2075,0.00415,0.03336043794410383,-0.017956522042809998,0.016992236480148172,0.009437850060934328
2076,0.004152,-0.04190940347325527,0.015575083152793236,-0.04240539629273083,0.0188427548449548
2077,0.004154,-0.015215749293925442,0.0002510175976935662,-0.03882839848879016,0.0036714697081444802
2078,0.004156,0.027808512539118587,-0.024208962840678624,-0.01821501258432033,0.013638630707024682
2079,0.004158,0.014388549709408177,-0.0730253789522552,0.0604621909134832,0.015856604506449937
2080,0.00416,0.020907559873588846,-0.004306213399860508,-0.05566060525656734,0.0202416618375072
2081,0.004162,-0.016955640846926585,0.016317950825500194,-0.006564032107881863,0.007141181373491322
2082,0.004164,-0.023249891442277338,0.02593166828036795,-0.03565137118373016,0.0673670827601757
2083,0.004166,0.06713845904961036,0.04898098756399531,0.038264369573235306,-0.0025364507470092296
2084,0.004168,0.03499640117241625,-0.00288529494828383,-0.046605526267359206,0.045096042420920635
2085,0.00417,0.03386473388767516,-0.0009401732296630614,-0.036755527719934504,-0.017586020297369213
2086,0.004172,-0.05463436754662529,0.028352425578539314,-0.048099269005925406,0.008604926104400291
2087,0.004174,-0.025310800433390644,-0.0428011033499843,0.007150652798357151,-0.010013981559360941
2088,0.004176,0.02514567316276103,-0.03802815806186121,-0.022719439364214666,-0.07162926625472674
2089,0.004178,-0.06553040046983769,0.05394577229935538,0.06250794732299007,0.002781786156718586
2090,0.00418,-0.02471486297719535,-0.008953467764703208,0.026207226074590913,-0.015431670594661382
2091,0.004182,0.007129016011250676,-0.0003826815144374892,-0.01706438010248574,-0.015785782379756134
2092,0.004184,0.008799626150565247,-0.029306644091623243,0.013551880368705483,-0.014147368789475458
2093,0.004186,0.003821019139446907,0.04151887698505676,-0.005045761356808573,0.02759413020575977
2094,0.004188,-0.053760985676514855,-0.01411089040921784,0.0008306586322821845,0.05769992037619377
2095,0.00419,-0.05879856249779671,-0.002886295856783306,0.043700665527487886,-0.02355061215800616
2096,0.004192,-0.006385164312770108,0.009952169551666185,0.005535256611683407,0.046973114263632425
2097,0.004194,0.013454214302196954,0.03983318686542658,-0.010800250719297341,-0.022215762337508896
2098,0.004196,-0.006771695790589064,-0.03477309280102805,0.014505350886302854,-0.01157634338265737
2099,0.004198,-0.02015366699932426,0.01495975228863005,-0.034311473339228654,0.023115066415673832
2100,0.0042,-0.014350121654740824,0.034772893322825515,-0.011782127346887017,0.018957289996737722
2101,0.004202,0.005386871213187176,0.022317056211434604,0.0032984067644288182,-0.049901922370297315
2102,0.004204,0.03026380617726396,-0.002630487673737218,0.02368548232064439,0.020707394306065694
2103,0.004206,-0.02319889443034025,-0.027443862155258906,0.01966065304347012,-0.009097470882315413
2104,0.004208,0.02809287838399491,-0.0053460282858906975,0.030702293323448645,0.01269913452627305
2105,0.00421,0.008639249811424454,-0.011220335962208231,0.006972828421845498,0.03578558144858128
2106,0.004212,-0.0016264637598995923,0.015935233310515662,0.0013908022874911815,0.003738121282362656
2107,0.004214,0.05170232270814896,0.036051900931186535,0.0023821144558715504,0.006433622638081023
2108,0.004216,-0.021056115106529067,-0.005189146387948595,0.00928193362645845,0.025518407687073835
2109,0.004218,0.022476626907327567,-0.03327777167713531,0.02930948192035894,-0.0026632103813265867
2110,0.00422,-0.029609740670326137,0.040091542122957645,0.043898369902138586,0.007912409470219808
2111,0.004222,0.021263808057157045,0.02302347626233296,0.04187316458436753,0.02184205576295175
2112,0.004224,-0.03983064832315706,0.060294232469133825,0.031969706684401286,-0.015285726158182938
2113,0.004226,-0.03088875217072229,0.015144402912122512,-0.008347801151027377,0.009899860619968776
2114,0.004228,0.022302205238347902,-0.01699325663990386,-0.03348323978053012,0.011574554036159344
2115,0.00423,-0.016001635658309206,0.0043828735719719444,-0.040299793108867936,-0.007565481734239127
2116,0.004232,0.0214485567311999,0.018177975229403905,-0.02365073912619806,-0.03504793107954155
2117,0.004234,0.00047291069255376385,0.016830983910582267,0.01215525420577653,-0.015364795330839296
2118,0.004236,0.008934733274598101,0.04507066413827984,0.006154340619270827,-0.0489944380745586
2119,0.004238,0.0060960101430192655,0.06131870913637827,-0.038621724393467866,0.0008917398548706631
2120,0.00424,-0.006790062990964032,0.0028764887782519203,0.005827564594613153,0.03419915958188773
2121,0.004242,0.002543498592024318,0.038317786716361414,-0.003529669763594475,-0.010504103219238992
2122,0.004244,-0.02007548949115817,-0.05451261087360458,0.008273442357775194,0.061620008654155276
2123,0.004246,0.013747064318575836,0.020602420624850386,-0.012390939750433651,-0.007330001738210121
2124,0.004248,0.029539244649997864,0.06026080920869461,0.04463843807390459,0.02415733889184066
2125,0.00425,0.001054517381715269,0.006291567428019705,-0.02260521958284763,-0.04344502563907971
2126,0.004252,-0.03380395073279823,0.001494001035658125,-0.008759767842800316,-0.044083251141590535
2127,0.004254,-0.0011197013714920841,-0.009552909733978347,-0.03518546565852241,-0.011105370318602115
2128,0.004256,-0.009628590021490326,-0.018499114197734,0.027800104943278187,-0.05708704686279936
2129,0.004258,-0.05957396972132913,9.857353347275515e-05,0.002883815681769177,0.0121264540805692
2130,0.00426,-0.01616920524837282,-0.02753771415276995,-0.00021948398084842359,-0.013247344060439885
2131,0.004262,0.04653214213967083,-0.009726817497755754,-0.0015955545515123376,0.07426254418793828
2132,0.004264,-0.005842806801920606,0.01668470595597272,0.019389283001590592,0.021942049311546436
2133,0.004266,0.008684617962337571,0.005815223832315289,0.0030100286951134842,-0.017279817067013196
2134,0.004268,0.009765564085178053,0.06085937512273776,0.036320457268906724,0.0091175406667391
2135,0.00427,0.0256748939431797,-0.026075277261919567,-0.007815364625991562,0.028435495325521656
2136,0.004272,0.044615015803745744,-0.02312598516286134,-0.014507649282694714,0.06544127381635609
2137,0.004274,0.002887837493069174,0.054700859181011356,0.006205719518273774,0.007385408469763056
2138,0.004276,-0.009164726629796923,0.02827665424530686,0.04073332650911999,-0.031050066904226008
2139,0.004278,-0.010573516566613102,0.02745235573122661,-0.003886459133529837,-0.014801564055996305
2140,0.00428,0.030286264616082054,0.03310359614137533,-0.013489262720164158,0.006370995839638368
2141,0.004282,-0.03625424387712699,-0.02686442731436097,0.003724956964001399,0.0009422036273953059
2142,0.004284,-0.029006282751919035,-0.02147921774176726,-0.03195133109866678,0.013651795707396318
2143,0.004286,-0.059029175900757,-0.03034731688680588,-0.055888246434969625,0.012570618115739418
2144,0.004288,-0.05408200650164104,0.0009518759560662081,0.0491857204724227,0.05020301943812705
2145,0.00429,-0.05417722707536463,0.008952288048928671,-0.02966913889141364,-0.03579408107130774
2146,0.004292,-0.0034040986317022204,0.03684873470799376,0.017989766226610745,-0.02145422785448642
2147,0.004294,0.021151019922300073,-0.06731124995645038,-0.02258837395299721,-0.02471674634103752
2148,0.004296,0.002349620752167935,-0.00608483890979999,-0.004244132808596547,-0.0052415859031841585
2149,0.004298,0.00067221722967261,0.01620392900874671,0.004479930783071484,-0.008530554498136752
2150,0.0043,0.012052448394143465,0.024783706309582914,-0.016680776721678878,-0.0017820819201802734
2151,0.004302,0.03485719689139759,-0.0330828203180207,0.05414106588767831,-0.04017464924218726
2152,0.004304,-0.010360938336142097,-0.02850569990628036,0.0656378099060813,-0.015100500865414555
2153,0.004306,-0.015025234695855982,-0.011122462198197574,0.002868084236818508,-0.00985325336713533
2154,0.004308,-0.003986604138671982,-0.10587629859071213,0.0017147950800548183,0.0005341986445993441
2155,0.00431,0.031157063922371806,0.039271828448382055,-0.005631241841753926,0.02448687245021866
2156,0.004312,-0.033047063413344194,0.02302027028088313,-0.017174273974037306,-0.03554092404390164
2157,0.004314,-0.005567660346121515,0.04201417341593337,0.0054301661019254014,0.0448946444303514
2158,0.004316,-0.02246198141447412,0.031435533136439694,-0.01956480111710836,0.006759860144676094
2159,0.004318,0.006500484859782449,0.019844752017725176,0.007522218597339823,-0.02217553613465452
2160,0.00432,0.026409208562776915,0.051949697829761825,-0.01751410266768355,-0.05505696229335097
2161,0.004322,0.014979587050613662,-0.00993541182156447,-0.003933085678658896,0.01668533267193036
2162,0.004324,-0.013691772894767956,-0.008065559140310142,-0.003003585508097591,0.04409261813955048
2163,0.004326,0.0009020881234074476,-0.0370702074244488,-0.035876354434233454,0.004176897649788036
2164,0.004328,-0.03388284002072937,-0.046869104607724824,0.019066079728020317,0.02053495208605934
2165,0.00433,-0.011044096016815597,0.00880977873455127,0.005643649325865018,0.018072581579072565
2166,0.004332,0.018142497118193983,-0.07817365762581678,-0.007214968754471829,0.015537125645343992
2167,0.004334,-0.012313697731170435,0.0010860791777947997,0.022520999450342326,0.002427756997564869
2168,0.004336,0.045237582517046,0.033809587568433636,-0.00355692458914302,-0.005941385121743359
2169,0.004338,-0.08550972315604094,-0.009795065906715776,-0.04059806678131579,0.006636886260018681
2170,0.00434,0.004586121333600052,0.020875672680803332,0.04190011415844574,-0.0007880828901590509
2171,0.004342,0.06841248935769588,0.006973543356597117,-0.039306491811498985,-0.016862156253303593
2172,0.004344,-0.01118240100923466,0.01776381453460136,-0.028417497006879018,-0.00893927648428188
2173,0.004346,-0.0048312084238826,-0.013443624229666308,0.02434246145039155,0.019239641653960672
2174,0.004348,0.034997014053118766,-0.009930755433335986,0.036075827029437055,-0.04091991257931137
2175,0.00435,-0.04165152902969571,-0.0364140505827364,0.0002763507789626835,0.03607134349733267
2176,0.004352,-0.018064262419188903,-0.014300802148933114,-0.006480538659280128,0.01718484370162964
2177,0.004354,-0.014328759100637214,-0.01600250873749504,-0.04036185790073071,-0.017151633335313634
2178,0.004356,0.03532385258805998,0.0027277802543543,-0.022195635307437452,0.037084319181868025
2179,0.004358,-0.017556405061805617,0.042598667384473966,0.042108209337003016,0.0016803487912400595
2180,0.00436,-0.044956485821150624,0.06868501846037266,0.011618281687936386,-0.009716610741617704
2181,0.004362,0.02868383744325167,0.02106908361064042,0.03932815049659321,-0.01987043366039689
2182,0.004364,0.009554202383231769,-0.0355761069073481,0.01999003187223702,-0.0006883610888156225
2183,0.004366,0.008430277664604363,-0.004390491715214106,-0.007529664617650834,-0.02604693522044142
2184,0.004368,0.023712906440527006,0.04469112110224313,-0.016700050767302556,0.016606215149132846
2185,0.00437,0.012965508739807268,0.0002429343404657607,-0.0457978720009415,-0.03904792053331777
2186,0.004372,-0.023429458534547115,-0.06417014170715794,0.042240921897168444,0.011031096875391408
2187,0.004374,-0.0008988314519736526,-0.06570707457803486,-0.054716125650612006,-7.024164560874982e-05
2188,0.004376,0.059114698964519305,-0.020959325876192453,0.025913940432373137,-0.014397072230248824
2189,0.004378,0.0016571777786659968,0.03644051546678795,-0.010378548904996326,-0.020703147241563996
2190,0.00438,0.04254211662374291,0.00136673463340786,0.03273615271758489,-0.020557466801540608
2191,0.004382,0.04220022626882927,0.00820881823603833,0.013043628786439759,0.003948879342875241
2192,0.004384,-0.015164249459895045,-5.0484314849152006e-05,-0.013277707139680987,0.028786381879343566
2193,0.004386,-0.00609171501205987,-0.04489521683381698,-0.050382712049678514,-0.05180154456961273
2194,0.004388,0.01853912272661824,-0.03454512934120332,0.009002573275157005,0.004097235524742398
2195,0.00439,-0.0019412578472933141,0.013152156101471083,0.004749106112715786,-0.0812918922834285
2196,0.004392,-0.009708757225454705,0.01275309402190293,0.04920848432264995,0.05059372849747493
2197,0.004394,-0.040894515407557695,-0.010491758979383193,-0.04698344441123994,0.04559655225330249
2198,0.004396,0.030385686244456523,0.01051763660589524,0.004982845837806302,0.04141893301048422
2199,0.004398,0.03633975584280417,0.03474134089968363,0.013700395793467789,-0.010476848985424876
2200,0.0044,0.023013744960526723,0.024481257157653435,-0.005719124087758793,-0.010537467565027244
2201,0.004402,0.03399939808674629,0.049923483263088195,-0.022481873427442987,-0.00790130026343923
2202,0.004404,0.010527992293640938,0.014597969932458318,-0.015670990777238828,0.05650561891032132
2203,0.004406,0.012662857966355134,0.015941502254116585,0.05276652244535261,-0.013471848757337701
2204,0.004408,-0.002652956293268338,-0.03759966687064886,-0.005170514167607347,-0.04466782571806088
2205,0.00441,0.02243548062579516,0.012599902502099766,-0.008312079211156204,-0.003012711234535435
2206,0.004412,0.022843992455669714,-0.034073882606696936,0.006125036023575698,0.020985294193762334
2207,0.004414,-0.05346822232221725,0.02054814017106058,-0.050221873897847005,-0.0035278345155459762
2208,0.004416,-0.034901733122856785,0.04293739737870044,-0.034713631624570425,-0.04950569675896147
2209,0.004418,0.004000564247889468,-0.012411089400624686,-0.04513815685991799,0.015774455974645482
2210,0.00442,-0.05974497187349038,-0.03108722917749375,-0.01725654811262354,0.024066671764654206
2211,0.004422,0.03886405101039456,0.033083467419827185,-0.004598213713866983,-0.07281924734385468
2212,0.004424,0.011725590636556755,0.044117212176738405,0.03701371223440705,0.013888470292311593
2213,0.004426,-0.03568508293015358,-0.01575921010885245,0.05801443196237024,-0.04250188603992401
2214,0.004428,-0.03443523684451157,0.028276546534958525,-0.012934777344165834,-0.03545265366613865
2215,0.00443,0.04583913536169047,0.013831679344354194,-0.011454034931315344,-0.03437324507698546
2216,0.004432,0.06142219691579814,-0.0007335545623982252,0.041919841874084825,0.026809006338283196
2217,0.004434,-0.015627046849897023,-0.015388233449693433,0.04338944693801759,0.04387551997859933
2218,0.004436,-0.05630747928362203,0.01649340782946577,-0.0036364441417085893,-0.03099969488815518
2219,0.004438,0.007852382841515921,-0.04048790372959183,-0.013993660639383,-0.023954211983099025
2220,0.00444,-0.014993737924679954,-0.002144354809859728,-0.03046699985716459,0.047195370866198925
2221,0.004442,0.014798497001823757,0.05383689085146164,-0.004802399072340585,-0.016463698868913273
2222,0.004444,0.05275246843479084,-0.017341792196219553,-0.005348760659673741,0.02160142231491944
2223,0.004446,-0.03713177424891835,0.0213388405438095,0.01750041198493808,0.038079759541134975
2224,0.004448,0.02670133509030423,0.03899935058632713,-0.003312657015252305,-0.025880109561211815
2225,0.00445,0.06329956242250087,-0.045800868465659006,-0.042795392366214234,0.01695384121526494
2226,0.004452,0.04874958144532049,0.005686525377424951,0.029979110991066177,-0.05987408182415875
2227,0.004454,-0.014986348865434113,-0.05621843421429777,0.023412328746859796,-0.046416939797670434
2228,0.004456,-0.038334565380979416,0.015420756148842083,0.03185473056053188,-0.004769043246876498
2229,0.004458,0.01710517512325529,0.016133645006192764,-0.006462805783274163,-0.032841164486587464
2230,0.00446,0.016946742206539273,0.018392870723252477,0.02682073209270776,0.009361992722366923
2231,0.004462,-0.03505499740437979,0.020710204841075403,-4.143240685023755e-05,-0.014482123329700291
2232,0.004464,-0.008839075115811366,-0.02070771535171139,0.026665313365632867,-0.04254344200740061
2233,0.004466,-0.02980457804419255,-0.009863186540150842,0.04841252544716999,0.03162841647278546
2234,0.004468,-0.04922522409741676,0.04054041266257458,0.040482606509510514,-0.03522024978067929
2235,0.00447,-0.07564374811789336,-0.002166648670417273,0.03367273227899466,0.04773785909400606
2236,0.004472,-0.026124817930837506,0.05255937313988896,-0.06683797187450104,-0.011041518414878628
2237,0.004474,-0.012516320076472414,0.03457011074772909,0.038949073978193395,0.02862670966300186
2238,0.004476,-0.040516501462376835,0.025878570953967655,0.015271259057804755,-0.050137031558387724
2239,0.004478,-0.06201041486405061,0.031139678700623282,-0.005402979029377336,-0.03855546277364626
2240,0.00448,-0.006245157861263057,0.010921232433396079,-0.0024855338000264117,-0.04655958459378259
2241,0.004482,0.0565667071069233,0.030126539069636762,-0.010061323550204018,-0.008852839677068628
2242,0.004484,0.010784621841395281,-0.03388864187220995,0.009680293096109061,-0.03992197310582297
2243,0.004486,-0.00211602650535498,-0.035057144995705766,-0.033542519469801434,0.04937167840854629
2244,0.004488,0.0017767768285366237,0.006222194562035028,-0.060341395832439686,-0.017910052755631435
2245,0.00449,0.013836363561130416,0.0058240879784251486,-0.06462089464061116,0.006214137499712436
2246,0.004492,0.01099676410649068,0.03851285994596099,-0.019656933568150285,-0.06726206160407013
2247,0.004494,-0.02990312255415466,-0.03291195116605672,0.022101266333399226,-0.08150209765185953
2248,0.004496,-0.013450693802178662,0.04277386420731764,0.0002163738850090446,0.026889504485292717
2249,0.004498,-0.04925395000653263,-0.048059685396189676,0.04311727373535703,0.0030364609727175965
2250,0.0045,0.0030982308662743235,-0.03354458484320989,0.0030234518685069442,-0.034378127050202885
2251,0.004502,0.0356061134671695,0.08183492129604514,0.01451823160995988,-0.01904839156384631
2252,0.004504,-0.07600974991483975,-0.05053392343627023,0.04664585493081408,-0.030875755298132194
2253,0.004506,-0.011125046450595364,0.019659779237375347,0.04446869398085378,-0.005987607634915139
2254,0.004508,-0.012140006089981042,0.0021486308553205122,-0.018829134499176517,-0.017214576098788653
2255,0.00451,0.012356403526016208,0.005558745535034592,0.06394815919675752,0.013165464499062885
2256,0.004512,0.03453436644281484,-0.03213855530169393,0.015754718700908138,-0.02168944039803177
2257,0.004514,0.011863597898896737,0.02065543794344523,0.0014960653200442144,0.07221977164424379
2258,0.004516,0.04283939307325357,0.0353173599848729,0.022928585771100407,0.05290082453190132
2259,0.004518,-0.04310907892407648,0.04110849353971728,-0.029737329359985687,-0.016930173572001887
2260,0.00452,0.01684177332185004,0.03699660496532171,-0.03460729895045886,-0.015376346330331928
2261,0.004522,0.0029259621750393145,-0.00559098014087142,0.025620961837055624,0.1030778284795356
2262,0.004524,0.012579621255776392,-0.022055893144869484,-0.038895249919169865,-0.009757617407568168
2263,0.004526,-0.028207496580863703,0.014026493759262694,0.013560649073526795,-0.013895046135748696
2264,0.004528,0.05954865041351349,-0.022063419577196826,-0.0035829320369452264,0.019174879976694526
2265,0.00453,0.026761646813094855,0.03832729564629597,0.012854894369797167,0.0315273810236399
2266,0.004532,-0.019953245160838174,0.02754245881051146,0.027141874504691986,0.04538660024260607
2267,0.004534,-0.05005307976685627,-0.027215493468032016,0.024694229081019058,-0.0795409343964419
2268,0.004536,0.014760185213650504,0.03179413274794102,-0.017291257426513197,-0.012905700003357357
2269,0.004538,-0.03222412041719711,-0.0156464135919421,-0.014777055058852727,-0.02048523823396564
2270,0.00454,-0.022130345333534904,-0.008130143546651805,-0.008493129469683643,0.05622395699583169
2271,0.004542,-0.011825554293510305,0.010324506485755754,-0.017306488994289042,-0.017687873275243713
2272,0.004544,-0.05113111613197867,-0.047140987434332794,-0.03620994838958999,0.005510905042802123
2273,0.004546,0.03228520965853756,-0.053599935806865534,-0.01647230404046451,-0.04100672128051045
2274,0.004548,-0.007928312824006495,0.03227308481121451,-0.013406472048239259,-0.001425509165990899
2275,0.00455,0.04365685189176942,0.013737027915237275,-0.02280275567450406,0.004767458575071755
2276,0.004552,-0.02482647034206872,0.012614460382079994,0.01546020462218278,-0.041014791014953575
2277,0.004554,0.005254482521573211,-0.0035271977398775908,0.016340321915163353,0.024940411530574
2278,0.004556,0.01432348812373815,-0.00909580060139257,0.027999900625920008,-0.026191883289307546
2279,0.004558,-0.03961565980108498,-0.095858600536824,-0.0021042285521146505,-0.024646393184803054
2280,0.00456,0.011932634282260523,-0.05913682182133103,-0.019415356526985002,0.014108097175934557
2281,0.004562,-0.030895084390469413,0.012277702458385858,-0.01671067785204122,-0.0009842492933999276
2282,0.004564,0.017854740192505665,0.028583910693459388,0.002774772339618215,-0.024420308846362346
2283,0.004566,-0.0137411658713895,0.019108660892608743,-0.0306376075044782,-0.005341997899206171
2284,0.004568,-0.011576522950844246,-0.003100853499568938,-0.030278475877481316,-0.05555833056636335
2285,0.00457,0.0156222784787893,0.028923942704659457,-0.05376524872494469,0.011067784827786488
2286,0.004572,0.0324954874453553,0.017877331402869696,-0.012500105360281994,-0.028304891092522728
2287,0.004574,0.0024293423804996783,0.0074335517654064215,0.0028742253346769634,-0.00540403890352697
2288,0.004576,-0.03247955172368272,0.01268064873926555,0.014125634832405715,0.006024663763850156
2289,0.004578,0.0033298093521377196,0.05037748463238315,-0.018731363537201885,0.03844305292369967
2290,0.00458,-0.022020734076655127,0.033268517188692844,0.03700102650241631,-0.008791536102056477
2291,0.004582,0.049828891621825,0.014071076602382673,-0.026318173234217025,-0.01122469783167627
2292,0.004584,0.03398286918319954,0.02769194105629949,-0.031741212041378725,-0.004177719365714914
2293,0.004586,0.006105689483295354,-0.015228137672268266,0.07073399170124157,0.007009912302159766
2294,0.004588,-0.0018543657270914797,0.0357255313277427,-0.010956406045165049,0.03022282831851969
2295,0.00459,-0.05003197186748954,-0.013609621387366985,0.031472112551317405,0.04710593161769013
2296,0.004592,-0.02319887139017979,-0.02669464908655945,0.01702339291111377,-0.018691016847531383
2297,0.004594,-0.008057337532661819,0.02629215074211473,-0.01632306544842036,-0.05896277254607057
2298,0.004596,-0.03903253306817644,0.00029866757160842625,-0.05590269445418653,-0.008914812518919618
2299,0.004598,-0.041762895487319755,0.04919817020596795,0.06495427784297017,-0.031745913070262054
2300,0.0046,0.00770276040113754,-0.028812111959905566,-0.009279468061635337,0.054104079838674164
2301,0.004602,-0.014000656431794559,-0.008581123867113408,-0.028275878016830906,0.0343856813299459
2302,0.004604,-0.0978980010757208,-0.01328391964594863,-0.0013765828240637611,-0.01983231989552743
2303,0.004606,0.02590636523193502,0.036060818519114225,-0.04236118538638545,0.06280459961312414
2304,0.004608,-0.042697764730605464,0.03865892045027525,0.004494830956070829,-0.015111032913414438
2305,0.00461,-0.012281007890275085,-0.0010053837198094149,0.006252535855913456,-0.027604630541145758
2306,0.004612,-0.00701819873035171,-0.02312018468782784,-0.03645148581221618,-0.024519351073736914
2307,0.004614,-0.034499238980863184,-0.012604647382515561,0.012974247164052462,0.003621310625338869
2308,0.004616,0.05923034329981952,-0.06631359041159751,0.014080228986425655,0.0001926071557305651
2309,0.004618,0.024470110271159005,0.02149395612931226,-0.0049497525040553105,0.005179538545702667
2310,0.00462,-0.022322076387554537,0.018410399380633626,-0.05636628156368103,0.02330479315947952
2311,0.004622,-0.0006952033270833021,-0.014611861134932664,-0.006975995983401786,-0.004775887037651424
2312,0.004624,0.03891911281441504,0.09700480989745537,0.036596124724511465,-0.016959773576692688
2313,0.004626,0.01889345472855837,0.020199874981724517,-0.027754821673416606,-0.03782397891662045
2314,0.004628,-0.0018984278675036577,0.02423122808104304,-0.048354248028042855,-0.02162693602963218
2315,0.00463,0.01717955126971219,0.001251708398117404,0.04248820861796986,-0.0423410236222903
2316,0.004632,0.07056494800348366,-0.046139773307087385,-0.06087491156484781,-0.0017673833849192072
2317,0.004634,-0.03403376784738028,-0.0011626699213463723,-0.0022118063686400002,-0.005873226363222937
2318,0.004636,-0.025272330965903374,0.01297968457739073,-0.009520113443015087,0.033109946122642904
2319,0.004638,-0.005411167575849202,-0.02893942268599768,-0.050631316555301564,-0.005163282943451143
2320,0.00464,-0.03807613714087867,-0.04049885562014334,0.01582371927440961,-0.05333010183490175
2321,0.004642,0.04236580134998737,0.004791491531866205,-0.0013152789307488352,-0.03104297821651758
2322,0.004644,0.02293116889028814,-8.714800792185814e-05,-0.02058289928222406,0.005994740899547667
2323,0.004646,-0.0504835636631814,-0.04905981394647416,-0.03360558255903235,0.010485818028291417
2324,0.004648,-9.774965418394706e-05,0.031469377966672575,-0.027599695565057304,0.017240035214440255
2325,0.00465,-0.003416116571858434,-0.028291355842227858,0.011559230121387567,-0.001980355747356976
2326,0.004652,-0.01887357582436196,0.0012599726143227485,-0.00388591157812176,-0.004610642055525075
2327,0.004654,-0.012377794497323982,-0.03914845616680913,0.0022429624768461687,-0.024081431211642433
2328,0.004656,-0.030609866029322034,-0.007220995323078212,0.022020796325165348,0.005568405230729434
2329,0.004658,-0.015934266250727667,-0.01714038173603572,0.019074397865663038,-0.0719020730834172
2330,0.00466,0.023920949675984415,-0.056220473247910165,-0.042462237249689415,-0.015427974937896766
2331,0.004662,0.06510372428792534,0.05032258080042799,0.02119463267391407,0.010696271348863497
2332,0.004664,-0.05586830904037424,0.004702744886420965,-0.016476645556799136,-0.024500080008681653
2333,0.004666,0.004644092699239778,-0.014133300283400964,0.026078986379065514,-0.05807864302838002
2334,0.004668,0.002250342670379462,-0.0263729167054213,-0.012289074867470806,0.009138792584377246
2335,0.00467,-0.03351923587830201,0.004926964179373945,-0.006370146156277934,-0.01981760595530666
2336,0.004672,-0.014117174580327591,-0.004636556735607782,-0.023035095376896363,0.00021283425976834165
2337,0.004674,-0.00834529864998227,-0.018338476112008822,0.04769526701708951,0.012457197676848629
2338,0.004676,-0.011481366978688633,0.0043758129247412625,-0.030804604103205242,-0.013103148203357498
2339,0.004678,-0.009602323513147427,-0.03740381729729648,0.011620621439832538,-0.015168381078384776
2340,0.00468,-0.010664000023422113,-0.017061595773700654,0.08877271771929299,-0.019878454505220383
2341,0.004682,-0.06206030861657483,-0.04799795912876507,0.022779078680863044,0.04009358075049389
2342,0.004684,-0.02045391574118561,0.038368490089063914,0.022247699995276322,-0.005684403929582668
2343,0.004686,-0.007813388513116064,0.005426106792469598,0.02632367466460923,0.011918836967850665
2344,0.004688,-0.020304249053960874,-0.005226211410789321,0.05943790364165772,0.007536413918885759
2345,0.00469,0.026079762806478456,0.016196549617476966,0.00820073231993108,0.0032609670004520685
2346,0.004692,0.02692171875974938,0.021559267059320496,0.007916804340346459,-0.02081287576643664
2347,0.004694,0.011566764166454156,-0.002010238094042503,-0.009247677340352277,0.08036327924898203
2348,0.004696,-0.04617153923123483,0.028755385771724484,-0.025880128327614917,0.003935864680301882
2349,0.004698,0.07705762557270555,-0.028871069844721885,-0.02171617964481791,-0.0005254121145480096
2350,0.0047,-0.02541650872894085,0.02652169052820903,-0.01603588308189885,0.01962028920448011
2351,0.004702,-0.03987567395400208,-0.05420494506462676,-0.006869549368591484,-0.047055235141127846
2352,0.004704,0.045548067382963506,-0.045894104714849934,-0.031130600630120932,0.012408596564238306
2353,0.004706,-0.017590918501860182,-0.045551639096028114,0.061198924802158786,-0.03004901409478722
2354,0.004708,-0.005887734224896476,-0.006275775603180908,0.021309274558997334,0.013870573820131767
2355,0.00471,-0.02480403113193017,-0.009774816523299203,-0.006807673006254472,0.02246878494595686
2356,0.004712,-0.03504965744575804,0.06054331670267346,-0.022775501623783324,-0.00026248190269779765
2357,0.004714,-0.03479968319079725,-0.0389447703492185,-0.02623285227232872,-0.02911569652992765
2358,0.004716,-0.012427710724644915,-0.02936895086291222,0.020866572638826294,-0.023489516859551248
2359,0.004718,-0.026814464803557456,-0.011789065923518062,0.029785166360888835,0.006446285208311976
2360,0.00472,-0.002990685896624096,-0.04299134309906037,-0.03428125379591128,-0.038352298201188705
2361,0.004722,0.0392055367101704,0.015916893693949427,-0.025848615267725823,-0.01693114931476966
2362,0.004724,-0.024758705287120018,-0.026575836491421256,0.013809030936485415,-0.008626086623529395
2363,0.004726,0.0624350323289239,0.037510794735509945,0.03928441021400167,0.020140709248443786
2364,0.004728,-0.012679772115215673,0.017933726535887522,-0.010464980835859738,0.04890828152185088
2365,0.00473,0.012128381491497616,0.007870810758090454,0.003812179872885272,0.05220799282082574
2366,0.004732,-0.04301251001510357,0.055148634830061785,-0.0055846142236241295,-0.04218446927446953
2367,0.004734,-0.022566291949291682,-0.04952421788170748,0.0196097023675692,-0.031148788510395584
2368,0.004736,0.0050600299861410045,0.03402651090497543,-0.020160507856984103,-0.00804311079073177
2369,0.004738,-0.03910099829748047,-0.011650713268535928,0.07722070875820117,0.023337994923313253
2370,0.00474,-0.007941912566808146,-0.018350641085451452,-0.0012790018696930017,0.0039015225658091852
2371,0.004742,-0.012572091214372734,0.015901775873133878,-0.028603424701812267,-0.028751630249528044
2372,0.004744,0.011105863711506138,-0.035059252606931934,0.02187051758587619,-0.0004284183719080037
2373,0.004746,-0.0548372765615164,0.0032849737668284034,-0.050554398737669835,0.020800860289669838
2374,0.004748,-0.0074614298775178825,0.055532526495204584,0.03213938533117821,-0.03182077518695474
2375,0.00475,-0.06062219591524252,-0.022653037703741215,-0.03663775808491113,0.05477214260631282
2376,0.004752,-0.00030943977840454227,0.028002564125495,-0.008550927376517576,-0.005390024648419368
2377,0.004754,-0.0009788106752672487,0.03319617955777339,0.009348742670237959,-0.03172001530429995
2378,0.004756,0.048675424142592516,-0.008784464969589394,-0.013665603716299454,-0.08488515906747104
2379,0.004758,0.01903198773484011,0.0030303791898564987,0.0029977696980570626,-0.01208474013332454
2380,0.00476,-0.017256535203983483,-0.011087412804912895,0.013894826133818382,0.019173533191000517
2381,0.004762,-0.006930947651237952,0.02846812482950277,-0.00236922543052433,-0.015126792543709662
2382,0.004764,0.00595246724722093,-0.0407815925548158,0.006981549272377456,-0.046265463165791144
2383,0.004766,-0.030831808799512923,-0.06056074220149873,-0.005253508580145019,0.048289011069272816
2384,0.004768,-0.003512299832443054,0.019307561382993815,0.07056941691937167,0.012121675443602875
2385,0.00477,-0.022956361337640667,-0.018827058082075118,1.974624669018785e-05,-0.01898683935782773
2386,0.004772,-0.016742609994402958,0.029557617277784696,0.030784688423166364,-0.04940677446145991
2387,0.004774,-0.02454508553700659,-0.013920131607401777,0.01797266838495756,0.034292267655169684
2388,0.004776,0.08105903802821651,-0.013970198888479841,-0.012471861430260866,0.017657100469131423
2389,0.004778,-0.020466501568645778,-0.004228855844715513,-0.012451143263506373,-0.07864961765712537
2390,0.00478,0.00369699690454637,-0.005470828779083709,0.038136931507706986,0.00016471222609064487
2391,0.004782,-0.03764242434942517,-0.007742966189385699,-0.06273248529409885,-0.03632753505598928
2392,0.004784,0.019065179044589927,-0.007420213198609898,0.02767524718494197,-0.05900676752634143
2393,0.004786,-0.00727384191971259,-0.014265374951633561,0.02867545747839618,0.020182883044998677
2394,0.004788,0.019267564502648937,0.04624230114252304,-0.011042613278596987,0.04005242505902157
2395,0.00479,-0.031326184526392076,-0.03242633249297081,0.022582397144950164,-0.045142222152264044
2396,0.004792,0.017182968852568734,0.0030393958116397826,0.032155581859646176,-0.0017833189486466837
2397,0.004794,0.0016814683888658137,0.015277949787747177,-0.01987948650179335,-0.021186189224706636
2398,0.004796,0.014232883195302583,-0.0008786342739191232,-0.01221941751912841,-0.002483522990930026
2399,0.004798,0.04783678523514989,-0.013290552202196776,-0.014160588398460468,-0.05122332673987485
2400,0.0048,-0.0012705881447134498,0.01970650533721176,0.02508594347042604,0.0032465280489159774
2401,0.004802,0.0286750071924265,0.021936912056407257,0.03338850689076788,0.02952907966432685
2402,0.004804,0.047099345883217535,-0.005090794996987489,-0.03981174127084525,0.019911562310562604
2403,0.004806,0.023416595679683287,0.04709986180143418,0.03843871068509118,0.05836417367593696
2404,0.004808,0.01859561940979599,0.006864317758158845,-0.041549493639772395,0.00924289603542241
2405,0.00481,-0.016575100706139538,0.006345300402974127,0.0016353955892896826,0.014152007665504047
2406,0.004812,-0.002919921286155319,0.02805060572197754,-0.08169462938625173,0.005699807254735334
2407,0.004814,0.036074693374576854,0.056101455253686434,0.021958840151551882,0.050546490677476165
2408,0.004816,0.005068079872762271,8.587727781189173e-05,0.015882469296832548,-9.582848673195192e-05
2409,0.004818,-0.023470724040520818,-0.015457207323956982,-0.033364587182284716,0.015851312845957338
2410,0.00482,0.0003417543750143179,-0.010808583502742925,-0.017000512705118705,0.015151690385988794
2411,0.004822,0.023413445418302103,-0.03391541989515548,-0.03863054009326853,0.02863529866863045
2412,0.004824,-0.04125399715465787,0.01642460501467453,0.048507275962620396,0.04857704410179403
2413,0.004826,0.02213617771896275,0.02126428545966362,0.06755722350589365,-0.07003186988681312
2414,0.004828,-0.013930070282419053,0.025454755472298043,-0.01011861023525871,0.037193349258211036
2415,0.00483,-0.0011806218093057793,0.003952315810127926,-0.008240239927378129,-0.01567532876424182
2416,0.004832,-0.016413298894429558,0.008134988905103288,-0.023236948974686006,0.028596146504738625
2417,0.004834,0.0195967777380847,0.03298249322909521,-0.03386773067978996,-0.05098429640359332
2418,0.004836,-0.00012557266895290618,0.08696401840678562,0.03798626334283711,-0.01663338925520139
2419,0.004838,0.01273536403294023,0.021827607223310508,-0.041051647221985836,0.04108877607103814
2420,0.00484,-0.0050227238046282215,-0.0027204253382358107,0.0007135397830156691,0.03433620417923684
2421,0.004842,-0.02265546474604224,-0.05120910014353357,0.009688658787001335,-0.061309742585193866
2422,0.004844,-0.009033107854066202,0.03560622869576455,0.017372817105262145,0.03127068197175828
2423,0.004846,0.01861054095608487,0.07231003466350225,-0.01764718882970445,0.0119439503102497
2424,0.004848,-0.01314361413637951,0.028704038097446125,-0.0018472462815148788,0.05156534638332135
2425,0.00485,-0.01592447866205929,0.04221379577150953,0.017794185916319125,-0.0009738320726094175
2426,0.004852,0.01627327013579773,0.007837931625875767,0.0106786404075543,-0.006206132192831727
2427,0.004854,-0.02104765522664974,-0.010052133598875917,-0.050494349338446674,0.025258449975978765
2428,0.004856,-0.03705491916526439,-0.006529411657070989,0.019441351244430995,0.025181901512997335
2429,0.004858,-0.05323955810511716,-0.0027554422567523332,0.013792340983464662,0.0015604832778698026
2430,0.00486,0.04032224873020634,-0.024654206997438068,-0.0614712339057059,0.024309780503055635
2431,0.004862,-0.01611258358855463,-0.05275621792757994,-0.004755371716994214,0.03691673927795104
2432,0.004864,-0.037897578534380943,0.07007987861841802,-0.025136447836099855,0.0026103256237724965
2433,0.004866,-0.036573972535428254,0.001248310460880426,-0.004012434652760308,-0.04468481706993261
2434,0.004868,0.08477480906852729,-0.014860115070560839,-0.014833876719180857,0.029071076380609632
2435,0.00487,0.05442764650045406,0.033793106040129084,-0.03603540369079759,0.006417270284839882
2436,0.004872,-0.05644117447154984,0.027051152439670694,-0.04905564415591386,-0.02409603970827711
2437,0.004874,-9.604512093932028e-05,0.013350196834230365,-0.007828038701859573,0.045572510301986446
2438,0.004876,0.02169718746576838,0.019341742621926256,-0.036882027059539906,0.05098103692636208
2439,0.004878,-0.02409195432835535,0.052126272989612824,0.060665851707767136,0.015379695970913251
2440,0.00488,0.030960392930382625,-0.09248759289170606,-0.005850072464711321,0.03306496919758619
2441,0.004882,0.027735308049422536,-0.03659170014299633,-0.008811661196036212,-0.0760909651560344
2442,0.004884,0.012389785205182602,-0.05649985203680471,0.033914335283627146,0.03548174582152227
2443,0.004886,-0.014231004432194959,0.015638277913622656,-0.006512961721815255,0.007257251850445984
2444,0.004888,-0.034417782697294494,0.01867477869719728,-0.04923555690673249,-0.05489790486988145
2445,0.00489,-0.0036578495000097557,-0.006337298388338385,0.008169051916552513,-0.019485224707089868
2446,0.004892,0.056570749973567674,0.00481814968138326,0.0069864533554867625,0.0059170163222113685
2447,0.004894,0.030087296068442338,0.01728052243453393,0.013260536991248377,0.022079523145967724
2448,0.004896,-0.05473843911141574,-0.05360542951757332,-0.002281762359043315,-0.005930216480457064
2449,0.004898,0.017394295321446242,0.0006005070655051607,0.01745594803362632,-0.03736785808683857
2450,0.0049,-0.00032233711226084186,-0.040231702138733526,0.011605738031142026,-0.05634855127089962
2451,0.004902,0.010449302956226389,-0.04406998142691337,-0.011505833796653864,0.02684783074347747
2452,0.004904,0.006821399657952524,-0.049369806711729025,-0.02017181534082072,-0.045041355764304056
2453,0.004906,-0.050842754988155804,0.0035298952840192286,0.016808950306803096,0.013218177621470685
2454,0.004908,0.018078804446392528,-0.00035732552657455373,-0.008201706562499033,-0.03219207981186943
2455,0.00491,-0.013202390152514966,-0.039640451559785114,-0.02535496581380758,0.0026678061131412555
2456,0.004912,-0.003534182626227669,0.09194184113684327,-0.04037386792515023,-0.0037529616249534613
2457,0.004914,-0.04271196333611173,-0.011633576279098527,-0.010412795463455535,0.025346400786994145
2458,0.004916,-0.013489996176537636,-0.005739588001684767,-0.012909538874166585,-0.04203155232171627
2459,0.004918,-0.019563071153793223,-0.011458101452514531,0.0022147765021915365,0.016768418616744753
2460,0.00492,-0.007037895291330875,-0.0075652879194404036,-0.051624394754611586,0.016192035517690533
2461,0.004922,-0.020876936614501223,0.022413697146893265,0.03949319843562587,-0.005637450800790157
2462,0.004924,-0.030699338422976764,-0.000500958392588944,0.010461059940559153,-0.009465600037401626
2463,0.004926,-0.016921152281379716,0.016905966320922408,0.014927348240825854,-0.010388689209814731
2464,0.004928,-0.04962198495782069,0.013691345561383572,-0.023019815803241295,0.006430232261109269
2465,0.00493,0.0045347169503711085,-0.056668422811279956,0.002432450532347202,0.015435975761233664
2466,0.004932,0.019114572459314604,0.003520972532889381,-0.0593155813184877,0.03831243186559912
2467,0.004934,0.012330680026277413,-0.03609957988111432,-0.023632891204748204,0.00693672627883562
2468,0.004936,0.02039352579894767,-0.01463888569043105,0.024765762221372244,-0.05378300487300533
2469,0.004938,-0.031273770332813616,-0.061930920295262475,-0.026922154286090794,0.04524231553632284
2470,0.00494,0.06173406703756207,0.007037714046913278,-0.019152876218056638,-0.0066491970255283025
2471,0.004942,0.014200196724990665,-0.04688942554917247,-0.017174975279436143,0.04304679223350747
2472,0.004944,-0.03137130207985087,-0.022470746977846286,0.0003958096794432149,0.008494267785141275
2473,0.004946,-0.018750121385984166,0.0023089314975586633,0.018238186012183185,0.05884355471290942
2474,0.004948,-0.0037873313830434265,-0.0012389194602168824,0.045823570379385316,-0.01647497574894286
2475,0.00495,-0.039730590982865424,0.007507469269768872,0.03228525075263745,0.010831414055990564
2476,0.004952,-0.002910469726417373,-0.04345180119404517,-0.0017510773580511941,0.0369946477894901
2477,0.004954,-0.037023512446176646,-0.00734241521409814,-0.011624541964750823,-0.020931137119132356
2478,0.004956,0.0074376901355701725,0.013299157237680229,0.012984807143803102,-0.02930429290845375
2479,0.004958,-0.04937951083001048,0.007871653095921855,-0.015177571244479555,0.05514937139060357
2480,0.00496,0.05653529088044838,0.059720693831881194,-0.028203327031041395,0.017081072602262805
2481,0.004962,0.02612857551754452,0.022750627006332062,-0.010631938325815759,0.03837494708895978
2482,0.004964,1.4249590995683847e-05,0.003843183748063182,-0.046135003553314305,0.01934294908718966
2483,0.004966,-0.007812351407172327,0.013943365863015752,0.007053410994138547,0.005428097299913125
2484,0.004968,-0.001371407174000525,0.02359799203981362,-0.005966776106551983,-0.043655922583589496
2485,0.00497,0.01706866819121802,-0.024270165747349158,-0.03972785528046419,-0.030667300024277946
2486,0.004972,0.008499971380707627,-0.0028955640928455028,-0.06398049089018543,-0.011509678291580087
2487,0.004974,0.035076936749242935,-0.013538870128001363,-0.004964296602827775,0.031289743119814584
2488,0.004976,0.023864677746136074,0.03065253262955133,-0.08317660830161108,0.05200569115326332
2489,0.004978,0.01909201306283787,0.07384429242072449,-0.023469780923228514,-0.052903518169467305
2490,0.00498,0.0002165537017552918,-0.008261169892714828,0.019609919508444637,0.03224785033759067
2491,0.004982,-0.0026188243463849126,-0.007221241374381774,0.015681594585483818,-0.007689859970774932
2492,0.004984,-0.010199463026903624,0.031114048160258576,0.037793335707107176,0.03251898731589281
2493,0.004986,-0.005046891381765766,-0.06419366963259548,-0.004446182591785446,-0.022739400380311463
2494,0.004988,-0.0038917505703176406,-0.020132726781528262,-0.0006221956639680594,-0.03117826887694693
2495,0.00499,-0.03842152310155136,0.03668074447712676,-0.0290897284010296,9.948757690606597e-06
2496,0.004992,0.028635445398085064,0.02742912378688718,0.023845446147460536,0.009085995435046058
2497,0.004994,0.02172009925610549,0.04119264397818463,0.012750677819861202,-0.0551160704044255
2498,0.004996,-0.0158559961845029,0.020891102151662632,-0.018812878011282126,0.048603184183759314
2499,0.004998,-0.0018953948449929449,0.0025574631407830877,0.03374232596705207,-0.005485496919278783
2500,0.005,0.005288311071845581,0.026973704519973368,-0.044168118475010586,-0.008558944871626489
2501,0.005002,0.024874598861373602,0.0019680044502778217,0.0440200143623244,-0.04727770074560755
2502,0.005004,-0.05070005303838399,0.023090595498681532,0.025974216447983242,-0.005797500204955
2503,0.005006,0.01201183200137173,0.0223562093289422,-0.02441589617555239,-0.021205451251478977
2504,0.005008,0.005691785375959098,0.027122668796811602,-0.03497870779073954,-0.005938428958050581
2505,0.00501,-0.00732709895113316,0.012538773151282925,-0.0002609511002650282,-0.016376507514085783
2506,0.005012,0.037456973422722174,-0.0161777244486246,-0.008762890890643608,-0.047744929077588705
2507,0.005014,-0.021408776305376853,0.015482282290171498,0.009618058690645796,0.017985509701972855
2508,0.005016,0.01652946857837011,0.06263142108885462,-0.0224357648234073,-0.04858271230304365
2509,0.005018,-0.031516589882145715,-0.02110955507494774,-0.029229808098507327,0.002809825429345625
2510,0.00502,0.03757964716671064,0.046189772189097436,0.01512925505539813,0.06423816646362046
2511,0.005022,-0.010691191696992572,-0.04897557126007279,0.03159534203664508,-0.055157831752471874
2512,0.005024,-0.022650090680994127,0.01560336697268389,-0.0030714444014634233,-0.005728582886145177
2513,0.005026,-0.03542370098460018,-0.00032407168300011035,0.030109874662133756,0.0005990374960805675
2514,0.005028,-0.024906776389231826,-0.037426153817919916,-0.024287837488667356,0.011770012572430752
2515,0.00503,0.010308067870791303,-0.02401521301787006,-0.06632278265946175,0.012600382910164945
2516,0.005032,-0.02693122196925753,0.020671874370458504,-0.022683289263832493,-0.02963701361009426
2517,0.005034,0.004595157217787529,0.07073097690079107,0.022470899733497196,0.004086578976175554
2518,0.005036,0.010765546091429047,-0.05253347584456792,-0.03367021112257669,-0.07532786595141416
2519,0.005038,0.05189621683729868,0.04582158087467245,0.011784555786447295,0.004053453092526142
2520,0.00504,-0.0465477000749274,-0.006578998807520732,0.05377175635211677,0.003942479945871429
2521,0.005042,-0.01693939398635689,-0.0527421198001084,0.04140917183192415,-0.0021025140308296897
2522,0.005044,-0.052702015600884874,-0.02772797046214626,-0.03832614052074391,-0.0039523057713591585
2523,0.005046,0.006220169088384559,-0.01509651192835574,0.02331139789460645,0.0023640672141732504
2524,0.005048,0.0318693715581639,-0.010715822342421567,0.09135976776033436,-0.01693466170421873
2525,0.00505,-0.027099899752676158,-0.03078901650287273,-0.0063282217966291595,-0.05158608272597351
2526,0.005052,0.00883688531483432,-0.057159113086944206,0.004850127721716934,-0.040537552322890594
2527,0.005054,-0.011438802221402783,0.01813621197397078,0.0691211305162906,-0.032340015623434706
2528,0.005056,-0.004509523482791754,-0.021712760243266266,-0.026096109676823867,-0.021449199899086332
2529,0.005058,0.024721994269108174,-0.01464167592691139,0.06747938094812565,0.01247937767684202
2530,0.00506,-0.03030031983522225,-0.011001155464352319,-0.02405540970119968,0.024002059588401414
2531,0.005062,-0.049163389696957584,-0.040228541413074304,-0.017746383562474242,0.020488403794149762
2532,0.005064,0.03699180824468317,0.0414162657231853,0.01589404559842591,-0.0024866860907406013
2533,0.005066,0.02383877436941978,-0.034335018522951316,-0.055339716660486794,0.013099127330594668
2534,0.005068,-0.0301703525144655,-0.001959201964964425,0.003588810476184435,0.0074435867753488965
2535,0.00507,0.02813374615575156,0.024962255648751944,0.005850002015030707,-0.013260458414082167
2536,0.005072,0.003232862660289627,-0.017886312500247643,-0.0058928676601851275,0.0785452027074124
2537,0.005074,0.005465691026506214,0.013507350511126453,-0.021164419470910863,0.03060220249289604
2538,0.005076,0.02280817267990273,0.023020576639652547,0.006446737402603898,0.03102570287300312
2539,0.005078,0.038150555899041996,0.008492967580478853,-0.0034383707700096837,0.02683712970344282
2540,0.00508,-0.02712375919679231,-0.0215388084184598,-0.0015990102865470399,-0.05224071205314436
2541,0.005082,0.02482785820690273,-0.028887416623974694,-0.014144730645052705,-0.006398387870393133
2542,0.005084,0.0011786046471165053,-0.010309598292691256,-0.002021131416910465,-0.001788828971712422
2543,0.005086,-0.013410928728813786,-0.023195833729162958,0.03244421773066805,-0.06313217106800108
2544,0.005088,-0.006171454770284483,-0.014066984156526467,0.012563744601794597,-0.04362878389557026
2545,0.00509,-0.014993560237308124,-0.003070792019692678,0.03210220831111378,0.009965549003862716
2546,0.005092,-0.035504646326065856,-0.01462430156161979,0.02658154057982073,-0.03602324597769202
2547,0.005094,-0.0023593280511711246,-0.00027361357578826746,-0.011573491797622935,0.08087255348396745
2548,0.005096,-0.012381943783426469,0.013492954781033928,-0.022989033606578526,0.015832439759982126
2549,0.005098,0.026123627905558056,-0.017638921102382937,-0.0016410544565559873,-0.026858393096726198
2550,0.0051,-0.034332114361496746,0.031103862975006193,-0.016620028376509437,-0.0724083698552421
2551,0.005102,0.052960684694808684,-0.024062859691878186,-0.007391191312440922,0.04922719516482944
2552,0.005104,-0.0042522628256291975,-0.004900098066055902,-0.036845191336515995,-0.04904501098882699
2553,0.005106,-0.004991587937883848,0.010884293222246844,0.009165762246323176,-0.014437832414076472
2554,0.005108,0.00060773398040827,-0.05511629985983901,0.013805010620864354,0.004842175343101378
2555,0.00511,0.05920982682548572,0.00022438939287141882,-0.02828008056438237,-0.0015216940226645728
2556,0.005112,-0.009833994000475108,0.013041236063111935,0.0008067618517555844,-0.03779840103157931
2557,0.005114,-0.049072298645820585,0.00788724607899048,0.041493436232077165,0.0023804365215515768
2558,0.005116,0.02439892061760621,0.030384274626108005,0.00800375537384005,-0.024434744635842245
2559,0.005118,0.005859242551366927,0.03621218662801442,0.015896716487997425,0.02244736028485967
2560,0.00512,-0.013876387250754777,-0.006070612792364466,-0.003561819327011014,-0.0015401400761038762
2561,0.005122,0.035038749480370765,-0.07041521185014502,0.0009161491374551294,-0.0023848912708456247
2562,0.005124,-0.04114503424332447,0.02015301649762395,-0.021735005758347737,-0.01071097948059479
2563,0.005126,0.0554634572326213,0.030299209486171676,0.017234608174353485,0.011423308039332124
2564,0.005128,-0.00494040067336028,0.05998131796110304,0.02406502894320717,-0.022486497418957575
2565,0.00513,-0.042003068346529615,0.01700514005967808,-0.0016760738963533404,-0.042868145008385025
2566,0.005132,0.012857584971347457,-0.00807081480934562,0.015919947765824095,0.0132522064374272
2567,0.005134,-0.018247920646315176,0.01898534293272614,-0.014937152479046974,-0.012986456195429139
2568,0.005136,-0.015968142198641337,0.033929232834188125,-0.008417171641630816,0.041173295416927554
2569,0.005138,0.053504546105605795,-0.022161574105633464,-0.087629859440908,0.031335286298138185
2570,0.00514,-0.010259156920804233,-0.02598559239395974,-0.017661543184589044,-0.012444414640980879
2571,0.005142,0.03891579272081219,0.004797337179525435,0.038507958903244065,0.014826603578354866
2572,0.005144,-0.009276921718514531,-0.011710716096277716,0.016848262522488035,0.024612768879981255
2573,0.005146,0.02990378057102608,-0.00784615534127229,0.005256175692134171,0.017521212277659792
2574,0.005148,-0.011518950778105858,-0.034048201014083006,-0.0241881320010637,-0.007231063276439563
2575,0.00515,0.01986621417660903,0.03776932486716305,-0.04068141626203862,-0.017920350417899477
2576,0.005152,-0.010735874911897553,0.023841510969199314,-0.015843316061655004,-0.012891970048424156
2577,0.005154,-0.04235977731450672,0.014502219479197768,-0.004841972237896638,-0.019621351049387892
2578,0.005156,-0.007785396734462897,0.033809865057937885,-0.03014660724959529,-0.02524978893310788
2579,0.005158,0.037567573423968624,0.002273244840565727,0.020092622901357517,0.012052557300170599
2580,0.00516,-0.0010600365688184525,-0.010448973574456696,0.024946740674514557,0.03487009703433465
2581,0.005162,0.0325256504104829,-0.035564149009430515,0.03914733053532987,-0.01073805762592935
2582,0.005164,-0.02265088612634503,-0.005079830903054201,0.02493385305746196,0.016213925520841874
2583,0.005166,-0.007661592355628032,0.02512997600633924,0.004195817422783047,-0.01718914396618123
2584,0.005168,-0.021241058488754794,0.012307045332648597,-0.0024755320744680497,-0.041265154602409086
2585,0.00517,0.02541484479208509,-0.014408250858732612,0.047763589439663835,-0.04208969955464133
2586,0.005172,-0.005421257891700342,-0.020999330533176826,-0.029262675611320163,-0.014603721502751299
2587,0.005174,0.053117028271109444,0.004301105102385107,-0.023751241163922868,-0.05485885231012215
2588,0.005176,-0.051640876390430586,-0.01609389432356206,-0.0190106395241598,-0.0067215211870345635
2589,0.005178,-0.06816551401307554,-0.002750447851396005,0.03083189325441323,0.048685237420925856
2590,0.00518,-0.05683338443751418,-0.024041782777174666,-0.025627015829236054,0.0043716428257695
2591,0.005182,-0.0365931740362936,0.05046789746180042,0.0013056741505721933,-0.0036943886789763524
2592,0.005184,0.04778141201348332,-0.00048142872250044527,0.012009102194960661,-0.022523948198761475
2593,0.005186,-0.041115061951631504,-0.018310848945126922,0.06560927516834472,0.018990628448608677
2594,0.005188,0.0082360451133315,-0.029291201705555988,0.027337524029515375,-0.040730798229413744
2595,0.00519,-0.047011693490471435,-0.016766613686449376,0.05863472735884343,0.05693682697177835
2596,0.005192,-0.013537107847516312,-0.020225970545939526,-0.04921086121679339,0.0023409217656025316
2597,0.005194,0.004860382559643583,0.02368668762590737,0.027321225399754918,-0.005922657529938988
2598,0.005196,0.01668083624278753,-0.02101916603539608,0.01611127600082057,-0.015216962345536761
2599,0.005198,0.013783755479008133,0.011355039758560956,0.002064108770851928,0.023836191544780633
2600,0.0052,-0.047111972140820566,-0.0319474865466282,-0.008101790206591028,-0.043297901630199684
2601,0.005202,-0.01220593543664116,-0.011238908852326507,0.03929051360000081,0.0042760110687438705
2602,0.005204,0.030882887281916342,0.009050241564291543,-0.01607001813696196,0.004011504232395364
2603,0.005206,0.021882790017965188,0.035802039793277424,-0.003969301888033,-0.04942531931558832
2604,0.005208,-0.051534067722657055,-0.009792378303506606,-0.07013704503443918,0.053853133972104915
2605,0.00521,0.017907996941992,-0.01907001028491734,-0.033289427820263874,0.0308435728792833
2606,0.005212,-0.03340911466953017,-0.03054680290803157,-0.02297837820080075,0.0034226224372297573
2607,0.005214,0.01862392317442195,0.03578016700246989,0.03134913896840105,2.3211277042249383e-05
2608,0.005216,0.03061565921269001,-0.02012998841929081,-0.05462598043385899,-0.020133932151315242
2609,0.005218,-0.02418781542828862,-0.018959612153975302,-0.028781241877256673,-0.013833287327391362
2610,0.00522,0.01860051642280734,0.05145771307987715,-0.05176039422777069,-0.038632038807022324
2611,0.005222,-0.023743387761845026,0.02297225632309778,-0.006148423289191491,-0.021723276693108685
2612,0.005224,0.02150199023116264,0.028691707990259066,-0.000562798782708906,-0.02448657679861631
2613,0.005226,0.008108387017061782,-0.006998046253577006,-0.007230397313563817,-0.015372006558055087
2614,0.005228,0.027749497419662667,0.007496406789803816,0.031071026456688907,0.04008978436434377
2615,0.00523,0.01376942306599922,-0.01519431344655456,0.031209786966593545,0.01396994106835063
2616,0.005232,0.07810103330422917,0.009303086654840592,0.020930641170422513,0.00871271673888095
2617,0.005234,-0.002972957756043543,-0.007763746487626992,0.008827315339757,0.015635272554415658
2618,0.005236,0.03463163698933275,0.009265516749112928,-0.013886675262756868,-0.009805619897969502
2619,0.005238,-0.039688108287095424,0.04983641530716929,-0.01623520840562546,0.029023213804137197
2620,0.00524,0.008296525723276008,0.009111954925182207,-0.0035234362581701055,-0.0236339666588002
2621,0.005242,-0.02905606201475925,0.0518539616641481,0.0034188323651173805,0.03375803238562952
2622,0.005244,0.04154720812935753,-0.012325407902976425,0.012705172977835326,0.0013503232647404321
2623,0.005246,-0.034716414090506666,-0.005564399277127681,0.017625197707176823,-0.014970877650325736
2624,0.005248,-0.009745295861155837,-0.005201005661569353,0.0633458799393031,-0.05502146811313318
2625,0.00525,0.015049298970817769,-0.007600172317564945,-0.01921964725507301,-0.008336271214687961
2626,0.005252,0.02002128731500269,0.02173570782061682,0.005580513673042592,0.03278223949369881
2627,0.005254,0.03806498985301729,0.02449127825851843,-0.016385773534416566,0.014833246476386296
2628,0.005256,0.014976019774157084,-0.02446894300939655,-0.04708316682162774,-0.060683268641236666
2629,0.005258,0.002095664703364549,0.008941191446007545,-0.03545344732957243,0.03138096997654088
2630,0.00526,0.004566544478892365,0.04048357844746058,0.01111607609950773,-0.03199000715637454
2631,0.005262,0.013748436398704466,0.02010332084616304,-0.016428707576610174,-0.04326278991929625
2632,0.005264,0.0030088819291981877,-0.030025339059485543,0.03362662989183395,-0.012215300412797775
2633,0.005266,0.05173803319479896,-0.06372476002556507,0.00404386812435444,0.0428817792030396
2634,0.005268,-0.026709129476618902,-0.004776028068811065,-0.012091071430921318,-0.020513029264568484
2635,0.00527,0.007338679233428439,-0.038862648029973114,-0.003329063439906769,0.015479827130537202
2636,0.005272,-0.006452811341599292,-0.030006125999573266,0.03090556195804505,0.0219077088485055
2637,0.005274,-0.031235615139112237,-0.03882322695067624,-0.02855773247981473,0.01635819496461646
2638,0.005276,0.008267186968876369,0.023702481373371425,-0.009784506541518447,-0.02774202712500321
2639,0.005278,0.02756539465243497,-0.016603455403534917,0.005596441675619357,-0.046497745173461225
2640,0.00528,-0.017094312729683977,0.0302818896282454,-0.021488237000095726,0.024435114643544982
2641,0.005282,-0.06993059088564581,-0.016781749789295582,-0.005140639376343977,0.05227620910027217
2642,0.005284,-0.03507188640043355,0.02012979886341269,0.03170795343746381,-0.021644689417328233
2643,0.005286,-0.011205718463180693,0.004248863214357105,-0.04444454901577588,-0.013653096355840699
2644,0.005288,0.03828336122839248,0.015679644325932617,-0.0047025386844972835,0.0033921708550944995
2645,0.00529,0.017427160965893147,0.02317230443730341,-0.016692424421373062,0.046041628298390085
2646,0.005292,0.039490446036139826,0.020317728910596383,-0.025288795975376734,-0.030606717203117792
2647,0.005294,-0.009798113897897797,0.0018229529293323243,-0.05305475596677157,0.014840794006357683
2648,0.005296,0.038623867915454156,0.01729422419492632,-0.02028158408412705,-0.023832101922014716
2649,0.005298,0.00899557032522236,-0.004599111460145393,0.013291235227677242,0.018051641178169042
2650,0.0053,0.03275671586683986,-0.03396370286788566,0.00664856843547936,-0.010904250118839704
2651,0.005302,-0.0029590513180608423,0.02593226558006232,0.0291937761915373,0.04195330951150962
2652,0.005304,0.01276770751104803,-0.00330050372267383,-0.00758635408351151,-0.05204265007184006
2653,0.005306,0.040192051346958114,-0.0096569524135701,0.015176911800087314,0.02036989577227298
2654,0.005308,-0.03735946527150418,-0.027700391773789038,0.046410597211664815,0.008713065470506324
2655,0.00531,-0.01741756992895548,-0.0037904103338263126,0.03258710714498517,0.028029434392029123
2656,0.005312,-0.04398245286718929,0.04902851531015677,0.028984440929960387,-0.0045742574802475865
2657,0.005314,-0.03575167329260161,0.03162025920182776,0.014292825008838588,-0.043733951342332954
2658,0.005316,-0.006962342260751311,0.09378518828377465,0.0004950527224326458,-0.022259117830069706
2659,0.005318,-0.030254898759199216,0.05316296950288259,0.02543278468733064,0.04222317341751682
2660,0.00532,0.007445558522764736,0.0376205770599836,-0.02544961168643732,0.0048777294274517475
2661,0.005322,0.008611605449182085,0.041473407956256626,0.00956529120421366,-0.018765352252086445
2662,0.005324,0.0019222151676112206,-0.05029239607380722,-0.06962906199810802,0.024940241103248613
2663,0.005326,-0.01124231658919032,-0.007842518969408031,0.024928400380998444,0.04191031155133797
2664,0.005328,0.01603463864482749,0.05784218490653435,0.015080674021718322,0.009066403907399842
2665,0.00533,0.007211664675137974,-0.03856486686400849,0.028679958169203667,-0.07336398060045858
2666,0.005332,-0.017587585718273346,0.0006879105170283741,-0.023692869702400886,-0.013552677692184642
2667,0.005334,0.05518126698681686,0.03312071657345036,-0.020574830424202172,-0.014086995329171292
2668,0.005336,-0.03831011845655531,0.02114981358018411,-0.007492273512314272,-0.05899399412683643
2669,0.005338,0.003023507754301745,0.013169366508054768,0.028894229195251586,-0.0022006438373032475
2670,0.00534,-0.011180134883591448,0.05958794041468584,0.00019758468298655509,0.021586854947938043
2671,0.005342,-0.01618618930128776,0.020697289549074984,-0.043668869772122934,-0.013862026371559009
2672,0.005344,-0.03624822718278162,-0.018149199656084025,0.037514101206932125,-0.018369776679110935
2673,0.005346,0.021547683764222527,0.0455179554617112,-0.0008273194080995668,0.029813013151688397
2674,0.005348,0.01593257874416026,0.003493107917505984,0.022509467679507882,0.055198142699755606
2675,0.00535,-0.019118067375256575,-0.028776027005282243,-0.0305374363696603,0.02983283909209664
2676,0.005352,0.03388102869385059,-0.016111108000018054,-0.0640804064831804,-0.020242702197692572
2677,0.005354,0.016435625334209884,-0.0020016941694849908,0.0054104324026610084,-0.015700332548267935
2678,0.005356,0.030422673741292934,0.01029575405263909,0.01759390417091406,0.004771970490800446
2679,0.005358,0.01573104490832531,0.013757150645428843,-0.027842238844073455,0.011191892861253843
2680,0.00536,0.023745245158395593,0.034654243985845316,0.012483214448511384,-0.028957515561946083
2681,0.005362,-0.024339519887220086,-0.013054442437587927,0.005683917244095745,-0.0036670830392277944
2682,0.005364,-0.03371196196892741,-0.03389160102945154,-0.06295565324720051,-0.0935842477160403
2683,0.005366,-0.003953454688647755,0.06960691125428566,0.05390338571374279,-0.029346942363689135
2684,0.005368,0.004497098921718315,-0.04393738530150497,-0.039363285925743625,-0.03592417792891139
2685,0.00537,-0.006764960533254992,-0.005473788306359285,0.007581059124205766,0.019896491691128487
2686,0.005372,-0.01010642770185475,0.0010860591198788418,-0.03281437520070628,-0.04033491072771544
2687,0.005374,-0.04496917038144929,0.019477434033846823,-0.0101372354426473,-0.05613360788473209
2688,0.005376,-0.0018926685805082913,-0.037464639953582506,0.04981136456918915,-0.017364651647604788
2689,0.005378,0.020445179574573636,0.03266889082154962,-0.02864785357671124,0.0022814135266412345
2690,0.00538,0.01660403704164439,0.0034663851723032027,0.010833022779294543,-0.039888881806774606
2691,0.005382,0.01662108659143573,-0.01458492582518127,0.010483536698524221,0.02759966536654393
2692,0.005384,0.02006425522554821,0.010461591764684211,0.019263848885535503,0.020652331616663556
2693,0.005386,0.04486503484151778,-0.0010215209838831314,0.00491870980327166,0.027962004269283348
2694,0.005388,-0.014711628292905388,-0.04005802418033957,0.014796905237483119,-0.006180710538478338
2695,0.00539,-0.03622582235203103,0.01501625788139512,0.042933990450877445,-0.04889227638867258
2696,0.005392,0.030669749856494437,-0.07611202547237045,-0.012008598905445417,0.055215477367277395
2697,0.005394,-0.009849721455386,0.0026981518746297577,0.022885986023206652,-0.051494205421819574
2698,0.005396,0.00216284402519266,0.0019263921588392472,0.05586962919746219,-0.0370722249299347
2699,0.005398,-0.011446179493503647,-0.02785067372470847,-0.031032354110741383,0.03382208181193735
2700,0.0054,0.0007995450600245304,-0.016667015892795622,-0.015535377034276064,-0.01689681230836188
2701,0.005402,-0.014214095322230816,-0.03793336032867793,-0.007761886276956004,-0.010776200749564337
2702,0.005404,-0.022733901192100274,0.004651387689149242,0.0071966844035447515,-0.016699416428751227
2703,0.005406,-0.004324024522987648,0.0647587118070257,0.06361299775806412,-0.03162270570389207
2704,0.005408,-0.02743342699765676,-0.03178209830975989,0.03171161819916717,-0.011955878987270824
2705,0.00541,0.007190227307888992,0.05990901999842651,-0.00031394382931387323,0.02118746165271962
2706,0.005412,0.015612622479011795,-0.017646520550878484,0.03177485195225577,-0.025491024273005574
2707,0.005414,0.040196393593325275,-0.017623528956273588,-0.014339031616082838,-0.03265463470880375
2708,0.005416,-0.02772778232449941,-0.012802929669856062,-0.07294045673731835,-0.006999970235267895
2709,0.005418,-0.015239227117245504,0.023700332958354962,0.012689422150704767,-0.021229122932978902
2710,0.00542,-0.013756522782777206,-0.007038541155626931,0.04457869663427547,-0.024669140413693256
2711,0.005422,-0.02159281994851962,-0.033857524548514525,-0.04446118438308554,0.009210108708764845
2712,0.005424,0.006087099932196298,0.03848285558506056,0.031242270231807884,0.07191350143595424
2713,0.005426,-0.0022161830262328753,-0.00781588691388621,-0.03900679035400078,0.02089734502428977
2714,0.005428,0.003556027243390164,0.0195379891503205,-0.034173726577151994,0.01054812567080099
2715,0.00543,0.0061559885386182536,0.004171051196810602,-0.02049797724571572,0.03567973945660195
2716,0.005432,0.06150922736934034,-0.03331032078892846,0.02161331938778874,-0.08633550454021167
2717,0.005434,0.02005829848447375,-0.05610463849625264,-0.01574902043697774,-0.03939073985262751
2718,0.005436,-0.00646834484848188,0.025163810951034857,-0.055719397911810686,-0.010784390685469165
2719,0.005438,-0.015401063064481703,0.04743146051615623,0.012952830235508554,-0.03531651339820268
2720,0.00544,-0.01413883137091199,0.046683127151565945,0.02143095950322073,-0.027547003872162648
2721,0.005442,-0.008012116151492669,-0.007053274452244438,-0.016139457814674164,-0.05130636468965069
2722,0.005444,-0.02032865146169905,0.041675979175961234,-0.011434334611835255,-0.0030976089138275713
2723,0.005446,0.004215769405607223,0.06654424184136377,0.00026624314250884066,0.032818360607505336
2724,0.005448,-0.017945405161535897,-0.007781977815074742,0.0003765816933085516,-0.023223988255481536
2725,0.00545,-0.006111533418088729,0.02664152807439809,-0.0240109368327565,2.6709289091496223e-06
2726,0.005452,0.021262006549677977,-0.024733981464382333,0.03286241377844868,0.002186504391339681
2727,0.005454,-0.00495367690017869,-0.06024443417400644,-0.011208373260404208,0.01114777248435909
2728,0.005456,0.05236035056407403,0.017036674623348385,0.033786486953350466,-0.036273137208658164
2729,0.005458,-0.0038046748695886325,0.03662239326986592,-0.02663200651199769,0.028956678869193078
2730,0.00546,0.02199953593800999,0.008241709453494605,-0.009861078754079244,-0.02958885463717305
2731,0.005462,0.05326137882309941,0.018955875531720914,0.010218483740263466,-0.012385492446067533
2732,0.005464,0.0011361488876993327,0.004941518099100986,0.011996270542007182,0.022030208654158025
2733,0.005466,-0.02347414577565275,-0.04399790896461013,0.0025284255382049246,-0.05241652011974285
2734,0.005468,-0.009709829849809134,-0.015275694903352883,0.014752445766050075,0.059477911064589266
2735,0.00547,-0.05833771871710683,0.06822555090955203,-0.00699225477357078,0.010434260465177399
2736,0.005472,-0.042444964728711496,0.029906147106789616,0.0012441760905517255,-0.0018440223356486099
2737,0.005474,-0.05812155344708861,0.002213904415422822,0.025374849714497223,-0.00708835906449566
2738,0.005476,0.03522598036932452,0.033986855156740874,-0.019232861482225437,0.04785341576392178
2739,0.005478,0.0013588489297524712,0.00149235752363492,0.002969436678081933,0.002079472528233778
2740,0.00548,-0.07890400069975524,-0.005565191945691623,-0.04091839414987363,0.0487900710664703
2741,0.005482,0.04758248975163601,0.025558149973667635,-0.007154023120166653,-0.030240448098110956
2742,0.005484,-0.019727430038268143,0.05827925719278099,-0.020765921595598813,-0.07066786063158191
2743,0.005486,0.030904965254561805,0.0450150934085368,0.04977647061499566,0.031150440127479855
2744,0.005488,0.036045590317043436,0.0015880222216062554,-0.062288868704749895,0.000836431245000409
2745,0.00549,0.01864718317258251,-0.004058101696987511,-0.005425083562188452,-0.02892354117054967
2746,0.005492,-0.030052162298160778,0.0551444554429821,0.056230391096404264,-7.941393738310573e-05
2747,0.005494,0.008445708152787808,-0.02942574171111056,0.019277245498183618,0.05278947514842599
2748,0.005496,-0.0458769233983408,0.013916498991071813,0.01617066727935121,0.015828195446677722
2749,0.005498,0.04928453003545407,0.061080546365134575,-0.007004510336179871,0.020195210164690735
2750,0.0055,0.002527011171781781,-0.018963458788190873,0.008124424706430437,0.020144985855007437
2751,0.005502,0.006507860562509568,-0.026435436284583523,-0.013906819195670325,-0.013677222605239722
2752,0.005504,-0.02527331864792113,0.009406187448170062,0.012543362888792329,0.029385528026615884
2753,0.005506,-0.025728670444818934,-0.017324360586863798,0.04663708355793714,-0.004934875922187606
2754,0.005508,0.0009039308775490181,-0.00525311164186948,0.03399092456164931,0.035154260421450874
2755,0.00551,0.03339624301766544,0.0007970283407264367,-0.02617307932467005,0.05775639233277763
2756,0.005512,0.025689269308665514,-0.01369976944177169,0.04271456540833233,-0.016068267457772848
2757,0.005514,0.04232110209565969,0.04434853768153474,-0.027644483150431675,0.017452749090628824
2758,0.005516,0.023465721118839863,0.07844727598758995,-0.02226903352901571,0.04297629830981487
2759,0.005518,0.000520380541006625,-0.03724092550741708,-0.0035996150950286156,7.394283299121319e-05
2760,0.00552,-0.031766705793458666,0.009365208565545883,0.028734277664957453,0.007146019621860374
2761,0.005522,-0.016255322681396296,-0.0044541620522089796,-0.00013630070380353488,0.006519648824431459
2762,0.005524,0.033294922867200934,0.00815819260158268,-0.04208089885889131,-0.016869632159660742
2763,0.005526,0.0049806315268991,0.033723734548623416,0.038935393246096545,0.05324056024762366
2764,0.005528,0.003918431927379145,0.022899275265074806,-0.04363384603208908,0.012896447194844488
2765,0.00553,-0.032257923043825854,-0.001876175872642495,0.09089515166616427,0.00910662708571289
2766,0.005532,-0.025914396575409865,0.01223367017873716,-0.01551225559768064,-0.028822323394726537
2767,0.005534,0.06309418600171501,0.03200436078800258,0.010366098749872347,-0.011754698707426237
2768,0.005536,-0.009323684489165976,0.04627445600532451,0.009197326129937036,-0.09248415428846439
2769,0.005538,0.0726281554697651,0.005491870709168551,0.010301070172044508,0.032600844403043894
2770,0.00554,0.013962084819347605,0.022407258531504295,-0.012711704020947743,-0.036893859718991596
2771,0.005542,0.008406983444195897,0.0429484395682377,-0.01943407675149353,-0.021840719844593293
2772,0.005544,0.03663057781139812,-0.013717356154232741,-0.01231679741503206,-0.011194328188387257
2773,0.005546,-0.0019494294297143732,-0.04720914287706116,-0.016180203376248793,0.006911040574191658
2774,0.005548,0.006697138085244878,0.034739791577387616,0.05518176666584414,0.04537450339993209
2775,0.00555,0.027439571522218032,-0.004462037723016222,-0.0186920720987064,0.0005363529752520595
2776,0.005552,0.01756736309318694,0.024658133947370032,0.018692572005475503,-0.0036352641412815767
2777,0.005554,0.023605867195267846,0.037826175152505075,0.026404811522026242,-0.0009603916549019696
2778,0.005556,-0.0250154607751802,-0.025727022881643222,-0.020436528707765446,0.007712255960247896
2779,0.005558,0.015594112606669,-0.04243596953832089,-0.015119853250906526,0.007298563959161816
2780,0.00556,-0.026990397302928074,0.013017124591788139,-0.009222848727496973,-0.021702608150077702
2781,0.005562,0.0015961629734669257,0.011768409887373018,-0.02545586742809783,-0.007278371394421426
2782,0.005564,0.014030351319213237,-0.022862705499503023,-0.049732705212717054,-0.04609721537069263
2783,0.005566,-0.01254152592170909,-0.03955254828915415,-0.010431656855287377,0.04994828553518037
2784,0.005568,-0.041357951630660444,-0.008478145544331024,0.06396913662814152,0.012243902489271296
2785,0.00557,-0.011031698624267986,-0.00470647903557715,0.012880875251798336,0.0508731579188232
2786,0.005572,-0.015925608224317277,-0.02272830848664848,-0.04136426198340682,0.003092880975294121
2787,0.005574,-0.04217062109453738,-0.013913478744653839,-0.02726050323331057,0.032223705307023176
2788,0.005576,-0.015251891621004173,0.011907909840168478,-0.04812276005065689,0.003945208633585367
2789,0.005578,-0.03609480917582246,-0.012769454997895776,0.06633607722768672,0.027965231317226506
2790,0.00558,-0.003852377484939207,0.09596825729349588,-0.02745524071119953,0.03495649146226084
2791,0.005582,-0.04598023370541343,-0.007317682729438424,-0.04043369250541681,0.007718277452726243
2792,0.005584,0.0016791076073627022,-0.009229943975507453,0.0327617107537892,-0.01701296919008371
2793,0.005586,0.009805552434219721,0.02461664820814016,-0.04449663626688549,-0.02245243025023151
2794,0.005588,0.0016158290194750174,0.018904602582849556,0.04263713297764599,-0.006476393961837611
2795,0.00559,-0.009494131279496524,-0.026177880906409913,0.009899522765310998,-0.008913527210942749
2796,0.005592,-0.008220967884771554,-0.0028166551766552503,0.016548841862710172,-0.01691191659537783
2797,0.005594,-0.023164742667267146,0.012951725584023095,-0.09077174705647754,-0.018110345209850564
2798,0.005596,-0.03453928498222092,0.03609774669050366,-0.0132279828762869,-0.016821483458016925
2799,0.005598,-0.0014586745575982177,-0.017861172853947407,-0.012079444744606042,0.002913312312694894
2800,0.0056,-0.012661213035188043,-0.01287652356816111,-0.03030473021133926,-0.034613512215615934
2801,0.005602,0.0018191069277084175,0.009198015293574674,-0.04284469931351849,0.022798242461425422
2802,0.005604,0.02292142919474242,0.029240674148358695,0.00899667254221793,0.019112463008669877
2803,0.005606,0.06555077533734965,-0.009045648026318798,-0.0313707450266867,-0.04602179649664385
2804,0.005608,0.05267021790696949,0.05306361776095972,-0.027737992258026915,-0.021819624380356697
2805,0.00561,-0.00971973112593516,0.0367277061643795,-0.0386190659544093,-0.05899858574666625
2806,0.005612,0.06502543429686483,0.009371198607602263,0.01363239917755682,-0.006153180155999795
2807,0.005614,0.01397354771154071,-0.04542617650022958,-0.02522761700580689,0.00315473653567816
2808,0.005616,-0.06812672678700725,-0.009075528414426874,-0.010924931110032217,-0.009080706958510841
2809,0.005618,-0.016532454234629432,-0.029876757776234913,-0.05466095550812759,0.004342411415022361
2810,0.00562,-0.009003719603887296,-0.04125844639706033,0.0018760023850131202,-0.008848505852181183
2811,0.005622,-0.01383071854986345,-0.06470684660422352,0.02048302536923679,-0.036991531203273906
2812,0.005624,0.0018981076452372475,-0.024248053302980785,-0.011661795526439556,0.03456877475249733
2813,0.005626,0.015948546024101215,0.0339011983886841,0.009911564838647198,0.011884307530223414
2814,0.005628,-0.05343417000678533,-0.009525749815996624,-0.006747267955458248,0.03670994461055926
2815,0.00563,-0.015186879837207849,0.007945785271683672,0.0067727202925425695,0.03473025480842182
2816,0.005632,-0.004012322469184005,0.0248336084607944,-0.05114595402412573,-0.04842058298831825
2817,0.005634,-0.0685003303387358,0.023579549254,0.020210008133662076,0.026904827216978466
2818,0.005636,-0.02032085507118579,-0.016906429726039986,-0.003631429279869322,0.04331097908842968
2819,0.005638,0.05081484382866153,0.023814254695240882,0.009930591744105032,0.04006148093100377
2820,0.00564,-0.007675273714486752,-0.011728245914468846,-0.003870663618414332,-0.029361431082587333
2821,0.005642,-0.005250280931148382,-0.033522241313518206,0.03075023456698735,0.016310621730990536
2822,0.005644,0.042886871926434755,-0.048878484087425685,0.05705090840766218,-0.04717426241380321
2823,0.005646,-0.035949242252496176,-0.018624646405892703,0.03923162075909594,0.006767204916857202
2824,0.005648,-0.007314877515647154,-0.023778823039354816,-0.04127805451982099,0.03397881971079031
2825,0.00565,0.02395917783145919,0.040573511312770504,0.011904543809433727,-0.07926307375666604
2826,0.005652,-0.03733748798044356,0.013946139175401261,-0.011091510757080602,-0.016765259007843803
2827,0.005654,-0.033096802946685856,0.028427687022436206,0.013685779122429234,0.015035736687243676
2828,0.005656,-0.019008067463551714,0.0052886327669942855,-0.04013294778589443,-0.003894839425385806
2829,0.005658,-0.07583788735779326,-0.04704348417403665,-0.009669355327560341,0.07125354438824795
2830,0.00566,-0.05402229220274593,-0.03730741777619589,0.006503243900784302,0.053082687180438085
2831,0.005662,0.006065174909642203,0.02106425556912469,-0.010128112520294316,-0.0153186476681813
2832,0.005664,0.0024655305620326935,-0.019748681718783127,0.021728080161532354,-0.04818815696836752
2833,0.005666,0.02669961097700501,0.0011793903690825638,-0.006441626058025904,-0.04928953680559265
2834,0.005668,-0.02939366015993609,0.03595954419399536,-0.0062579699410009616,0.008351953976184634
2835,0.00567,-0.026385960399460392,-0.000871639086763526,-0.04116456144359938,0.0029964676286366155
2836,0.005672,0.011119226918106143,0.009618441815550532,-0.027107544914704854,-0.010261529523015048
2837,0.005674,0.016115824379448942,-0.006343127858342953,-0.008619161470203302,0.05710402825876669
2838,0.005676,-0.028529673565983737,0.032412554042669475,-0.034640419905147914,0.019643432573142435
2839,0.005678,0.0212445767437192,-0.01531095465171137,-0.036524305585863184,-0.05911299611410253
2840,0.00568,-0.01845340526776007,0.015786559438569714,-0.03232884471298735,0.0029084574277118405
2841,0.005682,-0.04429289393732536,-0.00701664576311892,-0.034411317125961925,-0.002339415056832813
2842,0.005684,-0.01503238408822596,-0.035710984087127993,-0.019766204336668217,-0.028024705867259792
2843,0.005686,-0.039417741007122385,0.03248237475868253,-0.010805245933527743,-0.06606676347220995
2844,0.005688,-0.018698424227840568,0.027441351414547933,-0.02284075899772129,0.04493231634400887
2845,0.00569,-0.02569986164884767,0.015102241674493653,0.031099157537730352,0.013505819169342993
2846,0.005692,-0.04123481923923091,-0.028274057307646937,0.03510212971159744,-0.024138343689959322
2847,0.005694,0.029270295417066144,-0.012908541654448316,0.004243119576574534,-0.04158321831062854
2848,0.005696,-0.018248027241374948,-0.026259191413191656,0.006767989516745204,0.002795927391476475
2849,0.005698,0.013879496887369029,-0.014715675092780184,-0.027906902138837345,0.005481872566329231
2850,0.0057,-0.03088766709021103,0.03235267579267764,-0.003435671597673377,-0.00978405329114868
2851,0.005702,0.013865268682506334,-0.0022909349829514903,-0.049741551505055895,-0.03184289698168301
2852,0.005704,0.03173126111593844,0.0025165304353374795,-0.050447034070903236,0.010563362001454983
2853,0.005706,-0.016777764596092464,-0.026234998575263457,-0.034346181769015376,0.02999788413956062
2854,0.005708,-0.0589649511601605,-0.025125962233184706,0.0036038029773372716,0.0473508920671049
2855,0.00571,0.01661574589050957,-0.025380738465984074,0.04588060362320444,-0.04065370199114918
2856,0.005712,0.007960084960654633,0.014633539372566446,-0.02643346749601323,0.020927791556647615
2857,0.005714,-0.015416703868228786,0.020854272825538932,-0.05518786477758626,0.010049282706866235
2858,0.005716,-0.012363200180808153,0.03449111348903466,-0.0013194218931285142,0.03747688601160357
2859,0.005718,0.015228382950991562,-0.003825253771444719,0.023630079288428852,0.02382175393581365
2860,0.00572,0.014157300134736409,-0.0687690412387555,-0.029476814722931934,0.041523175395177706
2861,0.005722,-0.03767837566305798,0.026473834501974203,0.021193579703390066,-0.02177257084746088
2862,0.005724,-0.05985694881350173,-0.017067377938437798,0.06234045130899033,-0.025898318766280636
2863,0.005726,-0.02382772033797811,-0.0299274723092948,0.036443534296485586,-0.007287471348753191
2864,0.005728,-0.01877718686847417,0.04240422051586053,0.017384822638066105,-0.027578707251307785
2865,0.00573,-0.03670751733185341,0.0347450989463992,0.0005036449122514762,-0.04647192059568338
2866,0.005732,-0.05349347060680647,-0.03348116145599276,-0.0371845376430909,-0.06138230912704309
2867,0.005734,-0.03298520959945488,-0.02757241684931561,-0.013880438651537113,0.050787301353831374
2868,0.005736,-0.008005298162948213,-0.005027245132326435,0.015277660913968273,-0.007119542131996801
2869,0.005738,0.012004588916601252,0.008418446308552,0.003677656967977302,0.08299398253256875
2870,0.00574,0.027333775321330557,-0.03245165954120192,0.011106665585674915,-0.023752104199791606
2871,0.005742,0.01338752292179561,-0.041255622513248096,-0.03323338344251937,0.010317226874703812
2872,0.005744,0.02993007340794076,0.015079330462590393,0.025623520036056543,0.01121455676291538
2873,0.005746,0.005174882970969957,-0.015110798227753106,0.024390054261503907,0.03074637698479924
2874,0.005748,-0.001893470739893255,-0.0035077812533597427,0.047742174351667103,-0.0006126533944866844
2875,0.00575,0.0022705761109790726,0.01452677723258685,-0.002934187678624609,-0.024610209682292855
2876,0.005752,0.011338967265705656,-0.0011626503006696457,0.05526749269423489,0.023653456508771285
2877,0.005754,-0.017864468593290043,0.021871806575711267,0.009235975041929396,0.03928278905836538
2878,0.005756,-0.01573362638487118,0.005660284450785731,-0.0029728094727747684,0.0017543826917489826
2879,0.005758,-0.026555968470118478,0.0172773500373953,0.012538928275484905,0.03855670850765385
2880,0.00576,-0.00030077555960341914,-0.01235518524744405,0.023678831338321108,-0.023826131447990527
2881,0.005762,0.032549536052518764,0.03248525992241109,0.03771836703403225,0.011298689540384804
2882,0.005764,-0.014594891477932984,0.0032756317891608775,0.011402066852376188,-0.01680424935563628
2883,0.005766,0.03999348866775647,0.01740252502705629,-0.026766688659660146,0.056486210293973306
2884,0.005768,0.0029216782551053063,-0.03282309128549959,-0.02490762368241822,0.04463350791496033
2885,0.00577,0.05474954748650465,0.03028455160442755,0.03957925945761406,0.03649846376395833
2886,0.005772,0.016707484582921983,0.009871253634327773,0.01619589583429823,0.022080463294298837
2887,0.005774,-0.022247940195791946,0.0219587618793633,0.04375850541891053,-0.006191172849870929
2888,0.005776,-0.009397433559653908,0.01429638927715998,-0.019489726512244086,-0.039504558498825185
2889,0.005778,0.03443157120315534,-0.013528537800702988,0.0005534573616062789,-0.018303751230241964
2890,0.00578,0.03830264444738997,0.02559528474852043,-0.007222186234611017,-0.035396920942882555
2891,0.005782,-0.010407894145746008,0.01710458099849141,0.005659071122392957,0.0032729413335596106
2892,0.005784,0.006350962784094354,0.02276388694494479,-0.0012557761219513283,0.013500403513785076
2893,0.005786,-0.029607576232352946,0.07661552330925976,-0.008515779579487638,0.006107790236519321
2894,0.005788,0.016993965743586328,-0.01232371537201622,0.00023474382748388636,-0.00012974176029674578
2895,0.00579,-0.02742114277720131,0.01315768276618915,-0.04947665514776193,0.05258125327249842
2896,0.005792,0.023789126549351787,0.019173670729601293,-0.05209926337299725,-0.023775860198790615
2897,0.005794,0.041680353624151616,0.12453724191118802,0.03584077395171092,0.031108302307528528
2898,0.005796,0.015749226843425643,-0.025424915871305114,0.02985522249600991,-0.03303622011290787
2899,0.005798,-0.036317554954195606,-0.0382058797631547,0.029271679395047788,-0.0017224216478250566
2900,0.0058,0.0030257429971314153,-0.000462118111520533,-0.033771496235946746,-0.02012192718052212
2901,0.005802,-0.018612786187603578,-0.042158143416760815,-0.015126302859010536,-0.03243919369188716
2902,0.005804,0.017330268866009774,0.019829131919004723,-0.038809173679196694,-0.008898952927440019
2903,0.005806,0.0556817964395011,-0.02942288693034879,0.012799134533851973,0.0031656580200865305
2904,0.005808,0.03278662673522721,0.008864005240722188,-0.012938864337712505,0.002002923644186552
2905,0.00581,0.002441098318612076,-0.0027508554684847132,-0.039573343659720525,0.037292658227936766
2906,0.005812,0.03199300763592974,-0.031325670806095725,-0.0090217689655126,-0.006752570080626478
2907,0.005814,-0.03469556401498747,-0.056003888032868016,-0.020117779557370083,-0.010692070207535754
2908,0.005816,-0.04323700000092057,0.005309332922564364,0.0348856890994902,0.025263484384958033
2909,0.005818,-0.0038005695947615544,-0.0552123508956359,0.02147107021977143,0.004391765071936744
2910,0.00582,0.01273053327654061,0.058083084009075414,-0.0247443488859196,-0.08624447799366128
2911,0.005822,-0.03160363733429271,0.014581352048034632,0.0008077770524412152,-0.03646908388796045
2912,0.005824,-0.04259152149529291,-0.010638270474521863,-0.037382840096454165,0.01561900254763576
2913,0.005826,-0.012342806658788069,-0.018813536529951352,-0.022748292087690195,0.00789368179741783
2914,0.005828,0.001278276712801073,0.006058718095877817,0.005403883314174345,-0.0021658660979011943
2915,0.00583,-0.030993917503742717,-0.021911403801937866,-0.011840247154168105,0.06195585714264966
2916,0.005832,-0.04046508961250434,-0.012569295099506715,0.0029480118033146626,-0.009099982598174777
2917,0.005834,0.03221908624313213,-0.00925493791508599,-0.0070362419745182815,0.02443885540848952
2918,0.005836,0.05432134988755128,0.04222495121844984,-0.004099616523274309,-0.0014854263519720984
2919,0.005838,0.0014015773435261183,0.0044099822538775655,-0.025420443430434446,0.028097813965663167
2920,0.00584,0.006198273831683597,-0.0013456856644594125,-0.03813436129677218,0.0018685862547183738
2921,0.005842,-0.05679636909662415,-0.01744948032096696,-0.01689293119437596,0.008609855792628568
2922,0.005844,0.056395500748358876,0.017157223969963113,0.0434520621790684,0.019356365193107305
2923,0.005846,0.03375160469062846,0.05571382058829318,-0.02195510496906765,-0.0239131330239451
2924,0.005848,0.020064327014319643,-0.00011035362186737429,0.006610614984208821,-0.007460006763220819
2925,0.00585,-0.01788776151074152,0.048622940063250755,-0.03299583341459743,0.020591767777246327
2926,0.005852,0.015726848571913497,-0.047370398927107316,-0.024923409899807812,-0.019880716828496025
2927,0.005854,0.01693752339949774,-0.01101105317791653,-0.0025676941983241598,-0.043729420709541826
2928,0.005856,0.06977735150145942,0.002135868562184911,0.014970026918908315,-0.016218764656956673
2929,0.005858,-0.019578819812035537,0.05738053964860594,-0.05750164821019887,0.0083594120529233
2930,0.00586,-0.036345116733236794,-0.012150034631910146,-0.019142834030220626,-0.029579330502577435
2931,0.005862,0.0010632518911898245,-0.07704087441918196,-0.009464654457560917,-0.002708699260499253
2932,0.005864,-0.04077829639218038,0.04539656164348151,-0.017833751243919446,-0.007124527273945109
2933,0.005866,-0.017766574917441078,-0.0024469836129175806,0.039244322805181475,0.07419047411770424
2934,0.005868,0.022369176111019753,0.03263981300915313,0.051492824444312454,0.00746613230299371
2935,0.00587,0.04710752620835609,0.023772033971712094,0.004319620779347159,0.010510231033544037
2936,0.005872,-0.054642508901034725,0.008763577813384493,-0.046312425613388886,-0.048758074548333225
2937,0.005874,0.005786360670756745,-0.033422357856001624,-0.00021341253910133113,0.004153035580495943
2938,0.005876,0.005491488024514046,-0.02712364221126304,0.026960471474435962,-0.002677057093982369
2939,0.005878,0.013232270405134857,-0.035893188418409896,-0.005349826703879608,0.0329188344981036
2940,0.00588,0.02910532895426104,-0.023918780487731817,-0.016366745717245362,-0.029660601901914562
2941,0.005882,-0.019692387547826453,-0.04197202622119587,-0.00414527617225422,0.01899415194548532
2942,0.005884,-0.023551585914032357,-0.002718188479835308,-0.006614952228940702,0.03165356194794657
2943,0.005886,-0.018347755104132637,-0.017256483229525544,-0.025380633848770838,-0.03412528560235463
2944,0.005888,0.015875549743409094,-0.0040533238899143585,0.0016442957946990557,0.0382392346858619
2945,0.00589,0.03996242177783615,-0.0493870292350441,0.019435040192867018,0.006769407771335676
2946,0.005892,-0.013847729974378093,0.009830510610838271,-0.05179149705662357,0.04387927028329198
2947,0.005894,0.015448322912157227,-0.02595593234497977,-0.017562306654585715,-0.05109439426642321
2948,0.005896,-0.009418717495087624,-0.01448195931721749,-0.03975331161371277,0.023301067011293343
2949,0.005898,0.03830391569083426,-0.000820814701334333,-0.00916940648539104,0.013049538063953814
2950,0.0059,-0.000589168874851292,-0.032465376486935586,-0.019580339597617836,-0.008893080202440925
2951,0.005902,0.007445597834300878,0.0002801015362940458,0.0063110813996134765,-0.04574483949851765
2952,0.005904,0.019956532322547873,0.00010247652025536876,0.07658127162450461,-0.01162903110529239
2953,0.005906,0.00970375485328117,0.08487657486625505,0.005822748885095364,-0.002028916178280502
2954,0.005908,-0.02960765684251954,0.045847991016269546,-0.034773047585297104,0.012813627505443657
2955,0.00591,-0.014206659639251443,-0.005680087877340668,-0.04271796805830174,0.040293816652016846
2956,0.005912,-0.008333919177548298,-0.036452689766791,0.037580717911202745,-0.015124104391119109
2957,0.005914,0.010038218751921636,0.02524249146403098,0.0142210299172296,-0.06589906651497106
2958,0.005916,0.020860701029333614,-0.0030184128799538457,-0.00987086090409998,-0.0032722484692566684
2959,0.005918,-0.048300983818232446,0.0057651274398540795,-0.04093174121127931,-0.008575191286698938
2960,0.00592,0.00468793294614632,0.03222111263962842,-0.024588394795791436,0.04354762115537966
2961,0.005922,0.028405597605454424,-0.012882292274716082,-0.033262477992078085,-0.04331448546691263
2962,0.005924,0.00815261554599418,-0.022118524486224415,0.03598070415845146,-0.02038571489484811
2963,0.005926,-0.027020129401559165,0.007008790537329409,-0.0205814057147827,0.00025649980106410056
2964,0.005928,0.029579679901755637,0.0035168799500617243,0.003628933821081722,0.0061544012672525425
2965,0.00593,-0.05079296970856179,0.011755132497914706,0.004797947301776883,0.026786919809502624
2966,0.005932,0.01817432403411357,-0.006058458948165424,0.030971786745320702,-0.008778920928381619
2967,0.005934,0.0074147131223311485,-0.009334482914380686,0.013852734147696347,-0.011294693479132863
2968,0.005936,0.04942654826824702,0.06052088211676917,0.026218147625580147,0.046238899482420846
2969,0.005938,-0.046176434425771413,-0.04264133229824983,-0.009646816998936391,0.001236928957766323
2970,0.00594,-0.005946222542989973,-0.04926405748898861,0.0345477511897094,0.06462594700070809
2971,0.005942,0.03842963037517868,0.03256569806359415,0.006783588154368091,-0.025289921121814107
2972,0.005944,0.0021758415790790286,0.0631676411052451,-0.01055964337521168,-0.013648717434718249
2973,0.005946,0.033219109773117414,0.03521058152236787,-0.025437054173244107,-0.007844538397122677
2974,0.005948,-0.015057164877043035,0.0020906813718327096,0.03311060012854478,-0.02412082563384273
2975,0.00595,0.03268994436710809,0.0030495374676392547,0.06978576408942834,0.009564926531126205
2976,0.005952,-0.002907557088877958,0.01724144181347977,-0.010114387136616302,-0.053858193700554766
2977,0.005954,-0.00721563522813294,-0.007688808272076751,-0.04776952381649435,-0.002191055693834783
2978,0.005956,-0.06201330673828192,-0.010430605054664376,0.007307879761340169,0.002909885314146972
2979,0.005958,-0.012332084186604544,-0.0025659120584421444,-0.02352193312433492,0.00032449558267604327
2980,0.00596,0.001742592197753128,-0.027007499337045292,0.008030976015272931,0.00784357965241361
2981,0.005962,-0.004986297407432133,0.07263141108860455,-0.004221071600529257,-0.008377027361190543
2982,0.005964,-0.01267179327623198,-0.02912817669229199,0.020576920795302097,-0.020587409040583506
2983,0.005966,-0.017038444409932584,-0.01614724678615794,-0.029548305475455332,-0.05253249997634169
2984,0.005968,-0.013888196014775808,0.026200059381368736,0.0059093941639573174,0.04681725810564376
2985,0.00597,0.02252868914967551,0.015718944308221343,0.05647947067958145,-0.002914367850096339
2986,0.005972,0.0018922702051485686,-0.00034393264980413083,0.046313601935506495,7.54594937727283e-05
2987,0.005974,-0.019448321222313127,0.01763026613888555,-0.02448779433171084,0.016004145378417753
2988,0.005976,0.012415228024255048,-0.005682080034194878,0.0169743471626048,-0.04463369790925055
2989,0.005978,0.004888863639749578,-0.013882961540001957,0.08586790731853564,0.0046747520892062334
2990,0.00598,-0.017891761493503116,-0.04134905208159245,0.03916218590382797,-0.010500981585713335
2991,0.005982,-0.023740562012262576,0.010088976420271787,0.019491564942169606,0.019018587996285866
2992,0.005984,0.0005925126917808482,0.004775704106601599,0.006961112270421082,0.010091887968866202
2993,0.005986,0.01274655587704447,0.03283358253916638,0.0016924458607755087,-0.024504097974910856
2994,0.005988,-0.00432875109312103,0.022613424562049903,-0.05359583875154537,-0.05342256586115883
2995,0.00599,0.02754828364176973,0.04560368450553984,-0.03795600105058421,0.0030137781249868507
2996,0.005992,-0.01198635338751045,-0.007824903367248715,0.009165930262692468,-0.03878610687032247
2997,0.005994,-0.033216525014772035,-0.009037535187636754,-0.004361267936824806,-0.03377865317052514
2998,0.005996,0.02368943024367553,-0.012526829193331,-0.01265452818200536,0.008479763706897023
2999,0.005998,-0.0038672482820249787,0.025124304387174393,-0.028002676134019994,-0.04192159791190421
3000,0.006,-0.009293626913958226,0.0018070851880503864,-0.03722267832292561,-0.041632606851007774
3001,0.006002,0.005468933470139563,-0.022733417019448858,-0.04357535151020759,0.028960238769421876
3002,0.006004,-0.01895384018781277,0.034494348115960735,0.0008541237332828145,0.0088427658616591
3003,0.006006,-0.006344992382905587,-0.07965486733637091,-0.03410359473161113,-0.003771283791561733
3004,0.006008,0.010941874118781137,-0.05369022067164362,-0.0016080512358138354,-0.033667922616420945
3005,0.00601,0.007038604952689625,-0.0005820235709947518,0.022305048072887204,0.03200468790562556
3006,0.006012,0.013769696978220869,0.025811807669117236,-0.010510274277715155,0.08469352233801436
3007,0.006014,-0.03656457289484643,-0.015832673337279637,0.027040757482406783,0.022581639145829776
3008,0.006016,0.014621670574270464,0.020259559739793234,-0.06250671463818122,0.04767896083613503
3009,0.006018,-0.006116728765998449,0.037376825468125555,-0.061005797369038675,0.007697055104435732
3010,0.00602,-0.01690506837434546,0.0171636045474391,0.00951211357406537,0.01098143392497535
3011,0.006022,-0.031768250646944746,-0.0017090736245583306,-0.005405011437880231,0.014859301251222975
3012,0.006024,0.029678909863004005,0.004514277660258438,-0.03828516865165796,0.0032273642870030415
3013,0.006026,0.07833228685227787,0.049380159809633575,-0.08923198688273097,0.0019002946108453407
3014,0.006028,0.02796358575766033,-0.005469810377039382,-0.013802727604316507,-0.00800892645250465
3015,0.00603,0.016565684563039564,-0.034454099231250264,0.03566065954828112,-0.0016797897509420738
3016,0.006032,-0.028050728223346477,0.033730504841960864,-0.04635392715334924,-0.016656302910047514
3017,0.006034,-0.017150251958554928,0.06431825814708392,-0.02055062305918329,-0.06464895661500315
3018,0.006036,-0.017454453458374243,0.013666510422143344,0.023522536397508124,0.06829619080328317
3019,0.006038,0.04220692712957643,0.005637677817454564,-0.026742464027243326,0.04872082294042076
3020,0.00604,-0.011056906509786944,-0.019744717086438143,-0.012512214064622097,-0.037568647166904286
3021,0.006042,-0.013950602735129268,-0.006993249899352464,0.021919698174363542,-0.01164265005303056
3022,0.006044,-0.03802377725515546,-0.048113164657701,0.006287092425693481,0.0021787756040767413
3023,0.006046,-0.016629381336395035,-0.014023693814762123,0.011654607983975098,0.04171638761068042
3024,0.006048,-0.023404337524319637,0.002667085086462979,0.02874811212015971,-0.023283428705917496
3025,0.00605,-0.0004689634368991605,-0.0011398680926299864,-0.03933885705130557,0.005054963842968681
3026,0.006052,0.0009463403581329413,0.016652527487881735,-0.03560659423982137,0.0002991115578367447
3027,0.006054,0.04145202190967426,0.062324994957368596,0.03840387806914828,-0.035312145169507266
3028,0.006056,0.013531580461308793,-0.01449439724883341,0.00851701779389763,-0.02316650117330771
3029,0.006058,-0.051404203255569,-0.01033551716099498,0.021678080898300454,0.008639992664214339
3030,0.00606,0.012088435797430604,0.006490509689381337,0.012135824245371324,0.015885352772601058
3031,0.006062,-0.008240442868638547,0.0024867168425884937,0.052297751246090714,0.00426093087003417
3032,0.006064,0.0012769048936175412,0.0030865352167919824,-0.006537255549486591,-0.013060678911624091
3033,0.006066,0.006260355730962948,-0.015171456058774535,-0.004365447884316466,-0.023715441195788615
3034,0.006068,0.0032403541360295214,0.017525848325280823,-0.006357445797327458,-0.06025135310667947
3035,0.00607,0.017711146321664147,0.0036055152827928097,-0.029796943500403794,0.023198107269698193
3036,0.006072,-0.04195275602147542,0.03136222845973404,-0.0017209985894163864,-0.06806595226131991
3037,0.006074,0.005349887617897124,-0.01218577104272808,-0.01670547875469409,-0.022131772843686552
3038,0.006076,-0.0038164737257961817,-0.01455566043501424,-0.05570070729565156,0.03816203660031614
3039,0.006078,-0.0073307296788541546,-0.021958050476347895,-0.03385271047635993,0.023121962023587638
3040,0.00608,-0.03895295907289575,0.004019619055739002,-0.017509470056207437,-0.015762589816869968
3041,0.006082,-0.033106785929276995,-0.018609582975649807,0.000264371745205739,0.0070593667904697895
3042,0.006084,-0.023567774438489352,-0.0027280320731224187,0.026653632929112655,-0.049878856708472176
3043,0.006086,-0.0001880692077557835,-0.028523518362065195,-0.031580525163495944,0.00783034538994302
3044,0.006088,-0.01635754406002678,-0.036504093787053,0.03972849576209963,0.02760268542995488
3045,0.00609,-0.05796917869077507,-0.044232843840062035,0.01780371213956045,-0.008546214991124087
3046,0.006092,0.04501723933064872,0.018490091956230303,0.008983965715619944,-0.030655880754763117
3047,0.006094,0.014743208845934148,-0.038272918642514,0.03915733600230206,0.012664157670547257
3048,0.006096,-0.024744917302727775,0.024140322843969438,0.06724574667409006,-0.006528512994283525
3049,0.006098,0.016512395690738778,-0.012954879590730047,0.002560566528550357,-0.04521703680094342
3050,0.0061,-1.5885405175953167e-05,0.0013073198949183423,0.053969933305342443,-0.053850093381100486
3051,0.006102,-0.00842650377323338,0.03864351653493106,-0.007253144873962689,-0.00514024598954993
3052,0.006104,-0.024997770746465225,-0.027978161407882732,-0.054775612974994566,-0.018876457429324627
3053,0.006106,-0.029680651653363702,0.0035411650097122048,-0.023630046072711946,-0.014387729551455201
3054,0.006108,-0.0135661617917298,-0.0014449554687111655,-0.015855667692145227,-0.03185358269811396
3055,0.00611,0.0025729933184351506,0.03202449648793833,0.0038539858737232317,-0.01829461314715866
3056,0.006112,-0.0036943921528087495,-0.06151898311069616,-0.004182082486165943,-0.012010631072714186
3057,0.006114,-0.028003810740195364,-0.02256295056995904,-0.012307035046189404,0.029773748280194724
3058,0.006116,0.03276181250340278,-0.02784375484673432,-0.015542321197301805,-0.01477769871865734
3059,0.006118,0.024286365466503732,0.0043651965789485055,0.0027836958792312513,0.01608787840263569
3060,0.00612,-0.01789240225232795,0.04091659723062172,-5.233972260604625e-05,-0.025677373385757395
3061,0.006122,-0.006889207313935199,0.03695784972623616,-0.012754264079513166,0.02848673397134495
3062,0.006124,-0.018760373783145646,-0.022969910903319186,0.019787922317828756,-0.026219176819372223
3063,0.006126,0.024676207504850865,0.010548779970700481,-0.026207818034027757,-0.0021432823198300212
3064,0.006128,-0.016463228716786123,0.010469296700071788,0.05663394734866258,-0.01112113808662267
3065,0.00613,0.01601328821575521,0.0007332192500254786,0.0007217310918954068,-0.004956153621945714
3066,0.006132,-0.02572252339054662,0.01005419847847365,-0.008662252497581657,-0.02714400251216178
3067,0.006134,0.030425197867448957,0.0029702886810702893,-0.006842968720297177,0.04020169844238894
3068,0.006136,-0.05508244606598993,0.03818462411187265,-0.026405638474086515,0.006345976182465593
3069,0.006138,-0.01764191262362133,-0.027690031213572712,0.039416595779053036,0.055686497021858544
3070,0.00614,-0.006636769519532356,0.010064241065828847,0.0017097375498749997,0.05191520512058565
3071,0.006142,-0.06339451342360604,0.011313703238106602,-0.021813789424318004,-0.07067892064413536
3072,0.006144,-0.01081590292287723,0.05544146372731659,-0.01968147571201201,0.023722965196938325
3073,0.006146,0.035960165911900994,-0.00038090407858567383,0.003613668552338756,-0.05148893719623335
3074,0.006148,-0.021484915895179396,0.027210228729899876,0.0018203729111120287,0.011020243243310465
3075,0.00615,0.003994727390491528,0.06576011832889295,-0.012915594935658033,0.048162301289589295
3076,0.006152,0.004005096666201974,0.05082596923742393,-0.03674934267774451,0.005539566228925822
3077,0.006154,-0.011810603517704096,0.004184170075501179,0.03667128787998384,0.011364288160738364
3078,0.006156,0.036611480700808136,-0.02010663279821836,-0.024685033725711483,0.00048315219411798534
3079,0.006158,-0.0011595653517325589,-0.005575781064725781,-0.028758951770120562,0.03595954769555665
3080,0.00616,-0.01088511601900463,0.04278234366638046,0.0003823009561217457,0.019452867924421337
3081,0.006162,0.01673128928891048,-0.02472824221052557,0.011016087646574666,0.057849988334013176
3082,0.006164,0.007548367593010702,0.02703830218679024,0.020798155337765554,0.009211489750949611
3083,0.006166,0.005594361531742396,0.016419466773639015,0.022898476394268386,-0.040564921711532184
3084,0.006168,0.0074190866728936445,-0.005522336422419514,-0.011745805309551254,0.0388789313708572
3085,0.00617,-0.021994387441915602,-0.04184307180930005,0.02387148676157563,-0.04261181569661667
3086,0.006172,-0.057838292338756904,0.027248030699698958,0.004761667516874646,0.014181588821063277
3087,0.006174,-0.013272827243388664,-0.041532183948270573,-0.035573616408530025,-0.008165666982938512
3088,0.006176,-0.03817208573754125,0.009211587211369597,-0.013873738141032568,0.0055510814209591645
3089,0.006178,0.004654443846792924,0.011603986632735807,0.014984475818669959,-0.010317017723377352
3090,0.00618,0.005519077999014911,0.007080243852605235,-0.07286670927280095,0.019395772375784704
3091,0.006182,0.004498265886607537,0.016921465957307123,-0.03860530786341788,-0.0094731952548718
3092,0.006184,-0.03274588369696741,0.022338041286386258,-0.04215349626205482,-0.027859643457669624
3093,0.006186,0.016029423848159433,-0.018881235968317433,-0.027851719703671757,0.027201582886205482
3094,0.006188,0.02843135269775604,0.021662135776229954,0.0254612902182088,-0.006947378368141692
3095,0.00619,-0.006137789239098459,-0.01944243835600808,0.00503187503147932,-0.01583694981977544
3096,0.006192,-0.012991986177809313,0.017997013019486998,0.035536177365431396,0.011947807628102847
3097,0.006194,0.05382947595727704,-0.021165467160982443,-0.055139239176277756,0.021438836687686626
3098,0.006196,-0.023155006579401942,-0.008210767253260906,-0.05309389530363371,-0.02697630742037479
3099,0.006198,-0.04506682249737708,-0.013029097902609107,-0.011836544816488503,0.002698812346446268
3100,0.0062,0.037191688930655255,0.02030718794693456,-0.04866508908631443,0.018240463068385695
3101,0.006202,0.0033526409232437914,-0.002934792961082942,-0.0006809858981167731,0.00613657284258765
3102,0.006204,-0.02075660373040696,-0.005470525725739228,0.03551817371675502,-0.021117173532766004
3103,0.006206,-0.030896639285252863,-0.0018512204362155261,-0.033916993702690426,-0.05168349364363015
3104,0.006208,-0.010334015312244491,0.0434586565369177,-0.0011581228763067903,0.0053573128334464025
3105,0.00621,-0.06390445074453376,0.01314376477322841,0.0028009758392937576,-0.01994744484118063
3106,0.006212,0.005401514142071218,0.005103648514738801,-0.03178463785073806,0.009955611803397288
3107,0.006214,0.03591406267581464,-0.006838244264205496,-0.026027826073113235,-0.005327402094051851
3108,0.006216,0.02563839585193286,-0.03678956517891816,0.01735674776352543,-0.020340433755614423
3109,0.006218,0.007261892441392122,-0.0169299382513669,-0.017010508652446826,0.04569284748705142
3110,0.00622,-0.04227259771600475,0.014560985326366327,0.0519397323276386,0.02056565779418468
3111,0.006222,-0.039932910571175456,-0.03844741526746216,-0.02254876129939204,0.004737237345596241
3112,0.006224,0.006778280822671565,-0.03815089662899078,-0.026182723753408996,-0.024344474609400608
3113,0.006226,-0.005422404243446785,0.05954086371873224,-0.027995611968703427,-0.029308734994073642
3114,0.006228,-0.033994208854315325,0.019066337137266957,-0.0012402478906530599,-0.026886796445098754
3115,0.00623,-0.010883867513349962,-0.023745309028731038,0.008876738435677359,0.08053129820389007
3116,0.006232,0.0165259321707671,-0.0027896554532209107,-0.019949264624638578,-0.04030200245654549
3117,0.006234,0.022010691942091064,0.0203806253509896,-0.013983029900724185,0.03640001948827855
3118,0.006236,0.0006332081665525448,0.023242822061854056,0.008885910060990345,-0.005314076396329148
3119,0.006238,-0.028646538339224606,-0.004366097770880139,0.02526152006684541,-0.015244053356982808
3120,0.00624,0.01319224186809535,-0.0324820764607201,0.023401750083910742,0.00938824009469885
3121,0.006242,-0.03606332276509503,-0.0067204357056483656,0.027943227279551088,-0.03777097621959672
3122,0.006244,-0.03212850715874803,-0.0020849086435947954,0.06399992191296583,-0.02017734252118494
3123,0.006246,0.014858219987564866,0.007804062228040533,-0.017685597007966312,0.00483400055354625
3124,0.006248,-0.013435039862848655,-0.01073414370349535,-0.049838157083193994,-0.0007330870459896502
3125,0.00625,0.026972805198676522,0.0017227732433905654,0.032715232824672896,0.017409823378350515
3126,0.006252,-0.0017862391899065987,-0.018837766590204558,-0.014587911460842122,-0.04411531421811364
3127,0.006254,-0.008012366702949782,0.0043799627569246075,0.051462632933976994,0.0158496096983663
3128,0.006256,-0.02594561940413931,-0.043181048265564174,-0.006196562616137177,0.024352933404832473
3129,0.006258,-0.006618490100831636,0.016259525250167862,-0.005433763477565651,0.021510013041467973
3130,0.00626,-0.047917740681169836,0.04812546360438301,-0.03337450344671132,0.02381196989189332
3131,0.006262,-0.008165519840068653,-0.003474837011007019,-0.007233057179104448,0.007668137551544795
3132,0.006264,0.01372573629842685,0.031750845354692046,0.042238466477921344,0.00995464640330107
3133,0.006266,0.051410227175049124,0.0027891762846743375,0.03232321086758772,0.01286159018718442
3134,0.006268,-0.016476138942760975,0.00543702463139531,0.01509515632527375,-0.0009659439420782187
3135,0.00627,0.012385695539926689,0.025960888779806842,-0.0007011942598767823,-0.08831663006047442
3136,0.006272,0.050348104544801126,-0.008927742906609859,-0.024698406624968933,-0.03372330886958453
3137,0.006274,-0.010093377070009344,-0.01688243493950946,-0.022110283916540734,-0.020463788095337193
3138,0.006276,0.01589228472179467,0.060910903230093044,0.02461714794044704,0.03367794554263711
3139,0.006278,-0.011322300943402168,0.0031399609665173373,0.012794472126908606,-0.0197867368092831
3140,0.00628,-0.012771902116473515,0.025636558749992298,0.03270878265300327,0.002022308085457739
3141,0.006282,-0.035854715423361785,-0.008867759496529742,-0.04323993403517615,0.0022560722950418074
3142,0.006284,0.0076620933381425635,-0.008121312631133292,0.007251336671496138,0.012507037172515174
3143,0.006286,0.007705861287213715,-0.03604590876890789,-0.007597929765380837,0.012295289347988039
3144,0.006288,0.04736135313917999,-0.008157772507160922,0.016525206013443292,0.026344557357714706
3145,0.00629,-0.005898830951176787,0.034452232424620206,0.036065214942926895,0.041411542021835716
3146,0.006292,0.013752965069565954,0.07080411748972608,-0.018458493382930236,0.0637223275853682
3147,0.006294,0.023048984659752983,0.04021161999080155,-0.009601132636251333,0.02533424108891288
3148,0.006296,0.04280922490993088,-0.032620759311716166,-0.004899788454462578,-0.06423758064693563
3149,0.006298,-0.0053499893054747,-0.024480245803802585,-0.006533030639002051,0.08770930072813977
3150,0.0063,0.05153410520391596,-0.04318342610101896,0.016672149047982147,0.023967932611777147
3151,0.006302,-0.010136912601137691,0.005349228094756482,0.008279466222449945,-0.04039834118585581
3152,0.006304,-0.030939880622584442,0.00516890155322971,0.002982075839453009,-0.02125688146251807
3153,0.006306,-0.023831284195615338,-0.002693377490136181,0.026584528589498186,-0.002294573128406104
3154,0.006308,0.048681924919069475,-0.020874616429876827,0.005793294043644778,-0.010628862873120176
3155,0.00631,0.017638828392393304,-0.02344763646675589,0.05782193261981266,-0.05071837209228018
3156,0.006312,0.05146440719040738,0.002699654073264983,0.016572737452407393,0.04003574709275873
3157,0.006314,0.02572984485498208,-0.02190080663379184,0.018002686657878054,0.05602421917903849
3158,0.006316,-0.026618751364824673,0.06355285533581932,0.01157107457905692,-0.012996833157607718
3159,0.006318,-0.026798681538247625,-0.006698612232248241,-0.058658349932114856,-0.012457334071763622
3160,0.00632,-0.007887817315668351,-0.03223240947337259,0.022435355847130793,-0.006562988633681616
3161,0.006322,-0.01907383633843283,-0.009760018052056306,0.010653224199475408,0.0021966363140098265
3162,0.006324,-0.02102925264262733,0.003769604221213322,-0.0015202787269877219,-0.03418392669446438
3163,0.006326,-0.008655140805217816,0.01738014811262664,0.017164147796895245,-0.006898929972101814
3164,0.006328,0.0203031838435793,-0.029398664909538647,-0.02846963514579978,-0.0075376488988104185
3165,0.00633,0.044926984082614065,0.004897548796146171,-0.00826097428997316,0.046324140036199404
3166,0.006332,-0.008608153056106153,0.06704199711857983,-0.01533849370862237,-0.030351861877539032
3167,0.006334,-0.0049908592455562666,-0.007472527825110512,-0.02423159929047849,0.0780592223447531
3168,0.006336,0.009558797034157495,0.013927487210147508,-0.013856378014107636,-0.017330081542353895
3169,0.006338,0.03076675067153101,-0.050275253177692825,-0.03428593418371106,-0.007419255168226638
3170,0.00634,0.04053141916902935,-0.011235509189084213,0.012484546718225893,0.0008318603816427475
3171,0.006342,0.038887752388104255,-0.047541690546387634,0.02207889611168331,-0.005966967892277917
3172,0.006344,0.027746525817582236,-0.02457846318300946,0.000731792095885154,-0.003075201327380519
3173,0.006346,-0.030073064139612377,-0.038412390388408914,-0.017412340855894274,0.0038979338698499843
3174,0.006348,-0.022707366729134783,-0.009902206890834538,-0.05657392063450713,-0.011119497614511902
3175,0.00635,0.0307075993987502,0.02115540977910249,-0.0026076581108143066,0.007309581750424897
3176,0.006352,-0.02484781186782472,0.04873316049874201,0.06203287519541715,0.0049447089211792136
3177,0.006354,0.07772057508184478,-0.020405471146060266,-0.03753237720206859,-0.02128871262282354
3178,0.006356,-0.006584707952249722,0.0693619965360889,-0.008434773822178783,-0.025789674384120637
3179,0.006358,-0.026953765787323104,0.03420066336129841,0.029919052449271084,-0.01456434559060831
3180,0.00636,-0.05627352348231466,-0.033857806341278544,0.05163731512498629,0.020664236536484113
3181,0.006362,0.0019638412667491553,0.056064995194531744,0.05874978818434549,-0.0010781880588389583
3182,0.006364,-0.0005271528159500024,-0.017461400463362302,-0.008538098624554052,-0.04458974927400363
3183,0.006366,-0.044711591285521796,-0.051679766067177044,0.03253011020758334,-0.04684206668737689
3184,0.006368,0.05849886896118464,-0.021911336735982157,0.052120497203476085,-0.010951630285964237
3185,0.00637,-0.04698560312761431,0.03851336694196408,0.04205596882899675,-0.027181530008010324
3186,0.006372,-0.009949567997923516,-0.027173878096829373,-0.0036158008337315705,0.0032348744232256425
3187,0.006374,-0.010541491773462858,-0.05456674186172559,-0.017426379452700667,0.021105562906621255
3188,0.006376,-0.006266986277877482,-0.009823218826851174,-0.027923296350922944,-0.018301541075928497
3189,0.006378,0.0422684431974588,-0.03419331770406323,0.021624692900556887,0.001411656627105734
3190,0.00638,0.007344319893642061,-0.021970688430438534,-0.010553320981437514,-0.00017160540515872362
3191,0.006382,-0.015620008938275887,0.00994296312109648,0.01372317048369213,0.06518119870859762
3192,0.006384,0.008345700880871141,-0.057367279665565124,0.0348905724251604,-0.0061161192490857726
3193,0.006386,0.06035776088810562,0.04412773357515924,-0.015158021511346993,0.02165708351613526
3194,0.006388,-0.01781865443243663,8.072479244081527e-05,0.020279544430618617,0.0333900061813953
3195,0.00639,0.026856174866587198,0.002249688957384836,0.07450271700243649,-0.01095061219581268
3196,0.006392,-0.04821601895097893,-0.04244097885627974,0.04422023190367028,-0.0022995875954041354
3197,0.006394,0.004771724941622761,-0.016275716397730105,-0.013581074378975698,-0.023612875828478843
3198,0.006396,0.014134524399902664,-0.002921397526113018,0.013050161334102037,0.010183151559524496
3199,0.006398,-0.012776362008986889,-0.04376191875908362,-0.046373987879980726,0.09079954775085197
3200,0.0064,0.0443452033326993,0.04020547700673643,-0.020238204209606855,0.00028529201289360625
3201,0.006402,-0.024460883771495124,-0.03936246285497672,-0.017663205611271025,0.039785548902887366
3202,0.006404,0.02522236100771909,-0.029101440048660644,-0.00944448150472426,0.02247369515809743
3203,0.006406,-0.017129141855620117,0.002387587344981909,0.012055423411944356,0.011727916555323929
3204,0.006408,0.007624362830708576,-0.019610915213475303,-0.01652923762556446,-0.03400949554561876
3205,0.00641,-0.04684009780506817,-0.0034424622507068688,0.024487788437615746,-0.041408471824618404
3206,0.006412,0.008189197323727715,0.023538936401501846,-0.05510201306464037,-0.008117433004086563
3207,0.006414,0.0493863060137512,0.016558230532721194,-0.05611371447186864,0.01975018387234832
3208,0.006416,-0.022432103826849865,0.020739207902782778,-0.020702452998023216,-0.0015909733323589514
3209,0.006418,-0.01612628305688848,9.473168215516757e-05,-0.017018405217330352,-0.006706147246634335
3210,0.00642,-0.035268150249320326,0.014719787862419741,0.0052585562593177515,-0.048495965223124535
3211,0.006422,0.029787499806057813,-0.005288638789634895,0.004852871887077296,0.02293685016087557
3212,0.006424,0.009847267270799516,0.03495609475382699,-0.00879886566616233,0.031032881586811185
3213,0.006426,0.0036877385342196263,0.01522900273520074,0.012108875183937126,0.03722190975928578
3214,0.006428,0.021642371206778806,-0.013288364409295388,-0.019238011319995432,-0.0014926244278449811
3215,0.00643,-0.022803043232377414,-0.031565766039790416,-0.06384157407894124,-0.04647788273486131
3216,0.006432,0.05956219083334573,-0.019695007488893315,0.057103808994634346,0.012094638034667394
3217,0.006434,-0.0014927406490831486,-0.04501815350463701,0.00014006686728146577,0.056765513009046885
3218,0.006436,0.04672910232050216,0.008227159580927366,-0.03446005097715048,-0.02871496035747457
3219,0.006438,-0.025577755301773808,0.03834464782088101,0.04895161308326277,0.005876785049027565
3220,0.00644,-0.009092413065694607,0.046461314899829506,-0.029357206225948645,0.0015546998280109776
3221,0.006442,0.013888979986383915,-0.02588401821529198,-0.019077426641739222,-0.02141212737562809
3222,0.006444,0.04250180567964257,0.057431018311712635,0.0034437759070968265,-0.008046557611283622
3223,0.006446,-0.017995232249798886,5.238940350987282e-05,-0.016506652543103687,-0.002910907270656622
3224,0.006448,0.012396984690117697,-0.012159388283711044,-0.005687641878422925,-0.005563634552169143
3225,0.00645,-0.009526903041784166,-0.01324343631048633,0.02286589808810418,-0.05312208086929327
3226,0.006452,0.0472283957700379,0.004065883896089913,0.018300527279595444,0.02175233349446627
3227,0.006454,-0.021241774800917136,-0.02743075668537725,-0.03096807853961481,-0.007412040894857654
3228,0.006456,0.020976140746530862,-0.017512860756624723,0.018237949205349144,-0.07103763656583596
3229,0.006458,-0.011567016059257489,0.03501412102834687,-0.005129138670988066,-0.024874309084985
3230,0.00646,-0.01970529666412791,-0.09084067689204642,-0.030354059112357622,0.03171724117537746
3231,0.006462,-0.017478083006886948,-0.013936330860036764,-0.06995436561109224,-0.04892513379337686
3232,0.006464,0.035701475357992576,0.018518822419846828,-0.038923170943182935,-0.018917171747196607
3233,0.006466,-0.0008751702899634946,-0.03588383196470268,-0.060124316505408025,-0.0047763116231830695
3234,0.006468,0.017178256865197226,0.01775571959189862,0.026257121566264387,-0.04660671785339471
3235,0.00647,0.0017370572948081657,-0.008053540926873649,-0.002616620564915774,-0.006353449009024119
3236,0.006472,-0.01981344541822547,-0.09053371362646814,0.034854870617120205,0.009899704964252666
3237,0.006474,-0.044528693626095225,0.01419394958978265,-0.013419144210044098,-0.0125691694925319
3238,0.006476,-0.02305243804467098,0.01610791417956794,-0.023994707145485964,-0.032905040582718
3239,0.006478,0.03395234431817987,-0.00536644229300175,-0.0044245916997662366,0.02077392360829996
3240,0.00648,-0.02002760102538529,-0.014044595179406564,0.009171458091685066,-0.04624132807391297
3241,0.006482,0.006632971403046436,-0.022671343775441017,0.025664177773654453,0.01639989980549727
3242,0.006484,0.0124364507092509,-0.04820875945663671,-0.0031018618552145936,-0.035317996812428316
3243,0.006486,-0.0011059170893107867,-0.06945839030669217,-0.04622496805125728,0.035671008265205625
3244,0.006488,0.011071595280196815,-0.010614475424390011,-0.027262299680586678,-0.032527617527612795
3245,0.00649,0.006004672652655772,-0.010308969287770378,0.046399415499518294,-0.0055429116003104986
3246,0.006492,0.001761614767336006,-0.04165510404166113,-0.01082097675531419,0.0053097421520395816
3247,0.006494,-0.011183571336395602,-0.014568856007226969,0.00980728876845969,0.04544469844682968
3248,0.006496,0.00434908110923482,0.034325588504194135,0.018648071325563467,0.03253060124003552
3249,0.006498,-0.01829159770039913,-0.006207824849532055,-0.0060832071229399405,0.016388317096919274
3250,0.0065,0.023772384666355922,0.003751685733356735,0.02630119732127592,-0.016899944309441185
3251,0.006502,0.02656132658697375,0.030474283265576028,0.020324890377739904,0.00402509350443639
3252,0.006504,0.021399699972148994,-0.02682013395715469,0.005950867930806256,0.009015314304753674
3253,0.006506,-0.03988546989454455,0.014237527588185622,-0.03746456177045446,-0.01283754893728293
3254,0.006508,0.0011928287782889534,-0.021922091538984195,0.0024766211586095435,0.0019967097130865977
3255,0.00651,-0.024605449180765227,0.017039233764729926,-0.022924695099186952,0.06863923124204084
3256,0.006512,-0.0032843646999181414,-0.035138824349700976,-0.02953025298641316,0.03442741394094904
3257,0.006514,-0.01227454949155362,-0.040912914234899046,0.025611382413833,-0.012467216633342482
3258,0.006516,0.019602585333580533,0.028066980769683808,0.008233906164256339,0.07187722187055999
3259,0.006518,-0.051742274787996714,-0.02453850225815425,-0.007678500138118718,0.06783520585824364
3260,0.00652,0.053940074103066366,0.038660726021817485,-0.023823718222377305,-0.020325442193112893
3261,0.006522,-0.024856801054213624,-0.02350280664122288,0.04478113821827923,-0.007313013701875312
3262,0.006524,-0.0033449449393182715,0.023231603607702943,-0.04990583922101924,0.0015793746380741726
3263,0.006526,-0.032906151860187624,-0.008832447616749554,-0.017592620818776376,-0.019139422380937708
3264,0.006528,0.006767454201190943,0.006636402071775341,-0.006594617677019552,0.011120530289734688
3265,0.00653,-0.026058436225606475,0.020447576071182822,-0.006185970664728174,-0.01450990686413691
3266,0.006532,-0.02384276435108944,-0.007241923814000451,0.05611917770537767,-0.0018994131030776894
3267,0.006534,-0.03433210608430317,0.027564572003551384,-0.014157853073752624,0.008512770130574115
3268,0.006536,-0.01816981651279734,0.038423199484295095,-0.01772279269937892,0.041935739357326085
3269,0.006538,-0.03147781753586359,-0.00878719157146439,0.04199987357720344,0.005045226743440164
3270,0.00654,0.06814397825416897,-0.008074213477140515,0.007711285588820212,0.05715447816146453
3271,0.006542,-0.04541769650226805,-0.04913250099544613,-0.023865245316282244,0.02440118068419977
3272,0.006544,-0.048295535499958166,0.017911471696860592,0.015801200834666802,0.06043170699605871
3273,0.006546,0.03136454776537117,0.010921507124933276,0.0407739880545888,0.016167118233446
3274,0.006548,-0.013802101638816063,-0.034338173311465846,-0.017080968110792422,-0.0012022162364135297
3275,0.00655,0.0052505521604881145,-0.06405586794260276,-0.006586810047719831,0.0008574530864833434
3276,0.006552,0.016426123346395212,0.04880402647519051,0.005569606063358093,-0.027286886287431544
3277,0.006554,-0.05454238150804416,0.020610328743371452,-0.0260726207843224,0.026005109314840413
3278,0.006556,0.04192260456487706,-0.04632224297937522,0.016616776762768876,0.038778672310180326
3279,0.006558,0.030571179758408455,-0.06289138310731367,-0.025609561343811132,-0.0384054151725127
3280,0.00656,0.015704182654411526,0.01239979870456492,-0.08093675633821876,-0.009024948639835249
3281,0.006562,0.024021594910233205,0.0044392797367236655,0.004388007584995838,-0.01094981060156132
3282,0.006564,-0.03176822823224035,-0.0005116747167145178,0.0015628035370537318,0.018457635609988667
3283,0.006566,0.020894997728863853,0.002575842574897236,0.03284725093754494,-0.011247740044073126
3284,0.006568,-0.043320737096392,0.014311610082546168,0.0037913866316776424,0.014907945470395902
3285,0.00657,-0.03793354044848783,0.05372388265833134,0.021315072409909243,-0.008639906729973782
3286,0.006572,-0.028063594378939363,0.03231460231296746,-0.03305309346191569,0.0678409447437621
3287,0.006574,-0.018396148196979926,0.05161515643816833,-0.00553421355218148,0.04742240126460924
3288,0.006576,-0.02204605520479548,0.0005650913564009982,0.024142479905116993,0.019862314100874676
3289,0.006578,0.03302285500973651,-0.014624163444046939,0.0025442511854943286,0.03745165727994214
3290,0.00658,-0.021157665051568544,0.017176231833552054,-0.006574807193332508,0.0061762231974781595
3291,0.006582,0.0025365064924334504,-0.023648494523548922,-0.00782079576367343,0.004347967562301178
3292,0.006584,-0.0030817199613638654,0.04718207849382717,0.030298666704490836,0.008699414954804897
3293,0.006586,-0.022894385481585067,-0.024720692756938598,0.05921433105841231,-0.03029656308216583
3294,0.006588,0.003415788544515717,0.01082846143046038,-0.009339709544499182,-0.03006611293732078
3295,0.00659,-0.023546899170194608,-0.016395150069120852,-0.02128478607293337,0.039831611795427914
3296,0.006592,-0.0002737798041788625,-0.015714033034428365,0.0032087413160161653,0.020038677158847433
3297,0.006594,-0.010338591181727395,0.027059438855277455,-0.038134403230696765,0.03513910896349241
3298,0.006596,-0.00026857019316662195,-0.0014403705525518522,-0.020790429733945584,-0.036835503915402405
3299,0.006598,-0.050000158074461724,-0.022883300068493585,0.01763019661807057,-0.028838352669139856
3300,0.0066,-0.04645344557172927,-0.027271959325133596,-0.011544999525129454,-0.010365036679870585
3301,0.006602,-0.003866787247282934,0.03097819038155635,0.037477633142744674,0.06016387516167966
3302,0.006604,-0.04874721950095705,-0.025676517610090037,0.02095455471179262,-0.013620936465750752
3303,0.006606,0.02582359409547696,0.006213402903444809,0.047376126301103966,0.031281483417980586
3304,0.006608,0.03183049879676945,-0.012356148260810874,-0.0029238253790481545,-0.009157603727020682
3305,0.00661,-0.04517676430949721,0.04415307766486598,0.022361619265296364,-0.010350813722428132
3306,0.006612,0.039137775223799194,-0.018911029402414663,-0.05514403405365827,0.030221092586808433
3307,0.006614,-0.03835680699347992,-0.005873263968719502,0.006183691223512806,0.011563960342162855
3308,0.006616,0.025452031686113884,0.017425542788025362,0.016496775796860805,-0.02372255346169474
3309,0.006618,0.008827306718029717,-0.04516649910150318,0.04686413095358488,-0.04207694471454671
3310,0.00662,-0.01039319516269034,-0.039566227170803506,-0.02190498857596956,0.00040285246296153037
3311,0.006622,-0.015862742955480055,0.03432738774436865,0.00680703047888389,-0.013887291876857789
3312,0.006624,-0.004007457899221391,0.03659101371167806,0.027266126498533983,-0.03416312682046233
3313,0.006626,-0.020419551424188147,0.014243694560531142,0.010600997580811186,-0.03151144624196288
3314,0.006628,0.022473797679198708,-0.02672622420559188,0.03911480321569025,0.01588347468748864
3315,0.00663,-0.03395773351937164,-0.015872301043902352,-0.01639381843585872,0.004796301639069926
3316,0.006632,-0.0061193069403747136,-0.0343646674014535,-0.04182777438667728,0.01647070003193584
3317,0.006634,0.008587105936924895,0.0031661267161509515,0.008121955768813818,-0.018567574425751052
3318,0.006636,0.005519770733254312,0.07615516694952802,0.03523701362241429,-0.008652253528795116
3319,0.006638,-0.0157011524130372,-0.085813181924747,0.03206082458954094,0.023598160613244382
3320,0.00664,-0.016314839078294775,-0.04295123048631382,-0.03465802329569177,0.013331935874382686
3321,0.006642,-0.002680222009875429,0.020747760528218438,0.0025932941510455007,0.02900276496349453
3322,0.006644,0.011087254211767407,0.024863861404820425,-0.06269050232765812,-0.037030367114923794
3323,0.006646,-0.01093055009662882,0.03238706354700726,0.05641589178203219,-0.004927073471606337
3324,0.006648,-0.018347401916645398,-0.05864905632773409,0.02590691292219492,-0.016505717255834305
3325,0.00665,0.08875004008074465,-0.022182117601035396,0.06315825290581993,0.02245102150762401
3326,0.006652,-0.030847931979641,0.006964313659307597,0.02314141579651399,-0.006757565775497491
3327,0.006654,0.025139481316568957,0.0244787147804598,0.017890155017823938,-0.0004942010414251684
3328,0.006656,-0.0352482026791838,-0.002303561264257004,0.00528193991147529,-0.05628152613113473
3329,0.006658,0.0050770594797403135,-0.0029040379443042996,-0.03889878212354863,-0.009990191720752703
3330,0.00666,-0.009355390405028967,0.05790283600480256,0.006603550385321012,0.031081357539437963
3331,0.006662,-0.003534459134719459,-0.05621749550505251,0.020170255464648703,-0.01974560188762624
3332,0.006664,-0.010068003899637318,-0.03158913747346412,0.0021830359176407957,0.03195535084867356
3333,0.006666,0.027982143254238784,0.04758568523355493,0.051838783738623335,-0.0613762269077467
3334,0.006668,-0.03580861682787396,-0.054245747349796584,0.0189579123116877,-0.020792453513974577
3335,0.00667,-0.01467540995531789,-0.00649792295782366,0.011477120642722546,-0.04455963144019369
3336,0.006672,-0.037765903879022615,3.888619593320407e-05,0.035962378084634025,-0.0007619220975325415
3337,0.006674,-0.023749791191460968,-0.06444626041012909,0.02858026755180837,-0.022077949481714404
3338,0.006676,-0.03442310747255164,-0.05145975679376343,-0.04317302433425896,-0.02883642661361558
3339,0.006678,-0.0071654620858245316,-0.03626225114281971,0.005571241126429119,-0.007393432197543069
3340,0.00668,0.06665976867553582,-0.051133293491779856,0.0048443829093714535,0.005220149671228711
3341,0.006682,-0.03091672211769446,0.0028575719234238198,0.023087830992201467,0.0028947444767349756
3342,0.006684,0.04153388654459513,-0.06533062854286016,-0.025267002384081617,0.04425168141692833
3343,0.006686,0.027360789997915507,0.016215351337988636,0.03699646219558377,-0.0574967363610531
3344,0.006688,0.023868319881684627,0.031931104872582675,-0.019761004985272092,0.07887711353673679
3345,0.00669,0.005890468921861726,-0.06578307127525622,0.011438159938012617,-0.021595800899681966
3346,0.006692,0.034949858217885536,0.016438321001738938,-0.01793766216828573,0.045073557547886875
3347,0.006694,0.028183539179379314,-0.024837599630463045,-0.0045613524168254295,0.015507503722922407
3348,0.006696,-0.010927897883178652,-0.01003198211541765,0.0011017508479345237,-0.03197395752112168
3349,0.006698,-0.06698296015730903,0.007174045869961129,-0.05966699847885557,-0.029791161094341618
3350,0.0067,-0.05314747076845716,-0.04945333343283909,0.012790655223578747,-0.006669244951802201
3351,0.006702,-0.007752013664043705,-0.03947705350872028,-0.019675472665156835,0.011293654776305622
3352,0.006704,-0.0015626179591950184,0.024680221831259556,0.028952760363777436,-0.0075665957477463255
3353,0.006706,-0.055567478577614765,-0.022699346971986487,-0.002930678426180753,-0.023294611560123427
3354,0.006708,-0.03163872634001259,0.002092568526704584,0.07290909308199843,-0.014645641861091255
3355,0.00671,-8.417557475324462e-05,-0.03936107631692966,0.037302031651245404,0.026242291300542692
3356,0.006712,0.024172024183977518,0.04079387433914235,-0.012820240640844218,-0.009072534595368656
3357,0.006714,0.051296355956599496,0.018981843088336753,-0.06657665464032483,0.013644629269110286
3358,0.006716,-0.017450941823087894,0.026945154739699724,0.012245714082605209,-0.05221628292068397
3359,0.006718,0.008064905114864324,0.006318831817548227,0.010903874593943595,0.01726586555739926
3360,0.00672,0.04487897879465194,0.012416669688428953,0.000686953814233935,0.03443902662564674
3361,0.006722,0.06728222170769303,0.027452122625042673,0.006186183804242705,0.012975916493067558
3362,0.006724,0.00768131278194774,0.0005555524581998208,0.06495512494519141,-0.022471601229492974
3363,0.006726,0.03464717484728098,-0.003775708281017212,-0.04441257510416172,-0.005649532307595198
3364,0.006728,-0.016403275012617437,0.01732731955252978,0.0027390066797571225,-0.03066080590943906
3365,0.00673,0.04413023740469146,0.03270402013427173,0.04758166596289204,0.007108939922043489
3366,0.006732,-0.0010719920484207135,0.021106814478558632,-0.01732425062762706,0.003901786641595083
3367,0.006734,-0.005270336979640957,-0.04383102951569762,0.00382366514517217,-0.01322900675229906
3368,0.006736,-0.007276564920549117,0.010913548369498637,0.038175994019598765,-0.02546310271643935
3369,0.006738,-0.01009674645388071,-0.02295248089079432,-0.02490541763396974,-0.017837068309493172
3370,0.00674,-0.005893508484455838,0.017576149706325126,0.009613372943545143,-0.031705709972497484
3371,0.006742,0.03882480971751459,0.028332369194311136,-0.02703556951829111,0.03672332675758681
3372,0.006744,0.009808152377888287,-0.004693659087757392,0.010742401334379365,-0.0007731238687656584
3373,0.006746,0.016352359634442194,0.005619465693935017,-0.010122781568166084,-0.0607748027748415
3374,0.006748,0.015815476218957784,-0.01120965835160201,0.023338398289357385,0.01445025186827161
3375,0.00675,-0.010429926334680277,0.03068964573232005,0.00614524985509713,0.004909285421342617
3376,0.006752,-0.004143320602894269,0.05050667136719393,-0.02139800187286975,-0.009680236123771653
3377,0.006754,-0.037120054352399894,0.021801932319735175,-0.017464470190730205,-0.014101067451789651
3378,0.006756,-0.015508098964715425,0.0018816574818716367,-0.03752278753977438,-0.06729735798306782
3379,0.006758,0.013731121121783157,-0.0634067311861113,0.025624133519321374,0.04675583248605442
3380,0.00676,-0.004926714118050998,0.038984788401614685,-0.0007276925862965758,0.047977234772336105
3381,0.006762,-0.013686535563396324,-0.07094645428293365,-0.0023973523231950607,0.05123889580232216
3382,0.006764,0.016049049178212538,-0.015459696856135317,0.009867035078541952,0.02913374515357658
3383,0.006766,-0.0025684931674341267,0.07879170256027139,-0.015522538695584615,0.030075321661342445
3384,0.006768,0.022858117094453987,-0.020994822740941728,-0.012733208020430185,0.03054295942438094
3385,0.00677,0.0043436366281272365,0.010142151801818182,-0.049079020611130716,0.019679959654863043
3386,0.006772,0.008618905322477034,-0.001917300679234605,0.010826755891772287,-0.012276531213727489
3387,0.006774,-0.017757075116504224,-0.007256565949173295,-0.013926095349548924,0.06541588683129601
3388,0.006776,0.027356121865307687,-0.02905406771915103,0.061088880067825264,-0.012985698343089382
3389,0.006778,0.0008836610239285358,0.026922515847939598,-0.059099656316928456,-0.007110775408229069
3390,0.00678,-0.01720001552901503,0.006152402386324044,0.011101490497963277,-0.0023177809599705433
3391,0.006782,-0.003709418945369637,0.03195394117906335,0.009044577910021143,0.0012427503015582878
3392,0.006784,0.004436117743804176,0.05507666992590655,0.00518021930952318,-0.015433455148971157
3393,0.006786,-0.057269972658331766,-0.04301812122104861,-0.014010776852392829,-0.00325130531862443
3394,0.006788,-0.016668643788307163,0.010534319311374279,-0.01705524133524925,-0.027434678104062905
3395,0.00679,0.018379315060722386,0.041081834906340396,-0.03321502793239643,0.007311475911234354
3396,0.006792,-0.05715013974461454,-0.04423614392181478,-0.017662974839315185,0.0340473129713158
3397,0.006794,-0.02336118089116424,-0.02448301424296648,0.0010826184568334916,0.0011125083344955208
3398,0.006796,-0.02355394418264009,0.05958664701789715,-0.007960901193461193,0.0034075494725423964
3399,0.006798,-0.012053386131313258,0.013199146864535381,0.037048726791123504,0.049909910908637174
3400,0.0068,-0.022867970257916405,0.03302385528903637,0.01649042458653054,0.029236098283802327
3401,0.006802,-0.0027563781807839276,-0.005611223198465415,0.028071439371419805,0.028640775181688612
3402,0.006804,0.046971616915856586,0.00595642666351468,-0.003207438829042708,-0.07379560739982612
3403,0.006806,-0.04833781613986003,-0.011827548155501792,-0.03303176793738646,0.024423916962997387
3404,0.006808,-0.03930062884736861,-0.015039129850508638,-0.013860794794154658,0.03614229250198338
3405,0.00681,-0.018247162470589325,0.013572363541439645,0.0058711838256815035,0.027098654563418385
3406,0.006812,0.025506451563494407,-0.0010032033860863274,-0.050888835378215404,-0.006952226599368878
3407,0.006814,-0.0005986693359645831,0.008580276994583339,-0.022126654356624306,0.03422703355225839
3408,0.006816,0.000408582549449778,-0.02761492043436377,-0.013746835162250406,0.057856279619004906
3409,0.006818,0.019931336788394947,0.03145369666693212,-0.031247609091402423,-0.020664890765514025
3410,0.00682,-0.020442669176437344,0.0055318121276586585,-0.0052200549325667756,-0.014684832337710622
3411,0.006822,-0.01092208777510362,-0.02382105560025209,-0.005395178607042304,0.03339646751501242
3412,0.006824,-0.04539418054649262,0.010394383009056903,0.0414027808463887,-0.005495612956967013
3413,0.006826,-0.015866280874376876,0.027726944578517664,-0.029526656306065307,-0.0006807458981619257
3414,0.006828,-0.03119532301157181,-0.0561030291007284,-0.004559527943843857,-0.0379018518980095
3415,0.00683,-0.00035011539987505523,0.033450888731421186,0.0556276622003887,0.0028058785182962526
3416,0.006832,0.030576474959267977,0.011968879503198998,-0.011493408416251766,-0.05774329061792684
3417,0.006834,0.04879476981246357,-0.03147306567843368,0.04148312734253308,0.01610422887786753
3418,0.006836,-0.02928038355742077,0.009359950854568594,0.06398733183855988,0.04606957742591313
3419,0.006838,-0.015381391684033461,-0.021359422745540462,0.003006241119482158,-0.0049654118690950965
3420,0.00684,0.0359921215692819,0.02218767409265413,-0.05076724804585267,0.013760257662717346
3421,0.006842,-0.005372728826021043,0.0011132440808419965,0.007468290427819767,0.03596187015829805
3422,0.006844,0.029333788906380623,-0.022492282220618866,-0.0017583590306900828,-0.013455641785716352
3423,0.006846,-0.050455379067197936,-0.0032811152280327093,0.05534263282677288,-0.05136130181249241
3424,0.006848,-0.0007218538098020163,-0.0016841443622902564,0.008632064152929594,-0.028881748721817913
3425,0.00685,-0.04275331772399861,-0.04135792970383878,0.039928012749944355,-0.02948057923085571
3426,0.006852,-0.014986865749595188,0.06313897795838921,-0.02202766970329368,0.010271987938527781
3427,0.006854,0.0319143502987652,0.030471605609377287,-0.03994729071131042,-0.021400573431044963
3428,0.006856,0.009070919287559554,0.05787052372149877,-0.022845319759235864,-0.01480838952333231
3429,0.006858,0.012587232642030136,0.018589746820451298,0.020407620129082104,-0.025390675945044006
3430,0.00686,-0.01596144410803216,0.006465035994059057,0.03786933937884844,-0.00715452246355282
3431,0.006862,-0.0006690570025145829,-0.030777853114182283,0.05589680495676727,0.004627888414251295
3432,0.006864,0.032332643386702255,0.0008969162420280172,0.002558011957302363,-0.04500926672556182
3433,0.006866,-0.06452285609077701,0.03755715635507877,0.002341746427872602,0.006192843689598547
3434,0.006868,-0.037471612566012315,-0.027091925333808706,0.03186906003404954,0.052204313125243096
3435,0.00687,-0.018638220413176556,0.020144498650891667,0.005700747980448152,-0.003615868202331769
3436,0.006872,0.055558770605349576,-0.013596049380682559,0.03722137911052457,0.011442699511261461
3437,0.006874,-0.0005066796709445698,0.04116051519099235,0.008704034952690837,-0.0028928258973684234
3438,0.006876,0.04138326518946099,0.03747786761315675,0.03605889963461627,-0.11663413024858992
3439,0.006878,0.013205298772152319,0.006363515792099092,-0.0010458976225645761,0.018293389019180352
3440,0.00688,0.007816706175135836,0.020334222519815443,-0.008038854232649781,0.04494541890529478
3441,0.006882,0.02336832575318478,0.016275797715445205,0.01481115701120591,0.03471843922480691
3442,0.006884,0.030650633608064682,-0.0033831616063886333,0.029709311424698882,0.005221567201261336
3443,0.006886,0.057507803745009856,0.03293183433140896,-0.018768279556850804,0.06992132068350797
3444,0.006888,-0.06306119507969488,0.019120642220071263,-0.020887419883358575,0.05646540881019059
3445,0.00689,0.007584181958858604,-0.023813863952613635,-0.007994841366587499,-0.021417943759967747
3446,0.006892,-0.009173309357102364,-0.009859428476685144,-0.022534676061031635,0.00810191434747872
3447,0.006894,0.011736724902201968,-0.029889191738279017,-0.04974806289131993,0.009328693564487149
3448,0.006896,0.015957616533586013,0.021906502858837013,0.016535231447823834,0.04718150327210969
3449,0.006898,0.029912036607937897,0.08039484589246727,0.09301941590498833,-0.052743077629341405
3450,0.0069,-0.06591415893707536,-0.0002217389354014444,0.015126972896409654,-0.002276550270171669
3451,0.006902,0.021107413381732804,-0.008107262261951256,-0.0208185229024237,-0.016286725795531334
3452,0.006904,-0.0060050510719261195,0.025305370321804483,-0.014602220899974906,-0.008669061087501158
3453,0.006906,0.017106505321330606,-0.005963891926355691,0.03350131651936169,-0.027585186967051836
3454,0.006908,-0.03409091269396461,0.009138871020550277,0.012128653867943892,-0.025948784822502385
3455,0.00691,0.04030786203982277,0.057748104293106776,-0.018835626385221467,0.044619020181935726
3456,0.006912,-0.07146396516002167,0.032283368001540746,-0.025732883133852524,0.029282180459164187
3457,0.006914,-0.028838279578699968,-0.0020546260388038576,-0.024303467896255187,-0.006416420933462425
3458,0.006916,0.054897720867913335,-0.003238133897802184,0.06330904871777508,-0.011574376832785088
3459,0.006918,0.04475294111420406,-0.04877077819538409,-0.008595271661345735,-0.016083299559760723
3460,0.00692,0.04613116802391425,0.005557463581082224,-0.06264249508942486,-0.03930388964170687
3461,0.006922,-0.03037986748138202,0.02802150882336506,0.024150224509688272,-0.009011982988833593
3462,0.006924,-0.016455293808527185,0.021491647225501585,-0.03388569277295882,0.013730069338510585
3463,0.006926,0.011175539906106988,-0.008237687792002943,0.011930338951371465,0.0030628305922405312
3464,0.006928,0.014922584842696209,-0.04002306925440281,0.01843505941586105,0.030798039885068167
3465,0.00693,0.009628542616933345,0.018036475529744998,-0.0032975795222928758,0.026739976987891295
3466,0.006932,0.0019574138393956353,-0.03443823847363831,0.024606484646497808,-0.04902438742523317
3467,0.006934,0.008483392328651492,-0.011526685501409381,-0.013443772491141355,0.0051596624977861575
3468,0.006936,-0.021278645724539826,0.015366180423834967,0.0017038989786600615,-0.01851881854236594
3469,0.006938,0.040145387101389554,0.006143478308984945,0.018924028002734433,0.04249766188483265
3470,0.00694,0.04200535607383117,0.017393563615685642,-0.00907974603029413,-0.04289111362611634
3471,0.006942,0.006200721014392382,0.03283752947452157,0.010629444581798557,-0.10333752149303692
3472,0.006944,0.026101864644794016,0.027944974643272256,-0.00903666581178941,0.02965085025760567
3473,0.006946,0.01883896243180129,-0.02056520376846088,0.038139033486530534,-0.038024307693183414
3474,0.006948,-0.0017173401311680633,-0.004710069383162558,-0.024763144565663427,0.00911381602946895
3475,0.00695,0.03931106698719173,0.037432256155841635,0.021709926442257468,-0.05087767520640886
3476,0.006952,-0.04007856902631358,0.0049850735927630535,-0.0010270512325062336,-0.014942394824949457
3477,0.006954,0.05715969592364496,0.0031758045951342365,0.016272382235724553,0.029636816428453377
3478,0.006956,0.0016487534901737893,0.07773186503737108,-0.028211169073071102,-0.018182147696823664
3479,0.006958,-0.0282847715484752,0.046879748592819105,0.024062576226559405,-0.01632455738155778
3480,0.00696,-0.025916291248643416,0.04154671501807811,0.010850631460165782,0.04231253905849014
3481,0.006962,-0.001804480523446696,0.015346059673007987,0.009006829657320085,-0.018723340031222068
3482,0.006964,-0.0043243247642702765,-0.03552910032895034,0.014823204711817299,0.022837462390405794
3483,0.006966,0.02970483600315959,0.01999634679513017,-0.0038463040950907435,0.046559119352309546
3484,0.006968,0.026769254631886345,0.041656389049713145,0.04353860113411052,-0.0037679896592067263
3485,0.00697,0.011636383706797109,0.02323695550492433,-0.03447425362603275,-0.033809195171363986
3486,0.006972,-0.03897934937985231,-0.003243002655596695,-0.009999511776347938,-0.043070118848857156
3487,0.006974,0.004480746830960328,-0.0028685675014977685,0.03546720510230979,0.06038937237397374
3488,0.006976,0.01369351021242698,-0.020898915640987056,0.019401731320412063,0.00027908769961419066
3489,0.006978,-0.007203757613444949,-0.025848033635394358,-0.01392660117666021,-0.005333730338214824
3490,0.00698,0.024122891764963458,0.015330767412235987,0.05476728428785487,0.020230142215394153
3491,0.006982,0.012728847736870818,-0.009186910964177224,-0.03112388945540132,-0.017096803255594303
3492,0.006984,-0.020995159882857817,-0.07682720453795418,-0.030258953477225143,0.04806629284097919
3493,0.006986,0.011058006388769798,-0.011295715660352892,0.011954394664200625,-0.05860213577188123
3494,0.006988,0.00846293149387272,0.038324767894424495,-0.0036334784126814093,-0.05315968578745705
3495,0.00699,-0.01241821604330091,0.038377859849493594,0.007758889706930071,-0.04254930284380699
3496,0.006992,0.07102887537551612,-0.03761425548735398,-0.007287737448396438,-0.031121580019566105
3497,0.006994,-0.031080060447408034,-0.01356453347205469,0.019084504795382325,0.03871594335658805
3498,0.006996,-0.011585045160973792,-0.03030430662554773,0.014359179499794244,0.015238907367875622
3499,0.006998,0.007211290066603511,0.008272194387201979,-0.0033769933903104476,0.0029445256366764394
3500,0.007,-0.005449533858707125,0.03210731181111367,0.06685378502117631,0.005389594551215775
3501,0.007002,-0.00019716743914082745,0.00767584097070204,-0.019737654029498754,0.02294935113314461
3502,0.007004,0.01323529227243386,-0.012614106241280718,0.027062004571274348,0.0005696930503616177
3503,0.007006,-0.02910169915423126,0.010548133362688799,0.007109775101979788,0.028812544383318744
3504,0.007008,0.024946408502245464,-0.0032767899188628556,-0.014162608092405915,5.231250173397736e-05
3505,0.00701,0.010899266390059684,0.014512631332951475,0.009042366244083536,-0.0027228583041530746
3506,0.007012,0.029904510600696713,-0.0202290568227983,0.07438210356464467,0.022892111404612774
3507,0.007014,-0.03382456209510031,0.0055568799280924655,0.023180505540963937,-0.010481073165591295
3508,0.007016,-0.044854321427301204,-0.03117191824796686,0.01626278833036654,-0.052638494177051146
3509,0.007018,-0.04348033715538067,0.016105042408017783,-0.006676476505404886,-0.020873411688143908
3510,0.00702,-0.014841964419675998,-0.04412441438532959,0.01453360291364836,-0.02419630665052336
3511,0.007022,-0.016072565537516126,0.010403554097615337,-0.007698826063626494,-0.021139599289030083
3512,0.007024,-0.05968315274171786,0.011022775376034442,0.002369789028252052,-0.015521623730501196
3513,0.007026,-0.031121973164005397,0.00038287435960574346,0.014414152815773053,0.002932766439729119
3514,0.007028,0.04914196561476458,0.021143235078150857,-0.003218492690221243,0.022148362682896917
3515,0.00703,0.0014598683517323555,0.0013557826356796223,0.038890913919330666,-0.026941736344215563
3516,0.007032,0.0006992894416487523,0.035691300079488134,0.009269716745246724,-0.011071589561063345
3517,0.007034,-0.051184792961225085,-0.06811040826581127,0.06228543569282244,0.009255354637524348
3518,0.007036,-0.017522194172587862,0.010483706673895225,-0.0284302241491005,-0.009936038321887981
3519,0.007038,-0.028228211789788946,-0.04239820753693513,-0.06314954837513766,-0.047929721766865024
3520,0.00704,0.030638632918123798,-0.029606458836300947,0.016046763354086387,0.02869942169535641
3521,0.007042,0.0004973905562237316,-0.00895701636963212,0.003990687615829912,-0.012498610995723417
3522,0.007044,0.03611727786169891,0.05629601622433478,0.043494354911128665,-0.06454689704320703
3523,0.007046,-0.013110802765803417,0.0001247741634346852,0.013891738812676297,-0.051819436131061436
3524,0.007048,-0.05230330981106897,0.03920369248876177,-0.01677357955829338,-0.04462219015359696
3525,0.00705,-0.03310922423168882,0.011714239299366446,-0.024676430593904893,0.0072487692655215
3526,0.007052,-0.029361820882395112,-0.05232600382152061,0.04273140489663972,0.01194569733866927
3527,0.007054,-0.01001252583714349,-0.015640851650448283,0.04394701107225705,0.017745901365861752
3528,0.007056,0.034404390949072765,-0.017510780324676,0.001519996205387349,0.012065967479895953
3529,0.007058,-0.016502073279415237,-0.0028659632701091967,-0.0175083101964975,0.011971775925066515
3530,0.00706,-0.03964182491551742,0.01715910057741174,0.009321396052287326,-0.006099255855219659
3531,0.007062,0.01348551436956251,-0.010948213911989314,-0.020103922239818602,0.016311784643660343
3532,0.007064,0.017610420154631164,-0.015218107164271025,-0.017791568767291748,-0.005489204512813696
3533,0.007066,-0.016560169584420525,0.04575357329646806,0.009494271425826198,0.00043800700641644715
3534,0.007068,-0.027981749210670866,0.022169683411099213,-0.018348146998332458,-0.0195824193324312
3535,0.00707,0.02317843989229757,0.011619681629756927,-0.07510342827406673,-0.004733122912929273
3536,0.007072,0.0037655886164286007,-0.010187884673434802,0.004810909970694146,-0.054290640087270324
3537,0.007074,-0.08493061798022175,-0.029264047151108124,0.0084674136530145,-0.09674868685562671
3538,0.007076,-0.025306382017185217,-0.0576828290759816,-0.007278725175940433,0.058736977738675485
3539,0.007078,-0.006515279839923051,-0.003225085359926038,0.025176928223646963,0.0006391967343172058
3540,0.00708,-0.00644975310568018,0.027799377724350115,0.014156614515354169,0.00865877284699358
3541,0.007082,-0.004163404577023963,-0.010381941141811906,0.027515126556949866,-0.010093878596375188
3542,0.007084,0.036937586380680384,-0.03141439098867847,0.04301351863517334,0.01416120249265254
3543,0.007086,-0.029056047691560186,0.015269359036569188,-0.019509086949518396,0.0010028416304242644
3544,0.007088,-0.014598814114357537,-0.0039873649239923524,0.028242923814296005,0.015555349564400594
3545,0.00709,-0.033760961753072354,-0.03204289324975316,0.00812326830796,0.010295613806873301
3546,0.007092,-0.020233349381612937,0.04773946448946113,0.024404848118087873,-0.018767290961543823
3547,0.007094,-0.021667659474479788,-0.006834396411397413,-0.00995563233222479,0.037684724811953306
3548,0.007096,0.0295356891898466,0.0010520854050417145,0.020337166826676443,0.02468925679033647
3549,0.007098,0.0017478218479960292,0.012078560381072695,0.017825626622768456,0.01462817170946652
3550,0.0071,-0.023364114854273737,-0.020331292720381863,-0.008657839850581507,-0.021199928371406662
3551,0.007102,-0.04419301717906958,0.02027855882847122,0.010392243806070043,-0.04018099728877638
3552,0.007104,-0.007227501351826093,-0.005528574517578817,0.005458332855298181,-0.032457673459429764
3553,0.007106,-0.040619827079832374,0.015591734881017304,-0.04601886036805868,-0.006979904791639898
3554,0.007108,-0.00978231557274681,-0.00369852954680356,0.007581528635335556,0.047957118534342195
3555,0.00711,-0.047984766017727006,0.026297447481982473,-0.07536473718394131,0.04181133446451955
3556,0.007112,-0.0612860802161147,0.07309183914104374,-0.011693034884314646,0.038711491823191044
3557,0.007114,0.032524680702325934,-0.013094672739132252,-0.010792476545628035,-0.02511476889396828
3558,0.007116,0.02362110499332867,-0.012704043126554038,-0.024569505841522024,0.016118280358684567
3559,0.007118,-0.02691529324217247,-0.009869468752560085,0.0032131759461658024,-0.019272884677838047
3560,0.00712,-0.014746460427598062,0.04604949603418373,-0.006127056008554394,-0.01078880879350837
3561,0.007122,-0.00525375414206166,0.013633649654972019,-0.031015910480215902,0.012816462013751589
3562,0.007124,0.0076746057017772215,-0.053659661522223526,0.05382766810226285,0.04382440682289619
3563,0.007126,-0.024016887982345123,-0.033672796130918496,0.0068415449107572775,-0.042775898634938636
3564,0.007128,0.04092848861106767,-0.014053612072571782,0.0486542078492645,-0.024732101111588013
3565,0.00713,-0.00336606256700161,0.038016378197320976,-0.009697184389164903,0.008162752295272222
3566,0.007132,0.03277976266914039,-0.016681423525024993,-0.037852172716430724,-0.043761317889227346
3567,0.007134,0.01750298248313624,0.011663351609928554,0.03184989519243272,-0.008221341569477708
3568,0.007136,-0.042922117728016275,-0.07058256918844728,0.08603887603055102,0.015807690556125086
3569,0.007138,0.004103752682468821,0.008359192809414492,-0.04294016844697309,-0.023846159728891397
3570,0.00714,0.05229990383973726,0.019750418575566555,-0.022907929728838084,-0.03680445984249717
3571,0.007142,-0.015470823268336993,-0.00946291941668635,0.0614743810754011,-0.0056480212789786505
3572,0.007144,-0.035686553523990375,-0.0017580709083025385,0.00793015405134003,-0.03841639732762114
3573,0.007146,0.01206496603357843,0.0362674785681471,0.004160138497522899,-0.023911954555490392
3574,0.007148,-0.0158661131271045,-0.04976507929985586,-0.004015057023076061,0.009323398704897394
3575,0.00715,-0.026898977545964344,0.058191004530828844,0.023768384863534442,-0.05378332016845327
3576,0.007152,-0.05316787675522673,-0.029520714081114553,0.04719556220277817,0.026727651316570872
3577,0.007154,0.04871136586674861,0.00030627859688264243,-0.006284679838868336,-0.037425284581818714
3578,0.007156,0.010490517747503873,-0.00588504500751062,-0.007040165714455861,0.04854152523158514
3579,0.007158,-0.0037903680859368125,0.03992944332143054,-0.0476422398342784,0.08064336698588766
3580,0.00716,-0.01119811385266108,0.021215520698220778,0.025988187358395365,-0.014920701911263066
3581,0.007162,0.024570902701771608,0.026130095297437154,-0.021394335031373037,-0.021039006725456787
3582,0.007164,0.0013592047045422775,-0.0034648184305600617,0.04179390287548604,0.021080045548352366
3583,0.007166,-0.00211270708389273,0.018182338761230203,-0.061399592333900736,-0.01845932920895225
3584,0.007168,0.008634630249566634,0.03346096505677352,0.005993080039673808,0.04374716999932969
3585,0.00717,0.026038195740757913,-0.014649882722140331,-0.004200919378613079,0.012252650587157143
3586,0.007172,-0.013459066585690913,0.0459387053374978,-0.03326178402876867,0.009483193512731584
3587,0.007174,0.022063404408151712,-0.00940340968383307,-0.016163979979477452,-0.002282438893499966
3588,0.007176,0.02435995538355523,-0.014995439925835614,-0.032067635607278766,0.03451754330979078
3589,0.007178,0.011978894188067628,0.03023572291468552,0.022779951938023214,0.06539667924845895
3590,0.00718,0.03344916106819637,-0.02172238685624462,0.014108039016947484,-0.01672466163130637
3591,0.007182,-0.013623784915135008,-0.04237501201845896,-0.008583395455996162,0.016351028656040992
3592,0.007184,-0.0019806511540122126,-0.032981052097460745,-0.04569057997404944,0.063355378064417
3593,0.007186,0.009754822591244989,-0.02472207508799659,0.01385350379108629,0.0656755823341826
3594,0.007188,0.01861387078937685,-0.08361203607085597,0.07956875063960829,-0.05547739440871133
3595,0.00719,-0.006180358361304963,-0.03400212900098551,-0.0222000632991964,0.008532290549479122
3596,0.007192,-0.06213070526395828,-0.002707367564687674,0.03442027268224083,-0.025297209737626523
3597,0.007194,-0.041708551798264666,-0.004179153064672269,-0.010150244701541274,-0.01785683011003407
3598,0.007196,-0.03565038228352841,0.01557553743558366,0.01785790534325191,-0.031969402033694624
3599,0.007198,-0.027817609338112798,0.004094759820171766,-0.02894914974263001,0.0053598594809036535
3600,0.0072,0.04404139585848187,-0.001794680436849425,-0.036408491023177246,0.011763104919652453
3601,0.007202,-0.005329641885588477,-0.004504711124739419,0.014259686186363665,0.020731122083349776
3602,0.007204,0.0010650649641991358,-0.0018204095012785042,0.06190624471420172,0.03601661996721894
3603,0.007206,0.025006383541955047,0.003936178376405892,-0.030172297076849215,0.03382159157801982
3604,0.007208,0.00432882440154064,-0.017315070414694007,-0.007294213607630838,-0.028985476987144442
3605,0.00721,0.03171987128957586,0.020491112493653575,0.005448973845850531,-0.0012835672087581015
3606,0.007212,-0.020420066317495284,-0.06390217931275562,-0.042387806899802004,-0.022279360185578693
3607,0.007214,-0.02678899146041559,0.008680818738481956,0.02434481225919963,-0.003853176567031062
3608,0.007216,0.042267508053643044,-0.023486931587598913,-0.00406611380244834,-0.0015296153783278784
3609,0.007218,0.03276558986503256,0.003176612462465353,0.004007067436743857,-0.04964529345023764
3610,0.00722,-0.026997201276322647,0.03287856821092749,-0.06226026790791551,0.04028977957291883
3611,0.007222,0.014989934668626916,-0.022425639850912657,-0.024961469292218628,0.056878658995449215
3612,0.007224,0.04234217419438263,-0.003583223146304929,0.004037751883571375,-0.01938544082730817
3613,0.007226,0.004043519334783153,-0.02021711065707886,-0.0023562907252253967,0.05430988139294225
3614,0.007228,-0.002868421396512782,-0.03144065643820881,-0.04099116143954922,0.0038135327209343965
3615,0.00723,-0.02282685463478371,0.007398094259476091,-0.04858509279385639,0.02070750403727646
3616,0.007232,-0.031804946153790155,0.0013889177783201693,-0.010149096523199147,0.05155166886836609
3617,0.007234,0.005144675202885824,0.05836415844343782,0.01682227200187259,0.04276217766937437
3618,0.007236,-0.006263946192687624,0.010365091484709672,0.036559307670568676,0.027148798457521453
3619,0.007238,0.01592979834553707,-0.009838044983631843,-0.004763294814201614,0.034129858548100696
3620,0.00724,0.0403773374619642,-0.017785881878390194,-0.022312769230649093,-0.0271240136481065
3621,0.007242,0.02489101847190467,-0.02788425066187557,0.024528102180652423,0.016370710293630387
3622,0.007244,-0.016352755330973412,0.04691577941553799,-0.0438677672430368,0.0497859779927568
3623,0.007246,0.009566575927364892,-0.06220399069976075,0.0477563890746484,0.02916637512659966
3624,0.007248,-0.01284635050239114,-0.028941616957241893,-0.04707200231515155,0.07246338485431172
3625,0.00725,-0.027701456224855318,-0.03790765686002777,0.008037573730504493,-0.049136804002833455
3626,0.007252,-0.029446451953336682,0.029849075824814053,0.013926317844581391,-0.011591098792181467
3627,0.007254,0.0005492001879413834,-0.013274115906000111,-0.0018599342810711869,-0.022854341476789566
3628,0.007256,-0.01740717958582282,-0.018320344126362985,-0.021775825555672642,0.03131732989249445
3629,0.007258,0.02310352176039159,-0.027970898051728477,-0.03583181377627713,-0.004718299293918476
3630,0.00726,0.06465862794868639,-0.03083115611089643,-0.0048367316911212075,0.0026616124115298634
3631,0.007262,-0.003259265221354494,-0.013746296226584657,0.034652399165956624,0.013633758688303625
3632,0.007264,0.02537415971235226,0.01768139848998992,0.0268184496541796,0.04753217498922189
3633,0.007266,0.03993131900365003,0.06974411878787744,0.036520238442215754,-0.0200834032958252
3634,0.007268,0.025419361254174867,0.02131305536953786,0.05760884715696565,-0.029014755500288675
3635,0.00727,0.016738532441788093,-0.02043211034300873,0.015376353123004042,-0.006442399937991579
3636,0.007272,0.014384064125726653,-0.04231014558244272,0.02379679444667693,0.006181785455583
3637,0.007274,0.00456578645315714,0.05850684899541989,-0.011474501948034701,0.01026796274315945
3638,0.007276,0.0030081209711776513,0.005941174807221979,0.06665411713928336,0.0019142127724124612
3639,0.007278,-0.01701839398464789,0.05612708386341664,-0.009230662963168872,-0.04815534441627165
3640,0.00728,-0.022225311192865534,-0.037397624821285676,-0.05399896398943354,-0.010890450131044033
3641,0.007282,-0.00210647895820297,0.03541583745386719,0.018882048361861952,0.01751502924386
3642,0.007284,-0.02679630015593159,0.02654799785892345,0.041736985091962046,0.01183712674638481
3643,0.007286,0.012675526088937752,-0.03794076899099936,0.03163307422815982,0.05342491646284257
3644,0.007288,0.009688571971405118,-0.017830718351024545,-0.004859845679635282,-0.01261262145037763
3645,0.00729,-0.010813489594808833,0.019439491910821775,0.008383923350110262,0.030118098179141062
3646,0.007292,0.011127076343346625,-0.025922639219345484,-0.015020760715481711,-0.016885232183635704
3647,0.007294,-0.0055941022985535535,0.053841410742437645,0.05864698774942884,0.02509803601339757
3648,0.007296,0.003562913905008541,-0.04084956658513185,0.0066002491719025025,-0.0237002188931116
3649,0.007298,0.0489156568969776,-0.04818317069371468,0.01153452999990352,-0.026227181329511063
3650,0.0073,-0.00028545556450416606,0.019982045709331698,0.03065906066346292,-0.0018207060279474383
3651,0.007302,0.022836496505445864,-0.01987410295836307,0.0073661515431966106,0.03006622243313594
3652,0.007304,0.009962984344199633,-0.01588031089119918,-0.00837127102690297,0.030469681876438174
3653,0.007306,-0.03275533850784472,-0.028329454020223584,0.01804766279435207,-0.013174307836253927
3654,0.007308,-0.043591745890490675,0.04052456001125731,-0.032988008636397226,-0.0059829003995891545
3655,0.00731,-0.01858561931061294,-0.008930504566206624,-0.0265385837295402,0.021428377130803873
3656,0.007312,0.003324705729207347,0.029509607856326746,-0.01827504634625167,0.06399065309847632
3657,0.007314,-0.05713946356511833,-0.04755404723766882,0.05259254543149286,0.014221250023391533
3658,0.007316,0.010241582491682256,0.012938259219540331,0.017136218104513472,0.008993031613018518
3659,0.007318,-0.02897713474875317,0.024545727152183738,0.019820346346146964,0.042852934402194905
3660,0.00732,0.05292723230703496,0.009914282389297866,-0.036826470528965496,0.053175687936064094
3661,0.007322,-0.03054449805008823,0.010138925810171423,-0.00770201779262565,-0.012918760505543782
3662,0.007324,0.02292900364594553,0.007333787978038968,0.015397244738043927,-0.024470588704901108
3663,0.007326,-0.005222248961239811,-0.023086049395221006,-0.00597214763932395,-0.0035628667460222757
3664,0.007328,0.055329125196143886,-0.007781655434062219,-0.06376794973591937,0.04185274611962359
3665,0.00733,0.013477781220780702,-0.00393031303660168,-0.013116461005832847,-0.02840776968170657
3666,0.007332,0.05814144291259476,0.001555346659801099,-0.05213253430444424,0.009832200998557252
3667,0.007334,0.03618515106104522,0.004693040050604917,-0.027047804165859404,-0.029732228580739713
3668,0.007336,-0.02751956783157706,0.045649739911408534,-0.0021499216571047386,-0.0503617324403589
3669,0.007338,0.011524017775333923,0.004231103567206566,-0.013466864006499935,-0.03061220268266433
3670,0.00734,-0.03191684699318626,0.03259901446399015,0.007425385674152927,0.014359309939853524
3671,0.007342,0.007342764287403601,0.009830661147354655,-0.01405183990284723,-0.006174880634423293
3672,0.007344,0.034947354162751285,0.04243770503457337,-0.036662759632792516,-0.00624776499323348
3673,0.007346,0.02517856076980994,0.05646239196647191,0.053458787439922495,-0.023872734448394987
3674,0.007348,0.03825138354617477,0.0017590890632104912,0.03133249916627215,0.0236483604246386
3675,0.00735,-0.037918921276942893,0.01649921869881527,0.03017089773507867,-0.0006046576508349611
3676,0.007352,-0.007389492819198626,-0.04714991735319265,0.020508525496528023,0.00626245103441733
3677,0.007354,-0.027665517441302568,-0.009775199906292,0.004635097473833183,-0.016759073671580114
3678,0.007356,8.031382529673506e-05,-0.05249797941610347,0.04048265090555866,0.00047727854898854
3679,0.007358,-0.032980605194709314,-0.07379126545163048,0.030874048231001767,0.01674274658170926
3680,0.00736,0.006320571404071537,0.025909440037938127,0.025826951888901342,0.005833142101605977
3681,0.007362,-0.00762642651773451,-0.012514247958457736,0.012628260717155983,0.04191094124638048
3682,0.007364,-0.003087095139479125,0.04429432217750166,0.01119457420357236,0.011420729055499845
3683,0.007366,0.07215328401971918,0.04958034648655297,0.050358277331646446,-0.023928409751005738
3684,0.007368,0.06576547506468872,-0.002466503823598701,-0.006824735392605191,-0.06477745240239717
3685,0.00737,0.009788724736614686,-0.03250061874307919,0.012247614856409728,-0.03484695399713075
3686,0.007372,0.05393099513384412,0.016547218886301864,0.06839614727248729,-0.03069072094477538
3687,0.007374,0.046475377341239264,-0.054081372510984806,0.006242264294228823,-0.01894869359825853
3688,0.007376,-0.013438696057510715,-0.015494892537264868,-0.02744148556053987,-0.03779064919952078
3689,0.007378,-0.013272804207944088,0.003480851918606129,0.03491083069878055,0.008860511898631619
3690,0.00738,0.034996206038831586,-0.044345306158713,-0.012989082171262257,0.02133014757409274
3691,0.007382,0.010295722673740747,-0.02583525343977533,0.02802206676497706,-0.015938195458574434
3692,0.007384,-0.023320906841811626,0.01460843281490424,0.000185080960027074,-0.0156873700508583
3693,0.007386,-0.016706055757413147,-0.032093903994200944,-0.011872447381765943,0.03300028306462307
3694,0.007388,0.0073365138896449265,0.028757822423320357,0.015482056130241041,-0.018367386209154582
3695,0.00739,-0.04947423824352729,-0.027805630941113862,-0.02013707433292559,-0.02245748610874979
3696,0.007392,0.02943059780579161,0.029117654005491062,0.06635638920829935,-0.022911635135771564
3697,0.007394,0.04792344918193245,0.0477380161699239,-0.006967912741165917,0.014206661908207041
3698,0.007396,0.03722199747423632,-0.0017677386798678279,-0.004091753316439278,-0.018820122633523558
3699,0.007398,-0.07080115555989089,0.002114148494654372,-0.02129607982360279,-0.03226045870850483
3700,0.0074,0.012665749504329436,-0.04353936722463294,0.02418239673841853,0.014507979457815635
3701,0.007402,-0.012005796350917555,-0.0018993075853337754,-0.035706632824627264,0.022510158100961276
3702,0.007404,0.005620927231537963,0.007855498637686328,0.015056711390193905,-0.019272462416751717
3703,0.007406,-0.04557174824762802,0.028719551247378922,0.02066155240837223,-0.01606076409812803
3704,0.007408,0.012273305973901203,0.0377392031615385,0.03416102409251819,-0.01693676509295987
3705,0.00741,-0.04466283136302754,-0.0395164541879026,-0.009351780388653332,0.04386951399861475
3706,0.007412,-0.021853362364241045,-0.01788983559028066,-0.018507332943549545,-0.015951923888660017
3707,0.007414,-0.0003368053225988179,-0.03840150523655267,0.032530798689808536,-0.004344632340289404
3708,0.007416,0.07437403724176005,-0.035207129956500445,0.047695985154747246,0.0417403619395946
3709,0.007418,-0.012350520265369468,-0.011851818405356028,-0.027638934483896895,-0.02729464275718665
3710,0.00742,-1.8178493245747477e-05,0.0006208795273908321,-0.04807065800823494,0.06880515969977591
3711,0.007422,-0.007785505714891864,0.0019683683165156508,-0.018787123002403257,-0.008010286172755026
3712,0.007424,-0.010736343337326253,-8.791277475781333e-05,-0.00043769731284343634,0.024145990456232107
3713,0.007426,0.006816598112963282,0.021128490611985098,-0.00029432465416303076,0.006937576653176726
3714,0.007428,-0.007239170480498144,0.03009335203012946,0.009678672885477737,-0.00474224563538702
3715,0.00743,-0.005637304036539621,-0.003277180237409911,0.0009133177103109528,-0.0016908330365676117
3716,0.007432,-0.016765249656340797,0.02294701665804783,0.0248422797764451,0.0535157051370224
3717,0.007434,-0.018108891319342835,0.01999316175456317,-0.05727411948848047,0.024871291950656627
3718,0.007436,-0.043697463450215544,-0.02952993310716856,0.009966759870474556,-0.018644971062669366
3719,0.007438,-0.02275060530008731,-0.014544480674950374,0.021888779757555762,-0.027986711892532306
3720,0.00744,-0.0016246459266760738,-0.011359688536180093,0.024596723139870408,0.025437652622485284
3721,0.007442,-0.055058453923083374,0.03135328256292944,-0.01832267719376434,0.007088765957900217
3722,0.007444,-0.028167262211498893,0.011134038081293497,0.07654046860863306,0.0038149668385509916
3723,0.007446,-0.013795431529390705,-0.006964837040266232,-0.044070898717140594,0.04346889858493374
3724,0.007448,0.009386493227898312,-0.0314669371889354,-0.03048954870386259,0.0004584713744647871
3725,0.00745,0.027959861800154612,-0.03452969726210914,0.03340228025601514,-0.002749006558707104
3726,0.007452,-0.027907301550212902,-0.014030712797189334,0.05245661631389129,-0.041646400096360114
3727,0.007454,-0.0219567886783844,0.028577507539047614,0.006493711303609044,-0.02373722454774157
3728,0.007456,0.02894379709094469,0.030368871995075424,0.009941720055542435,-0.018371897627505428
3729,0.007458,-0.013749138595030741,0.008540281958951956,-0.03935787183640139,0.039833546433993366
3730,0.00746,0.051006272660275145,-0.007078645495208122,0.010683134772924202,0.035574061285479776
3731,0.007462,0.05866682515703066,0.046709440064720956,-0.05206612540076378,-0.009466610649825569
3732,0.007464,0.015020647544496571,-0.014826518907057948,0.05348300235121094,0.04888125518407898
3733,0.007466,-0.024477904237761895,-0.004872000597171709,-0.02248662408568911,-0.005853853323185089
3734,0.007468,-0.006762970480001499,0.02862773744240575,-0.026653939912015038,-0.0785024881486729
3735,0.00747,-0.048136292467044595,-0.030849048381201897,-0.01967074766991215,0.005615232018456398
3736,0.007472,-0.032393817165865785,-0.036333017707797954,-0.0278834225295633,-0.03346962003479344
3737,0.007474,-0.016634812328869365,-0.017918621876851965,0.02067170450921432,-0.029685881552088674
3738,0.007476,-0.010727898849893136,-0.016350680397503065,0.024266549281127023,-0.004628378280531125
3739,0.007478,0.03152090170197583,-0.03457110528014427,-0.0014809982530445966,-0.01727673051089797
3740,0.00748,-0.036781382936568116,-0.002025331229551728,0.0519878327470567,-0.025587264087783994
3741,0.007482,-0.0038236494551329913,-0.039366948587776535,-0.043776833157120276,-0.02361756988028703
3742,0.007484,-0.013499490348875421,-0.012167491227934498,-0.006780750452376787,-0.04944997922110109
3743,0.007486,-0.018778386345209168,0.015052754202110248,-0.04074735218683613,-0.010654370845352132
3744,0.007488,0.008785312798142035,-0.023468007660710093,0.010245731884825427,-0.04563378838155093
3745,0.00749,0.02665348718796616,0.010974021992810876,0.0016699621052840162,0.03374454078917522
3746,0.007492,-0.009880471777098445,-0.018535683373857362,0.04117632852291738,0.055222974067043844
3747,0.007494,-0.020803131183532882,-0.003412297113234458,0.03135127629784363,-0.0023443500543231725
3748,0.007496,0.01783765526213951,0.023412107924651475,-0.01686913726669632,0.012578239902007776
3749,0.007498,-0.0001857808352981088,-0.03650605780181287,-0.029689579392852005,-0.01957250773189106
3750,0.0075,0.027855595524078125,0.028840744869399828,0.02249738754964853,0.013203321097968537
3751,0.007502,0.01238478921469319,0.008326813486644902,0.012227911662649023,0.014260877509926072
3752,0.007504,-0.04213266497182143,-0.023707414378327154,-0.03086764873446128,0.033214350229620264
3753,0.007506,0.049623003107508376,-0.06507143761236524,0.04694443835614982,0.0026016412059458867
3754,0.007508,0.030381594574761056,0.015194014637546889,0.04321185160799761,0.006292273000724885
3755,0.00751,-0.0409036337643875,-0.003170246513196299,0.015469681383204174,-0.006478833046030759
3756,0.007512,0.019731951664580118,-0.001970921659213318,-0.0178652795734461,-0.032579351499346224
3757,0.007514,-0.011754461476000334,0.006137149491009821,-0.05878175412767852,-0.023402292321450698
3758,0.007516,-0.059900761343231954,-0.018512245619341193,0.0359194420286167,-0.03558349145186507
3759,0.007518,0.02109479237583988,0.08546475381936959,0.043606143937720485,0.004005401411736354
3760,0.00752,0.025753033673894477,-0.04109048407310375,-0.047202439602316626,0.0008609432723818115
3761,0.007522,0.011958316904052342,0.03283212852747722,-0.017062864242039455,0.005801864530849374
3762,0.007524,0.0047733466965892354,-0.003941823167294011,-0.002174246284020036,-0.025641135079186816
3763,0.007526,0.008391222251548895,0.005851499405852347,-0.013200352978681051,0.019973227980707022
3764,0.007528,0.03083494765296888,0.020321288879263877,-0.03127329960182173,0.0029893730058597493
3765,0.00753,-0.02734294688590357,0.002896642388994997,-0.027226100910597417,0.03831490012064357
3766,0.007532,0.02349994407059526,0.034589679160271676,0.03155166270586489,-0.008117991347209946
3767,0.007534,-0.012768292305822767,0.05225171486100459,-0.004953589505172451,-0.040637419274159974
3768,0.007536,0.030224002009974747,0.00431327004791162,0.04517832371936946,0.007289090339425457
3769,0.007538,-0.0006000446204013916,0.045783624263240695,-0.04615399035110962,-0.01756086913809022
3770,0.00754,-0.02662088915565624,-0.06585239335719853,0.026195292840498093,-0.016722552419488168
3771,0.007542,0.027161041249397243,0.01167259473703812,0.018214273998830525,-0.013661984425219426
3772,0.007544,-0.02292744431955145,0.00269282625659162,0.027575045499245072,-0.0015114601645122578
3773,0.007546,-0.021058089678968776,-0.03597054274195076,0.00612489045971481,-0.01662202604785613
3774,0.007548,-0.002152217621692197,-0.0071633634674597825,-0.013332929240536359,0.008814106822785368
3775,0.00755,0.01663512252432321,0.058958368339523504,0.022739031440535355,0.04781046988422421
3776,0.007552,-0.0245580111420521,-0.04802834312181071,-0.0004329076716047438,0.025740817324472975
3777,0.007554,0.021034851544782886,0.036341447169797245,-0.07609636076955618,0.03758930684652623
3778,0.007556,0.010063878792889213,-0.04632040035375039,0.02170586540186417,0.005084477304988899
3779,0.007558,0.011436878957341523,0.029973274509460846,0.012908261052921472,-0.04418475295409056
3780,0.00756,-0.004290788093487269,-0.04852935512552675,0.01947185641676677,0.04193910724752119
3781,0.007562,-0.03724355887656977,-0.020143912815972307,-0.026471079633665053,-0.013617158158150108
3782,0.007564,0.012372694745966039,-0.013292073663034767,0.01957590518097075,0.03196139310227925
3783,0.007566,0.03305277783987831,-0.03354543286108943,0.041577868334181686,0.04398216854628716
3784,0.007568,0.046580397937115055,-0.004734444591530873,-0.02255527419930833,-0.02952723574440254
3785,0.00757,-0.03305339659724457,0.0003507121999460612,0.025435555694712755,0.03919675322962033
3786,0.007572,-0.014566713490870537,-0.001160648012408665,-0.0031256266020433703,-0.01905840749595417
3787,0.007574,0.022072485892818575,0.010885447398696766,0.004254695253588186,0.010749163175877745
3788,0.007576,0.01846353743872451,0.018163110573911644,-0.02515469868365572,0.02688985646228838
3789,0.007578,0.00766098353041678,-0.013038485849407954,0.007026890743385103,0.010334324301751597
3790,0.00758,0.03245351001492371,-0.03138466885455541,0.03974953060962579,0.0006949906892948243
3791,0.007582,-0.015184597522457958,-0.01610274299571404,-0.030041032750277384,-0.05222744651270229
3792,0.007584,0.02032199641077611,0.05942659201265893,-0.048528460465074454,-0.02851283747791075
3793,0.007586,0.02254749567436,-0.00136910726014269,0.025032577268254474,-0.0030516156944650993
3794,0.007588,-0.017418824977991333,-0.006775263320193934,-0.0714626826676789,-0.034304530369453946
3795,0.00759,0.02844838122656105,0.03575699532536534,0.04218498165276948,0.01322608039344098
3796,0.007592,-0.06768206622858809,-0.01905019587561425,0.03973967029645896,0.0486916271605066
3797,0.007594,0.040879432290217295,-0.007087573943093985,-0.039197275997236956,-0.00121894769875445
3798,0.007596,0.00044421054690787484,0.04696694460274359,0.006833739003666339,0.000500435366423139
3799,0.007598,0.0022048544443037618,0.011995764892880591,0.018793202581847048,-0.021736123020539875
3800,0.0076,-0.03172861183876706,0.04111675564214095,-0.049231238833070505,0.04913242377614317
3801,0.007602,-0.05732036091761099,-0.017536233984930632,0.029155619117503414,1.0256672348206252e-05
3802,0.007604,-0.039494304112855226,0.012792844623779883,0.0020101302540144333,-0.006481448653259335
3803,0.007606,-0.018717668723487235,-0.0010381799859180058,-0.017457648358570662,0.07303598006547475
3804,0.007608,-0.007200514554503185,-0.011212708614573314,-0.016249084364633667,0.0533085252851458
3805,0.00761,-0.049172006336867,0.010782972656982531,-0.007178699156292139,-0.04270200313926036
3806,0.007612,-0.024572289835893484,0.009508619817174983,-0.025931796589682633,0.007786917846601287
3807,0.007614,0.051874596860590545,0.005118020316520064,-0.04360537435573487,-0.025403887855406693
3808,0.007616,-0.008562172162357867,-0.010567053569839769,0.004560415353477548,0.009373288262342004
3809,0.007618,0.05191583865356576,-0.00011158995263681225,-0.0345658334062773,0.034614183907457005
3810,0.00762,0.03789073730343071,0.006973292820179079,-0.007391831856268853,0.01867639207647184
3811,0.007622,-0.0063323944103859005,-0.061671267863324525,0.016904228489174004,0.02676754430923733
3812,0.007624,0.04323261691137988,-0.021922753288576947,0.006784959475838198,0.007433986735589483
3813,0.007626,0.002561476791114437,0.0034456811485864603,0.0011140804613089838,0.006352482047484497
3814,0.007628,0.022220431019860595,0.036608625737529474,-0.022689972620809143,-0.005169040643645472
3815,0.00763,-0.012678243596629718,-0.016970170716001754,-0.04848094245918078,0.0007266736755888642
3816,0.007632,0.014379611086358641,-0.004652992556966162,-0.00026873689191255905,0.012553107837273942
3817,0.007634,0.042333590854908947,-0.012592935885691079,-0.035148363430016684,-0.002713204409808422
3818,0.007636,0.05650683790109836,-0.03482701675285164,0.01950407086740852,0.03473739687855342
3819,0.007638,-0.07096602658182781,0.012306675708254555,0.01810231911219285,-0.008020056041395626
3820,0.00764,-0.019393156832691515,-0.017719870575719412,-0.009857054876268641,-0.009062880950633305
3821,0.007642,-0.01472331128270302,-0.010334257580473372,0.03572375471539884,-0.03643286336745404
3822,0.007644,-0.05247175269814771,0.036203553217029456,-0.005760532780217465,-0.011646968774476076
3823,0.007646,-0.0033365137119800705,0.006278301023373804,-0.01572153681355097,0.015177933829419088
3824,0.007648,-0.02886787721426689,-0.009054785335475582,-0.06644088765854257,0.03516711404591325
3825,0.00765,-0.0052826308967888844,0.020103122752114753,0.014297237527987497,0.01649441341113966
3826,0.007652,-0.00023326585723039205,0.011646821782175243,-0.028838532378358327,-0.03513535668689197
3827,0.007654,-0.0030331780051576444,-0.02039329141187297,0.04276392519748279,0.011254332879213302
3828,0.007656,-0.021494441703616175,-0.008146213155167406,0.003990197459642986,-0.0020400886844675076
3829,0.007658,0.008152380988027947,0.00205963633386924,-0.0417197024541024,-0.06452713702511732
3830,0.00766,-0.011208271346759729,0.016814781152950715,-0.010871071036907366,0.037096923402156756
3831,0.007662,-0.0014066009789669611,0.04071588192755936,0.03455710317792916,0.03153860595523401
3832,0.007664,-0.036105349026210015,0.0005142200391960512,0.036683204624469425,0.00817034174274115
3833,0.007666,0.016630797149969036,-0.04163661915346865,0.057563697918242014,-0.02374123207696249
3834,0.007668,-0.0598327542525059,-0.010533772134752003,-0.073424515545632,-0.032553754343735
3835,0.00767,0.07675535499313337,-0.011401223325096594,-0.04283361503939372,0.0007589365969835263
3836,0.007672,-0.026934112350959254,0.025935575990217903,-0.02668634338158121,0.008122011304054766
3837,0.007674,-0.03441177110617377,0.0779708443437166,0.015108711600819428,-0.004365173924474023
3838,0.007676,-0.008788747518938555,-0.016607999497480926,-0.02282740439422553,-0.023651901785435588
3839,0.007678,0.05034986551385855,-0.016578418731637155,-0.06388256719915263,-0.03497903162639683
3840,0.00768,0.027831738599974128,-0.007569721697740105,-0.00402244800409113,0.03509443354257278
3841,0.007682,-0.023314997675169095,0.01897253166392712,-0.020036494493627773,0.01727629910257001
3842,0.007684,-0.011734057523089758,-0.007246475245670709,0.024604009725338317,0.022440744230474985
3843,0.007686,-0.004962839562137543,-0.014148710099843562,0.047974427534449623,0.01767992434493906
3844,0.007688,-0.011734254259736551,-0.019592530898692652,0.030746925208264185,0.00346200258159478
3845,0.00769,-0.0049065898537825866,0.0034492552668778133,0.010133906239109744,-0.0017006744229231476
3846,0.007692,0.03611060600528983,0.037780154286359606,0.015956643576053982,0.04124156971486882
3847,0.007694,0.00025490304414666154,0.02070993015013846,0.030133689566158244,0.0305711484004983
3848,0.007696,0.027479974432150316,0.018935675822450537,0.058713843469142574,-0.01619087355796473
3849,0.007698,-0.004656623626806319,-0.006435314299504025,-0.011042014342914283,-0.05966316130244809
3850,0.0077,0.041245944171247426,-0.030781213771388323,0.005094447262382916,-0.0426558353302466
3851,0.007702,0.01862147192159215,-0.023561881078205938,-0.03407885772327173,0.005830303934451188
3852,0.007704,-0.021022037414478865,-0.017224772882591187,0.0051536884559886175,0.02399968360903252
3853,0.007706,-0.024552014636151347,-0.02973577421974499,0.0007045100004682467,0.01617757740774247
3854,0.007708,0.04388265575581875,-0.03213988794881104,-0.00953901303811142,0.03527358075225763
3855,0.00771,0.05919283608416156,-0.029792729979262623,-0.022164357594199498,0.011433002838295792
3856,0.007712,-0.01733229426579262,-0.022776952635298577,0.007334118191067214,0.046482598612193324
3857,0.007714,-0.039284468852981584,0.044950023233385386,-0.017243076557486643,0.010373757637745958
3858,0.007716,0.047725521633055816,0.009759707769063358,-0.008924731445975647,0.021545268680842177
3859,0.007718,-0.005194986069973214,0.01564053148783843,-0.0061404299513345825,0.025834586909671154
3860,0.00772,-0.041826950776506486,-0.030405648722810277,-0.04226785274603838,-0.0016928828758901878
3861,0.007722,-0.04588614656429311,-0.020754947252004576,-0.033225258137064236,0.04439028688616472
3862,0.007724,-0.02972041056527517,-0.03859637108770027,0.007450156012973085,0.050604634636849805
3863,0.007726,-0.0034820123773705498,-0.001161579194311925,0.038722723832354276,0.026346880146493383
3864,0.007728,0.012762449538356774,-0.0174702218520058,0.013678737188598385,-0.04082352286058061
3865,0.00773,-0.018710266481777937,0.04294387952865748,0.03905978054223365,0.013124540980061276
3866,0.007732,-0.05788061164129975,-0.0362466458394945,-0.02038417285842206,-0.005150970940161515
3867,0.007734,-0.03751233451517889,-0.007389411707466955,0.05301885714466067,0.012025076305760184
3868,0.007736,0.006564798868831093,-0.03052666257055464,-0.04916954360137521,-0.03684589276629115
3869,0.007738,-0.050381674441230304,0.002251057867245273,0.011516574132220776,-0.028958698584580396
3870,0.00774,0.0044375801972744225,0.044069814486968506,0.05873092027041711,0.023112310522476552
3871,0.007742,-0.005245215118750302,0.022143127316287665,0.040554299510338836,-0.060216844133716765
3872,0.007744,0.04446207113389248,-0.016337604617791875,-0.016048888648124707,-0.010647839177577535
3873,0.007746,0.009602524163272657,-0.03333762761096299,-0.008544421040728545,0.01575831619493672
3874,0.007748,0.006557137478219782,0.011424435430844076,-0.00971906137143688,0.020811298573879734
3875,0.00775,0.03169248366008567,0.02989317936488134,0.012828306985294073,0.02816677826171037
3876,0.007752,0.02613181752344192,0.0802952372005244,0.03654201210146125,-0.0026623240990584435
3877,0.007754,-0.027350378620406086,-0.00783420764277332,-0.009953545667999383,0.015342677031776034
3878,0.007756,-0.021007687355678976,0.03576531514561211,-0.04168689017685887,-0.048975754089492486
3879,0.007758,-0.00405348023776047,-0.025276771475865347,-0.037747015619528895,-0.019112098650145275
3880,0.00776,-0.022844574872367684,0.000304029937026571,-0.018614123649427838,-0.016174030747502174
3881,0.007762,-0.00014597154663878743,0.030427247122062732,0.044122363964663715,0.004433026874521938
3882,0.007764,0.006766293563115607,-0.00549561051887523,0.014437458601772354,0.011706580817524166
3883,0.007766,0.039775430492652364,-0.05666113887466287,-0.007034932311366232,0.010175696073829312
3884,0.007768,-0.0007885187262633386,-0.02817519096288336,-0.038981000377214324,0.024189672780865857
3885,0.00777,-0.022707775511892445,-0.052647014745168065,0.025697185800296944,0.013769487013381963
3886,0.007772,-0.0034762229237470608,-0.027436547782830858,-0.0034032433011148173,0.03646762801557615
3887,0.007774,-0.048440978580863985,-0.046919328502187815,-0.018832959687372315,-0.0007993106037961513
3888,0.007776,-0.014888756936513415,0.01928449725501058,0.03266501833345042,0.008363063238224035
3889,0.007778,0.01681297031268313,0.008162986560710172,0.00028524272745954367,-0.03880676099444085
3890,0.00778,-0.030839751228078843,-0.040527554309157804,-0.004455143848832516,0.006968340937631169
3891,0.007782,-0.04347787154344129,0.002177851413060228,-0.026256489847806264,-0.03207598030610577
3892,0.007784,-0.018760482496821267,-0.03361429495035139,0.01819977353877859,-0.0050401325414678256
3893,0.007786,0.024456421709627637,-0.01330489056318809,-0.012170581856510567,0.05620147922440366
3894,0.007788,-0.04869181415041017,0.03853443730259098,0.04963572112937481,0.022974524887844985
3895,0.00779,-0.00991411408113073,0.042807062152192245,-0.009652840796699967,-0.021173567571321637
3896,0.007792,-0.011648050325749913,-0.017105812173556136,-0.02839869374758746,0.03330023502326894
3897,0.007794,-0.023203450578653508,-0.0008894096676411897,-0.04331315668196412,0.0009243204524757521
3898,0.007796,-0.03467778132668218,-0.03541457468775699,-0.003278637302882485,0.03170916795542805
3899,0.007798,0.013212410632193887,0.015273611583982777,-0.003897515399370226,-0.010069207954515526
3900,0.0078,0.02373421915482707,-0.01689531486962407,0.025033024633430875,0.037078408168021784
3901,0.007802,-0.025241603489273314,-0.020833364868996233,-0.01637086519243813,-0.04400887877260239
3902,0.007804,-0.014082081949015732,0.03904349211658516,-0.03136726627006043,0.03975588325961846
3903,0.007806,-0.013003333738592316,0.0634210691130826,-0.020454391959462827,-0.004319458494664791
3904,0.007808,-0.027305491955771994,-0.020631023207574786,0.04014537500575173,0.014236100554169396
3905,0.00781,0.03086453337532348,-0.039467679029700976,0.01964485359473745,-0.029143299501614133
3906,0.007812,-0.04011955539098558,0.007162984165606676,0.006856150002342402,0.0016003735889745093
3907,0.007814,0.021526752378829964,0.026206989529010308,0.044091880175811025,-0.03571028994917506
3908,0.007816,0.04506048736350674,0.05646934469086729,-0.010986900493561035,-0.050054750492195293
3909,0.007818,-0.04150496739207354,-0.013855541428011353,0.06042424770922266,0.0005124000060953625
3910,0.00782,-0.01851552350255439,-0.020562067750718907,-0.03968166975017374,0.0262372808904117
3911,0.007822,-0.0027620623415725346,0.06299488529287298,0.018846281892793512,0.024898089481718105
3912,0.007824,-0.007263144922280339,-0.03273091014520464,-0.026207429409875405,-0.04107740831667245
3913,0.007826,0.027311841594542727,-0.011547455617376592,0.028575016187761988,0.004077432069226907
3914,0.007828,-0.008784550673113378,-0.03508808504905649,0.009048981988880331,-0.00655899049340385
3915,0.00783,0.027065517838662637,-0.021462320276267956,0.018483233204911083,0.04922545248667611
3916,0.007832,0.00817667743979159,0.023558743582256438,0.01715670738532738,0.05694274453552565
3917,0.007834,0.011146812650814863,0.0209987655520653,-0.0010882808554787003,-0.023231656070482772
3918,0.007836,-0.03624527057043507,0.038007721969100246,-0.0302507811402762,0.022375934993502964
3919,0.007838,0.01248049891151285,0.027533560346871946,-0.015441360677496557,-0.023721897434496316
3920,0.00784,0.011351155142992727,-0.008770250196225397,-0.03693085009818835,0.058155766270210386
3921,0.007842,-0.023742244978876358,-0.029808981359550433,-0.0072640730453813265,0.037585757074737415
3922,0.007844,-0.0650020512937085,0.035096508437263474,-0.02734420504368909,0.007935757203247629
3923,0.007846,-0.020280208851714013,0.05975750562006018,0.003738602599270544,-0.02124274651023708
3924,0.007848,-0.009032739655130715,0.0026891122470506226,0.00533029823286602,0.013162874505639622
3925,0.00785,-4.213823046944792e-05,-0.041314872498261476,-0.010208030127049825,0.018199751245225753
3926,0.007852,-0.020096484191370025,0.020183438390951325,0.0009515439887343083,-0.006532204702994694
3927,0.007854,0.03582431677618777,-0.05214394333152844,-0.020259626947939483,0.03697286129036327
3928,0.007856,0.05490147489460603,0.068579774540151,0.001510665910149116,0.013736921388466288
3929,0.007858,0.02452283481707001,0.038252258164748525,0.009392758040242838,0.027784467703382002
3930,0.00786,0.013793214013335659,0.015666718257251293,-0.027551077107002397,-0.009876411581286718
3931,0.007862,-0.015683075942334587,-0.03566686360735565,-0.04954815672632746,-0.012708824957764453
3932,0.007864,-0.007916469793087789,0.0031511122808352606,0.016672135225204218,0.005643667308174665
3933,0.007866,-0.007707335325917289,-0.027453789473306248,0.026312072925036536,-0.003054666518682038
3934,0.007868,-0.013013693850207285,-0.005593628472398077,-0.02198233042064123,-0.015920217702333195
3935,0.00787,-0.016873749398705642,-0.008620122540014059,0.019672648704542696,0.012213362056218242
3936,0.007872,0.04640212221842352,0.036351872763360264,0.058692653197037266,0.01677475439012488
3937,0.007874,0.016293156671205917,-0.014622473329114071,0.024780446924864953,-0.01968350790129268
3938,0.007876,-0.04411366573144735,0.04578970176743264,-0.037475447838980144,0.013165553687867955
3939,0.007878,-0.026409941185000868,0.033800028683755014,0.037888499573120876,0.01587533422269558
3940,0.00788,0.037390941284285974,0.0002201122749336894,0.0670252404247815,0.022384957004787223
3941,0.007882,-0.027016546788710797,0.002088201262324169,-0.004575060786452041,-0.007512721753129827
3942,0.007884,-0.04971417683697621,0.011605936333303802,-0.041572589368216575,-0.0757622184156715
3943,0.007886,-0.010320409233699127,-0.02267680960176713,-0.025846110379066596,-0.09309287851096563
3944,0.007888,-0.025525286278591453,-0.00520925595518107,-0.01902461820288281,0.011620310287599944
3945,0.00789,0.04177981945426688,0.015491023207655254,0.030791828823059555,0.03327380068945345
3946,0.007892,-0.030565823012001378,0.013173440780585847,0.02985472060096398,-0.013078814341454378
3947,0.007894,-0.023718799500908737,0.01591219377649329,-0.04444886615363037,-0.03264013749198879
3948,0.007896,-0.020002690427503,0.01351542639392125,0.006567375646669933,0.030971126386563953
3949,0.007898,-0.02765610163090256,-0.029264189138025247,0.015717359062489927,-0.023960007123211068
3950,0.0079,-0.018105117464832628,-0.05570294517755246,0.008725380042407624,0.04623871415448504
3951,0.007902,-0.0308786674890114,0.030651108351603402,-0.0017819574296985387,-0.05296243915230093
3952,0.007904,-0.026841805668843845,-0.028694019984113157,-0.00949583355421879,0.012585428653401128
3953,0.007906,0.05546768511724294,-0.04293437384755459,-0.014543321907599643,-0.02687942558732134
3954,0.007908,-0.03803938384467892,0.002863430598286965,4.439973560542101e-05,-0.05441407041248606
3955,0.00791,0.0005445158383639547,-0.03616187978733417,0.0003548315740492714,0.038084894796182704
3956,0.007912,0.013892038832278169,0.0053255128322126965,-0.015862972722101607,0.0020060295253432345
3957,0.007914,0.016897626667424462,0.01392499028425229,-0.002976562914406317,0.0065212897181674695
3958,0.007916,-0.0394968546012624,-0.02203010324333213,0.021226792576379577,0.025260988541226232
3959,0.007918,0.00280795772518086,0.04436897203095455,0.015240582493841007,-0.006993825535891938
3960,0.00792,-0.03659258259121672,0.04316199750086744,0.023109523714637318,0.053949342687915534
3961,0.007922,0.06500542366511747,-0.03860820920348282,-0.03853001232381556,-0.08589599737707201
3962,0.007924,0.027550864110892685,0.019694480624627968,0.0029333700037753956,-0.03678399693130203
3963,0.007926,-0.0026710106737431456,0.005541164850231169,0.023481770006375087,0.00818960743395858
3964,0.007928,0.019914038849734993,-0.0037239260974214505,0.035444456817757555,0.018951902323303252
3965,0.00793,-0.03560799212102473,0.04167661102968725,0.036767145681454096,0.013964242111588253
3966,0.007932,0.008421531149623948,0.04975834706634976,-0.048999385988162225,0.037236735721789524
3967,0.007934,-0.014286200957230528,0.032855323392311564,0.0036112754150712887,-0.03728778070224714
3968,0.007936,-0.01489559430107074,0.03065187219497896,-0.006306236439596199,-0.018644562441543153
3969,0.007938,-0.01884516173385061,0.019267422667013714,0.0525190509041989,-0.06422650111908845
3970,0.00794,0.08402053342029861,0.0061123868692839435,0.017406724058964814,-0.013087852414422186
3971,0.007942,-0.00010545374570480942,0.005775390363933232,-0.03147287977011106,-0.024170443147725883
3972,0.007944,0.0355370262267376,-0.04657040536077664,0.013231173099406215,-0.011115507281075533
3973,0.007946,-0.028821214484267263,0.059157955559082015,-0.028635076837843138,-0.03390305999203414
3974,0.007948,-0.005609181105616086,-0.02305675902306304,0.00019141970983645957,0.004661978899541711
3975,0.00795,0.007039741969047796,-0.0037167254173068997,-0.021064851092766755,0.019302091280379914
3976,0.007952,-0.003350782995124322,-0.014868519361649356,0.04439981097292566,-0.0036393588117435327
3977,0.007954,0.032759598044897725,0.03680515341328172,0.038630185062773784,0.020734734243333018
3978,0.007956,-1.9004906272941102e-05,-0.0019212507195307698,-0.007323603554498662,-0.06500687010039377
3979,0.007958,0.021564204172435868,0.007333966991552372,0.024765727986258822,-0.003510046544158917
3980,0.00796,0.01994475485860576,-0.04132521188584333,-0.0350779682778471,-0.07428634799164145
3981,0.007962,-0.004030475874948785,-0.023175767633358005,-0.027101456255112597,0.010039571338959235
3982,0.007964,-0.012765215825928855,-0.042992730204109875,0.07634300318256293,-0.0011103186146422758
3983,0.007966,-0.03249489158807088,-0.02009506382799149,-0.005194289070276116,-0.0052573788677160215
3984,0.007968,0.03906492819137628,-0.0023828987289662303,0.055656245156047564,-0.012972688320363175
3985,0.00797,0.01279308120779677,0.03065940582983491,0.03585456914135035,0.03935616652286439
3986,0.007972,-0.008160352226404037,-0.00016467780824757898,-0.07438267699691026,-0.005880301158016822
3987,0.007974,0.03273762533789945,0.02690509439567648,-0.002594613630302442,0.050974183287898725
3988,0.007976,-0.01152015853034421,-0.021484194720596983,-0.014044852056791074,-0.03367395074508346
3989,0.007978,0.018671850951106097,0.008654454348258272,0.018299383391191547,-0.012431134557936341
3990,0.00798,-0.001742189380177607,-0.06535256170226722,0.011286766539331413,0.0029652436517894824
3991,0.007982,-0.03301582984480394,-0.0031397259625979223,-0.007735479062105013,0.052929358050224765
3992,0.007984,-0.03183380904383413,0.009942785366001067,-0.03272305058035082,-0.01673620332210811
3993,0.007986,0.008304568610766908,-0.006340889725893347,-0.00017972568640669013,0.00998166324695909
3994,0.007988,-0.014810687135956735,0.026524396044463192,-0.009164392297128149,-0.0029266638465771508
3995,0.00799,0.010839338237635669,0.0068100060349450455,0.01932683773628558,0.009508932044541155
3996,0.007992,0.014070919846685237,-0.009761175424954251,-0.03206313294256562,-0.04282916708258581
3997,0.007994,-0.05012130442926899,0.05288180153187827,-0.06638320232682376,0.03581170496931307
3998,0.007996,-0.024626070338924194,0.035593229163594135,-0.06607620083746349,-0.007052817056498477
3999,0.007998,0.04362073209075804,0.02139628690426745,-0.010117963820723752,-0.05828931904585445
